age,gender,branch,degree,semester,cgpa,backlogs,attendance_percentage,programming_score,dsa_score,sql_score,web_dev_score,ml_score,cloud_score,aptitude_score,coding_test_score,communication_score,leadership_score,teamwork_score,interview_score,number_of_projects,project_quality_score,number_of_certifications,internship_experience,internship_count,hackathons_attended,github_contributions,resume_score,technical_skill_avg,soft_skill_avg,academic_score_index,experience_score,overall_readiness_index
22,Male,Computer Science,B.Tech,8,5.18,0,84.8,56.1,43.4,61.8,66.1,55.5,46.4,60.8,47.9,80.8,84.6,62.5,65.3,1,31.0,1,0,0,0,13,52.4,54.88,73.3,61.7,23.3,55.87
22,Female,Information Technology,B.Tech,8,7.59,0,66.6,50.6,56.9,65.6,61.6,48.0,66.3,75.0,53.9,67.5,42.8,70.4,76.4,2,46.4,2,0,0,0,148,66.1,58.17,64.28,73.11,41.92,61.44
21,Male,Information Technology,B.Tech,8,7.82,0,95.0,70.6,57.2,76.7,49.4,28.5,80.0,89.3,54.4,71.2,67.5,67.6,70.5,2,62.6,1,1,1,0,57,59.2,60.4,69.2,83.24,68.78,70.27
21,Male,Information Technology,B.Tech,8,6.85,0,85.8,60.3,68.8,52.6,68.0,57.6,49.1,74.9,64.8,70.0,67.8,67.7,79.9,2,50.8,2,0,0,1,16,49.4,59.4,71.35,73.69,47.24,64.25
22,Male,Computer Science,B.Tech,8,7.42,0,75.4,72.4,56.6,72.9,48.2,45.8,66.2,65.7,59.0,43.1,95.0,76.7,52.3,5,81.6,1,0,0,1,285,69.8,60.35,66.78,74.56,74.48,68.02
23,Male,Information Technology,B.Tech,8,6.05,0,64.2,62.9,49.1,75.4,81.4,59.6,63.3,77.2,54.7,81.4,82.1,83.5,70.4,2,53.4,0,0,0,2,14,51.9,65.28,79.35,61.61,40.02,63.2
22,Male,Computer Science,B.Tech,8,6.98,0,70.1,68.0,69.1,84.7,66.6,42.5,71.5,72.1,74.5,92.8,70.1,86.8,81.3,1,38.9,2,0,0,1,21,62.8,67.07,82.75,69.89,35.67,66.34
22,Female,Information Technology,B.Tech,8,7.37,0,76.0,61.9,61.6,67.6,74.6,49.8,43.3,63.4,68.7,66.6,81.2,77.8,70.5,2,51.0,2,1,1,0,33,87.0,59.8,74.03,74.39,71.3,68.75
21,Female,Electronics,B.Tech,8,8.36,0,62.3,68.0,54.8,70.9,93.7,41.1,57.8,97.0,53.3,71.7,62.2,72.7,63.4,2,46.3,1,0,0,0,279,56.2,64.38,67.5,77.21,35.89,64.58
21,Female,Computer Science,B.Tech,8,7.54,1,81.6,61.3,55.0,68.0,69.2,51.0,38.9,63.0,46.4,90.3,54.6,54.8,68.0,2,51.0,1,0,0,0,34,48.4,57.23,66.92,67.26,37.3,59.19
22,Male,Electronics,B.Tech,8,7.6,0,89.4,82.5,75.1,79.4,49.0,45.3,78.5,69.0,77.6,67.3,57.2,91.6,61.7,1,35.7,0,0,0,0,221,54.2,68.3,69.45,80.02,18.71,64.61
22,Male,Information Technology,B.Tech,8,6.31,3,93.7,55.7,49.5,66.4,66.3,66.5,31.3,70.5,48.0,73.0,84.6,60.2,63.0,0,20.0,0,1,1,0,17,66.1,55.95,70.2,42.28,34.0,51.41
21,Male,Computer Science,B.Tech,8,4.99,0,85.5,36.2,37.0,39.0,74.7,61.6,57.5,67.3,39.3,78.4,64.7,72.6,73.3,1,27.5,2,0,0,1,80,53.2,51.0,72.25,60.58,32.25,55.31
21,Male,Information Technology,B.Tech,8,6.11,0,64.6,39.8,43.8,58.4,65.9,39.2,31.0,79.1,36.5,48.8,84.7,56.9,56.0,0,21.1,1,0,0,1,100,35.5,46.35,61.6,62.15,16.33,49.64
21,Female,Information Technology,B.Tech,8,7.54,0,79.5,70.8,71.2,73.3,82.3,80.1,67.1,98.0,64.5,70.2,90.9,78.8,81.8,1,27.8,1,1,3,0,17,70.2,74.13,80.43,76.63,66.34,74.97
23,Female,Computer Science,B.Tech,8,8.07,0,86.2,71.1,68.8,87.0,49.1,54.9,33.9,83.3,67.1,82.2,45.5,82.3,79.1,5,98.0,1,1,1,0,122,80.8,60.8,72.28,82.35,100.0,75.44
21,Female,Information Technology,B.Tech,8,8.11,0,80.4,70.1,73.1,83.9,64.7,40.0,62.2,75.7,74.6,75.8,38.3,76.6,73.6,0,20.0,3,0,0,1,1,63.9,65.67,66.07,80.89,28.0,64.67
21,Female,Electronics,B.Tech,8,7.89,2,71.9,62.7,68.1,72.1,57.4,58.8,31.1,54.3,61.6,30.0,69.4,66.2,42.5,2,48.4,1,1,1,0,2,87.8,58.37,52.03,56.8,64.52,57.55
21,Male,Civil,B.Tech,8,7.46,1,98.0,74.9,65.3,79.7,67.9,73.2,46.1,72.1,64.3,74.7,59.5,77.6,65.9,1,35.9,4,1,2,3,80,95.9,67.85,69.42,71.62,90.77,72.73
22,Female,Computer Science,B.Tech,8,6.63,0,89.1,55.8,58.1,55.5,19.8,86.5,74.6,78.4,54.5,85.6,48.8,82.9,80.2,1,53.6,3,1,2,0,75,88.5,58.38,74.38,73.14,78.08,68.96
22,Male,Computer Science,B.Tech,8,7.6,3,88.9,42.9,46.2,64.8,81.2,52.8,73.0,82.4,54.7,61.4,65.8,75.1,62.2,3,68.3,0,0,0,0,109,71.6,60.15,66.12,49.87,44.49,55.91
22,Female,Electronics,B.Tech,8,6.23,0,77.5,54.9,47.5,46.3,59.4,67.2,76.8,50.7,45.2,78.3,41.8,82.6,61.0,3,48.7,2,1,1,1,287,77.6,58.68,65.92,66.86,82.61,66.17
22,Female,Computer Science,B.Tech,8,6.56,0,74.3,42.6,41.1,45.8,32.0,62.6,39.6,68.6,38.5,70.9,75.6,52.2,56.2,1,36.9,0,0,0,1,39,51.5,43.95,63.72,68.21,23.07,52.05
23,Female,Computer Science,B.Tech,8,6.01,3,81.4,61.3,75.1,57.0,74.9,98.0,43.0,55.6,76.6,69.6,62.5,91.7,60.8,4,90.6,4,0,0,0,11,77.0,68.22,71.15,36.49,83.18,61.53
22,Male,Electronics,B.Tech,8,4.5,0,74.8,37.8,30.1,51.2,72.3,23.1,70.0,57.1,27.8,,52.2,77.5,47.9,1,42.0,1,0,0,0,8,46.7,47.42,59.2,53.94,26.6,48.61
21,Female,Computer Science,B.Tech,8,7.45,0,86.8,70.2,60.8,71.5,75.5,42.9,46.7,59.1,59.1,74.8,70.1,79.9,66.3,2,43.1,2,1,1,1,234,83.0,61.27,72.77,78.19,72.93,70.4
20,Male,Computer Science,B.Tech,8,7.56,0,92.2,81.3,85.7,71.0,55.0,60.2,45.8,67.2,78.6,72.6,76.1,86.8,80.3,1,47.6,0,1,2,1,115,72.2,66.5,78.95,80.58,62.28,72.58
21,Male,Information Technology,B.Tech,8,4.9,2,79.3,44.7,35.7,47.9,77.4,29.3,39.1,54.6,39.0,44.5,66.0,76.7,40.8,3,46.4,0,1,1,0,8,68.3,45.68,57.0,38.09,65.92,48.7
22,Female,Electronics,B.Tech,8,7.22,1,89.4,64.4,61.8,68.4,63.2,64.6,56.0,59.5,69.9,61.9,78.7,72.6,60.5,2,46.8,4,1,2,0,21,91.1,63.07,68.42,67.36,90.04,69.47
21,Female,Electronics,B.Tech,8,9.54,1,95.2,68.4,70.4,83.0,87.2,71.6,69.4,65.7,66.9,70.8,39.2,71.8,58.3,2,29.8,3,1,1,0,131,97.5,75.0,60.03,85.34,70.94,74.5
21,Male,Information Technology,B.Tech,8,8.96,0,77.3,52.7,63.4,72.7,80.0,45.7,65.2,66.2,64.4,78.3,78.0,64.2,69.4,1,58.2,2,1,2,3,2,77.9,63.28,72.47,85.91,85.46,75.23
22,Male,Electronics,B.Tech,8,7.07,0,78.0,71.7,65.1,72.5,66.7,50.1,32.7,84.8,72.9,63.9,53.3,64.4,69.9,3,61.0,2,1,3,0,206,87.0,59.8,62.88,72.89,98.3,70.12
21,Male,Computer Science,B.Tech,8,7.55,0,72.2,58.9,55.4,67.0,63.0,10.0,80.6,68.6,59.8,50.1,87.9,83.1,57.6,4,98.0,0,1,1,0,23,82.5,55.82,69.68,74.51,89.4,69.24
20,Female,Computer Science,B.Tech,8,7.78,0,67.9,75.3,56.7,85.7,58.8,62.1,48.3,53.0,63.3,79.6,80.5,64.0,64.2,2,49.4,0,1,1,0,112,73.0,64.48,72.08,74.83,58.82,68.26
21,Female,Computer Science,B.Tech,8,8.56,0,81.7,37.4,72.0,74.3,59.3,32.4,32.7,68.6,53.3,90.4,60.0,85.0,84.3,2,44.8,3,1,1,0,21,84.3,51.35,79.92,84.43,75.44,70.6
22,Male,Mechanical,B.Tech,8,8.81,0,83.4,66.1,57.9,49.9,43.2,66.3,34.1,52.6,58.4,68.8,54.9,61.6,58.2,3,73.3,1,1,1,0,135,91.3,52.92,60.88,86.69,79.99,68.7
22,Male,Mechanical,B.Tech,8,5.03,0,57.1,48.5,64.5,68.8,35.1,65.6,63.1,81.2,52.5,68.6,65.9,59.7,64.2,0,21.0,1,1,1,3,35,55.7,57.6,64.6,52.34,52.3,56.63
22,Male,Civil,B.Tech,8,8.77,2,76.8,77.2,70.2,72.4,94.2,58.0,56.5,69.7,78.8,69.5,57.2,44.5,73.1,2,51.4,1,1,1,0,178,88.1,71.42,61.08,64.43,65.42,66.36
20,Male,Electronics,B.Tech,8,8.44,0,81.9,66.2,72.5,61.0,22.7,50.3,47.4,64.7,74.9,58.8,45.8,68.7,64.6,1,40.5,1,0,0,0,32,64.7,53.35,59.48,83.65,26.15,59.59
21,Male,Electronics,B.Tech,8,6.34,0,90.7,49.7,47.6,63.0,57.2,67.1,74.4,59.6,49.4,51.8,80.9,77.6,45.6,3,68.5,3,0,0,0,5,74.4,59.83,63.97,71.59,62.55,64.59
22,Female,Information Technology,B.Tech,8,7.02,0,85.1,61.6,65.9,71.8,32.7,58.5,48.3,48.9,57.3,57.5,31.0,47.9,59.3,3,57.5,0,1,1,0,155,83.7,56.47,48.92,74.67,69.25,62.34
22,Male,Information Technology,B.Tech,8,4.8,0,83.7,25.0,34.3,45.7,81.7,61.3,43.9,63.9,31.1,87.5,83.7,61.5,71.0,2,67.2,3,0,0,0,27,55.1,48.65,75.92,58.71,54.16,57.95
23,Male,Information Technology,B.Tech,8,7.85,0,97.3,65.0,81.7,96.4,58.5,44.9,34.6,76.3,69.2,87.7,51.7,64.7,76.2,2,64.0,1,1,1,0,63,77.8,63.52,70.08,84.14,69.2,71.87
21,Female,Mechanical,B.Tech,8,7.8,0,83.7,65.8,64.8,68.2,27.0,49.7,30.7,61.5,61.5,44.8,46.4,79.3,48.4,1,21.0,1,1,1,3,192,86.8,51.03,54.72,79.71,60.3,61.76
21,Male,Information Technology,B.Tech,8,6.77,0,85.9,54.2,63.5,63.9,56.3,62.8,69.9,59.8,60.5,82.2,92.1,64.0,66.0,2,49.4,2,1,1,1,11,92.5,61.77,76.08,73.16,74.82,70.01
23,Male,Computer Science,B.Tech,8,7.63,3,86.5,55.8,52.1,55.5,89.7,50.1,50.2,76.3,56.8,56.4,75.3,72.4,55.5,4,65.1,2,1,2,1,86,96.6,58.9,64.9,49.36,100.0,63.4
23,Female,Electrical,B.Tech,8,5.64,0,95.6,34.5,31.6,46.4,82.6,49.5,51.1,97.8,27.7,74.3,75.6,70.9,73.1,3,50.9,0,1,1,1,281,72.6,49.28,73.47,68.16,71.27,63.08
20,Female,Computer Science,B.Tech,8,7.3,1,98.0,51.7,55.2,50.9,85.3,32.6,78.0,51.2,52.6,98.0,69.6,78.1,68.2,2,53.1,1,1,1,0,274,71.4,58.95,78.47,70.5,65.93,67.37
22,Female,Computer Science,B.Tech,8,7.62,1,92.4,62.7,57.7,73.1,70.2,48.0,40.0,82.1,61.7,75.8,63.1,71.4,71.3,2,20.0,2,0,0,1,108,57.2,58.62,70.4,71.06,38.0,61.62
21,Female,Electrical,B.Tech,8,7.01,0,73.8,43.0,45.5,60.8,59.0,40.5,36.0,93.5,47.0,73.2,73.0,61.3,68.1,0,27.8,1,1,1,0,200,50.9,47.47,68.9,71.21,42.34,58.11
21,Male,Computer Science,B.Tech,8,6.31,0,80.4,56.9,41.8,51.4,69.4,43.1,58.1,51.8,46.7,71.7,71.1,70.0,66.0,1,42.1,2,0,0,1,90,55.7,53.45,69.7,68.29,36.63,58.63
22,Female,Electrical,B.Tech,8,7.95,0,93.9,58.7,48.0,57.8,70.2,54.3,45.8,63.4,58.0,57.9,53.5,58.7,59.5,2,38.9,4,1,1,3,16,94.6,55.8,57.4,83.82,91.67,69.91
20,Male,Electronics,B.Tech,8,8.15,0,94.5,72.2,62.1,77.1,68.6,45.4,77.6,79.5,65.9,61.1,69.5,71.1,71.1,3,70.0,0,0,0,2,48,65.1,67.17,68.2,85.4,53.0,70.72
21,Male,Information Technology,B.Tech,8,6.35,0,82.0,55.1,54.1,59.6,67.8,66.7,42.3,66.9,53.5,61.6,62.9,57.7,58.7,3,50.3,1,1,1,1,118,84.8,57.6,60.22,69.05,77.09,64.48
20,Female,Electronics,B.Tech,8,6.79,0,81.0,73.0,63.8,80.8,64.9,26.7,41.3,75.0,75.9,96.3,44.1,69.3,86.4,2,60.0,2,1,2,1,450,73.5,58.42,74.03,71.83,86.0,69.7
20,Female,Information Technology,B.Tech,8,6.88,2,91.0,50.3,50.6,68.3,54.1,84.0,93.4,90.0,54.7,80.8,72.7,73.6,77.4,2,49.7,0,0,0,0,230,56.3,66.78,76.12,55.46,30.91,59.87
21,Female,Information Technology,B.Tech,8,5.34,0,93.2,52.0,45.0,57.1,54.7,66.6,43.9,60.4,49.9,71.9,45.0,59.5,61.6,0,40.5,2,0,0,0,63,55.3,53.22,59.5,65.34,24.15,53.75
23,Male,Electrical,B.Tech,8,9.9,2,76.0,85.6,75.7,82.7,67.6,53.7,34.9,78.1,83.0,64.9,44.3,58.5,65.8,1,31.4,2,1,1,0,151,96.7,66.7,58.38,72.1,57.42,65.26
22,Male,Computer Science,B.Tech,8,4.98,0,71.4,40.9,47.4,53.3,88.5,58.1,59.9,76.4,49.1,65.4,45.1,86.6,60.0,2,48.5,1,0,0,0,26,45.2,58.02,64.28,56.28,36.55,55.53
21,Female,Computer Science,B.Tech,8,5.5,0,76.0,55.7,56.6,60.5,48.5,45.1,46.7,69.3,58.2,77.9,86.1,51.9,66.0,3,61.2,0,0,0,2,22,46.0,52.18,70.47,61.3,50.36,58.3
20,Male,Electrical,B.Tech,8,5.28,3,82.1,48.2,45.1,58.1,69.8,38.6,52.7,74.1,47.8,62.1,55.2,92.2,56.1,2,59.1,0,1,1,0,155,76.0,52.08,66.4,31.59,61.73,50.24
22,Female,Civil,B.Tech,8,5.06,0,94.1,47.9,46.0,64.7,57.6,76.0,75.8,73.8,50.3,75.9,72.7,80.2,68.5,1,25.9,1,1,1,0,143,58.0,61.33,74.32,63.65,49.77,62.89
22,Male,Electronics,B.Tech,8,7.03,0,98.0,42.6,59.9,41.1,84.7,45.2,61.5,59.1,54.9,67.6,55.2,81.3,64.1,5,90.0,2,1,1,3,37,95.2,55.83,67.05,78.61,100.0,71.53
21,Male,Computer Science,B.Tech,8,7.18,0,89.3,53.3,60.0,67.7,52.2,76.4,42.7,71.8,62.3,48.1,43.9,68.8,63.6,4,70.0,2,0,0,0,156,65.8,58.72,56.1,77.05,65.0,64.64
20,Female,Information Technology,B.Tech,8,6.4,0,85.7,54.1,57.7,61.9,93.5,32.8,10.0,53.9,56.8,75.3,74.9,64.0,59.4,2,51.6,0,1,1,0,118,83.8,51.67,68.4,70.51,59.48,61.84
21,Female,Information Technology,B.Tech,8,6.76,0,87.7,64.6,53.1,83.5,37.8,80.5,82.8,54.8,55.3,80.4,42.3,68.9,67.6,3,74.1,0,0,0,0,34,65.7,67.05,64.8,73.63,46.23,65.45
20,Male,Information Technology,B.Tech,8,9.9,0,82.1,96.5,97.0,88.7,54.5,43.8,40.8,86.0,96.5,73.3,38.0,89.4,74.8,3,66.4,0,1,1,0,56,97.1,70.22,68.88,93.93,71.92,77.32
22,Male,Information Technology,B.Tech,8,8.95,2,74.7,70.2,69.0,68.6,40.0,72.8,59.0,67.7,71.8,88.1,83.2,59.5,80.9,1,46.9,0,1,1,0,15,90.4,63.27,77.93,65.06,50.07,64.76
21,Male,Information Technology,B.Tech,8,7.24,0,67.5,62.2,65.9,56.7,65.2,50.3,50.6,66.5,66.2,68.6,44.1,68.1,69.3,2,39.5,0,0,0,0,145,59.1,58.48,62.52,70.93,27.85,58.43
21,Male,Information Technology,B.Tech,8,8.16,0,62.0,74.9,79.4,73.4,66.7,78.1,83.9,83.5,84.0,43.4,74.8,76.2,65.3,2,51.0,2,1,1,1,143,79.0,76.07,64.92,75.72,75.3,73.62
20,Female,Computer Science,B.Tech,8,6.15,0,76.7,31.6,48.5,35.1,58.6,11.4,45.3,53.9,36.4,58.6,70.0,69.9,49.0,2,52.2,1,0,0,3,6,57.7,38.42,61.88,66.06,49.66,53.09
20,Male,Electronics,B.Tech,8,7.84,0,80.2,77.1,75.2,74.2,47.8,81.4,55.4,51.6,78.6,51.4,61.0,65.3,58.1,2,50.5,1,1,1,1,69,83.2,68.52,58.95,78.94,69.15,69.83
21,Female,Computer Science,B.Tech,8,6.06,0,76.4,62.0,57.3,63.2,58.8,29.6,70.6,97.2,46.9,98.0,81.5,79.2,82.6,2,50.9,4,0,0,3,35,74.3,56.92,85.32,65.34,67.27,66.68
20,Male,Electrical,B.Tech,8,8.41,1,69.2,71.6,73.1,78.3,86.3,47.1,56.1,65.1,80.3,59.8,74.3,53.8,71.2,2,60.2,0,1,1,0,62,74.1,68.75,64.77,69.63,62.06,67.21
22,Male,Electronics,B.Tech,8,8.51,0,62.3,51.4,56.6,74.7,59.7,68.0,59.0,51.9,46.9,76.2,76.1,80.8,54.7,1,26.2,1,1,2,0,5,81.6,61.57,71.95,78.26,57.86,68.1
23,Male,Computer Science,B.Tech,8,7.13,0,94.6,79.0,84.0,78.3,52.6,88.3,11.5,73.3,86.8,87.2,62.2,71.8,88.7,5,92.7,2,1,1,0,7,98.0,65.62,77.47,78.29,100.0,76.95
20,Female,Civil,B.Tech,8,8.19,1,79.8,68.2,74.3,63.2,72.8,46.7,66.6,59.9,71.4,70.8,60.1,72.0,69.2,2,37.7,4,1,1,3,21,98.0,65.3,68.03,71.27,91.31,71.54
22,Male,Information Technology,B.Tech,8,8.69,1,78.6,74.2,68.9,53.5,42.8,51.3,53.4,45.7,66.5,86.1,65.3,67.6,71.3,2,54.6,0,1,2,2,33,71.1,57.35,72.57,74.41,76.38,68.37
21,Female,Civil,B.Tech,8,5.36,0,85.1,41.5,33.3,47.6,52.6,81.4,57.5,72.8,29.2,68.5,48.5,66.3,53.4,1,30.6,1,0,0,2,177,39.5,52.32,59.18,63.05,31.18,53.74
22,Male,Computer Science,B.Tech,8,8.09,0,74.0,68.7,62.1,78.9,95.0,52.2,47.4,30.0,63.0,62.6,63.2,59.4,52.0,4,73.6,2,0,0,2,342,85.7,67.38,59.3,78.83,74.08,70.2
22,Male,Electronics,B.Tech,8,8.1,2,80.0,75.7,69.3,80.3,68.6,45.1,44.7,79.8,72.6,44.5,62.0,67.4,55.6,4,82.5,0,1,2,0,130,97.1,63.95,57.38,60.7,92.75,65.98
20,Female,Computer Science,B.Tech,8,8.03,1,88.3,58.7,76.9,80.6,40.9,71.3,30.6,89.2,69.0,80.8,47.5,70.3,86.6,1,46.2,3,1,1,1,19,89.3,59.83,71.3,72.7,71.86,67.79
21,Male,Information Technology,B.Tech,8,8.22,0,75.7,68.8,66.7,77.4,50.8,64.6,64.0,52.0,69.6,72.4,52.0,74.1,65.4,3,49.3,1,1,2,0,50,94.7,65.38,65.97,80.25,80.79,72.27
21,Male,Computer Science,B.Tech,8,6.28,3,98.0,57.2,42.1,81.8,55.7,63.7,42.1,57.8,49.9,93.1,62.2,64.5,63.5,4,81.3,1,1,1,1,46,80.1,57.1,70.82,43.36,94.39,61.32
21,Female,Computer Science,B.Tech,8,5.63,0,95.5,61.1,53.6,63.5,90.5,69.8,68.4,62.3,68.2,62.2,62.3,74.0,63.0,2,38.5,3,1,1,0,37,68.5,67.82,65.38,68.06,73.55,68.26
21,Male,Computer Science,B.Tech,8,7.39,0,81.7,69.9,63.9,74.3,81.7,68.3,51.6,73.4,68.5,54.7,64.9,66.9,57.9,0,20.0,3,0,0,1,11,72.6,68.28,61.1,76.24,28.0,63.19
24,Male,Computer Science,B.Tech,8,8.64,3,89.8,60.8,63.4,81.6,51.5,68.3,41.2,72.6,62.9,72.3,92.0,62.7,70.3,1,38.9,1,0,0,2,20,75.8,61.13,74.32,57.42,33.67,58.54
21,Male,Information Technology,B.Tech,8,5.96,2,74.3,32.4,35.9,40.2,65.8,63.3,43.6,52.1,31.9,76.5,61.1,71.7,45.1,1,44.6,3,0,0,0,63,51.0,46.87,63.6,44.01,39.38,48.23
21,Male,Information Technology,B.Tech,8,5.72,1,75.5,43.3,46.5,50.4,56.0,76.9,44.6,55.1,44.7,59.1,81.4,48.9,59.2,1,35.8,0,0,0,1,8,39.6,52.95,62.15,52.69,22.74,50.18
22,Male,Computer Science,B.Tech,8,8.09,0,98.0,69.8,61.4,64.0,52.2,50.0,54.4,78.3,61.0,57.4,55.0,74.5,72.3,1,29.8,0,0,0,3,80,61.1,58.63,64.8,86.03,28.94,63.63
22,Male,Mechanical,B.Tech,8,5.7,0,91.5,30.6,34.8,29.8,46.2,55.7,48.8,86.9,35.8,65.1,75.6,79.2,69.7,2,65.9,1,0,0,0,65,53.8,40.98,72.4,67.35,41.77,55.29
21,Female,Information Technology,B.Tech,8,6.4,0,75.5,56.7,43.6,49.2,54.2,48.7,52.5,66.7,53.8,74.0,47.8,78.0,69.3,1,33.7,2,0,0,2,2,54.8,50.82,67.28,67.45,38.11,57.19
22,Male,Mechanical,B.Tech,8,5.35,3,81.6,48.9,45.1,54.1,42.3,82.9,15.4,91.2,43.7,,76.7,58.0,63.5,5,83.5,1,1,2,3,116,98.0,48.12,66.07,31.93,100.0,54.64
22,Female,Information Technology,B.Tech,8,6.92,4,95.0,66.1,60.2,70.1,54.2,45.4,39.6,82.7,60.6,75.7,70.5,64.9,80.3,3,81.8,3,0,0,2,88,65.1,55.93,72.85,36.94,74.54,56.41
22,Female,Information Technology,B.Tech,8,6.6,0,56.3,57.3,70.4,56.3,86.5,57.1,38.5,65.6,65.2,71.9,81.0,58.2,63.9,2,42.6,0,1,1,0,47,64.7,61.02,68.75,63.09,56.78,62.55
21,Female,Mechanical,B.Tech,8,7.09,0,77.3,63.1,71.7,76.1,44.9,57.8,71.9,76.4,67.4,83.8,53.9,70.4,73.9,3,56.0,0,1,1,0,126,82.0,64.25,70.5,72.82,68.8,68.75
22,Male,Mechanical,B.Tech,8,6.02,1,85.8,63.5,54.6,52.8,72.1,65.2,59.0,66.7,53.4,74.2,66.3,72.2,71.9,3,56.7,1,0,0,2,43,65.6,61.2,71.15,57.88,55.01,61.27
22,Male,Computer Science,B.Tech,8,8.2,0,83.8,57.2,58.6,63.0,57.6,41.6,42.9,67.5,56.7,84.4,55.0,75.5,82.7,2,41.2,4,1,1,1,353,98.0,53.48,74.4,82.54,84.36,71.01
21,Male,Mechanical,B.Tech,8,8.46,1,76.1,67.1,81.4,79.8,62.3,53.0,40.4,66.5,77.5,52.5,50.7,62.5,77.2,3,57.4,0,0,0,1,94,74.0,64.0,60.72,72.05,45.22,62.94
20,Male,Computer Science,B.Tech,8,6.5,0,78.4,54.0,49.9,54.9,53.5,58.6,63.0,72.9,49.0,67.7,68.9,67.4,70.9,4,74.3,1,1,1,0,450,75.9,55.65,68.73,69.02,88.29,67.17
21,Male,Civil,B.Tech,8,6.66,0,80.3,58.0,49.1,54.7,58.3,84.2,37.8,64.9,47.5,49.1,58.4,67.2,55.0,1,42.7,2,1,1,2,47,73.5,57.02,57.42,70.71,68.81,62.98
20,Female,Electronics,B.Tech,8,7.25,0,68.9,68.9,58.0,69.2,78.5,49.9,66.2,83.7,58.8,62.6,90.3,52.5,70.8,2,36.8,3,1,1,0,70,69.4,65.12,69.05,71.42,73.04,68.98
20,Male,Civil,B.Tech,8,7.53,2,67.8,75.8,74.3,75.5,59.3,60.2,77.5,76.4,71.1,66.3,69.7,77.0,70.3,2,46.6,1,0,0,0,73,67.4,70.43,70.82,53.05,35.98,60.13
20,Male,Computer Science,B.Tech,8,5.25,1,79.4,32.3,26.5,34.7,52.6,88.1,73.3,59.3,23.0,54.5,63.0,85.4,40.8,0,20.0,2,0,0,3,94,37.4,51.25,60.92,50.57,30.0,49.79
22,Male,Computer Science,B.Tech,8,7.95,0,77.4,65.1,57.0,75.0,54.6,54.4,59.4,54.3,67.1,76.4,71.3,71.3,60.0,2,43.5,1,0,0,1,125,63.9,60.92,69.75,78.87,39.05,64.79
22,Female,Computer Science,B.Tech,8,6.84,0,91.5,75.7,75.0,75.9,74.4,52.0,59.8,58.1,62.3,74.0,54.9,68.0,72.1,1,25.7,1,0,0,1,22,57.6,68.8,67.25,75.33,25.71,63.99
21,Male,Computer Science,B.Tech,8,9.24,0,77.2,81.9,76.6,90.9,72.3,62.3,63.3,57.9,74.4,67.2,65.5,83.4,68.0,4,96.0,2,0,0,0,63,90.8,74.55,71.03,87.84,72.8,77.57
21,Male,Information Technology,B.Tech,8,6.27,0,79.2,52.6,55.4,48.2,69.6,48.0,51.3,83.4,55.8,60.9,67.9,83.8,67.4,4,85.8,0,0,0,3,81,51.5,54.18,70.0,67.65,69.74,63.72
23,Male,Electronics,B.Tech,8,8.07,0,88.5,72.7,60.5,51.7,70.1,91.2,84.4,80.1,58.2,62.3,41.6,78.2,71.9,3,56.5,1,1,1,2,104,83.7,71.77,63.5,83.04,82.95,75.17
21,Female,Computer Science,B.Tech,8,8.34,0,77.2,62.2,57.0,65.2,64.2,58.7,49.5,95.8,53.3,70.0,48.8,66.0,77.0,3,59.5,0,1,1,0,117,98.0,59.47,65.45,81.54,69.85,68.84
21,Female,Electrical,B.Tech,8,7.56,0,75.3,56.7,49.7,57.8,66.4,41.0,48.6,60.4,49.8,50.7,54.5,83.4,47.8,1,44.2,0,1,1,3,19,67.6,53.37,59.1,75.51,61.26,62.34
21,Male,Computer Science,B.Tech,8,6.58,3,85.8,56.4,47.8,59.0,82.0,37.5,75.3,69.3,45.4,65.8,73.4,70.9,61.1,3,51.6,0,0,0,0,242,64.8,59.67,67.8,41.8,39.48,52.91
22,Male,Computer Science,B.Tech,8,8.38,0,82.7,90.5,68.9,90.2,50.5,62.5,35.5,43.8,83.2,89.8,58.6,55.0,68.3,2,41.8,1,1,2,0,159,78.1,66.35,67.92,83.47,70.54,72.43
24,Male,Information Technology,B.Tech,8,6.62,0,77.1,59.0,61.2,64.1,73.5,22.7,39.8,76.1,66.9,94.1,94.8,64.6,79.4,3,50.4,0,0,0,3,10,71.2,53.38,83.22,69.47,51.12,63.84
22,Female,Information Technology,B.Tech,8,7.97,0,98.0,60.0,58.8,61.1,71.5,71.8,29.8,72.1,62.7,59.5,68.1,88.3,56.4,1,51.0,1,1,1,1,114,92.3,58.83,68.07,85.19,61.3,68.96
22,Male,Information Technology,B.Tech,8,6.65,0,98.0,50.2,50.6,69.5,63.3,82.2,42.3,82.4,51.5,81.2,67.2,67.1,73.1,3,83.3,1,0,0,2,136,68.7,59.68,72.15,75.95,62.99,67.55
21,Female,Information Technology,B.Tech,8,6.85,0,80.2,73.1,73.4,74.9,64.9,82.9,41.2,58.7,73.6,71.2,72.7,75.4,60.5,2,46.9,1,0,0,2,226,60.4,68.4,69.95,72.01,44.07,66.14
24,Female,Electrical,B.Tech,8,6.77,0,61.5,53.7,52.8,71.2,36.5,29.4,39.1,84.7,53.7,59.8,61.9,66.8,56.4,1,51.5,0,0,0,2,98,55.5,47.12,61.22,65.84,31.45,53.21
23,Male,Computer Science,B.Tech,8,7.62,1,78.6,66.9,61.6,59.6,70.6,64.1,46.8,46.4,65.1,66.4,62.5,79.7,52.0,2,33.2,1,0,0,2,9,63.7,61.6,65.15,66.92,39.96,60.66
23,Male,Computer Science,B.Tech,8,7.31,0,87.1,70.3,65.8,77.5,57.7,73.5,49.0,68.8,67.2,65.4,57.5,56.1,59.0,4,71.2,0,1,1,0,14,83.7,65.63,59.5,77.3,81.36,70.26
21,Male,Mechanical,B.Tech,8,7.21,0,90.8,59.7,53.1,48.4,59.8,56.3,73.2,41.7,56.3,65.3,52.5,73.6,64.1,3,56.1,1,1,1,2,184,77.3,58.42,63.87,77.71,82.83,68.96
22,Female,Computer Science,B.Tech,8,7.04,0,90.6,54.2,70.8,74.1,58.1,34.7,42.0,70.7,70.8,66.1,52.5,70.2,65.9,2,47.1,2,0,0,0,197,57.7,55.65,63.68,76.46,42.13,61.47
21,Female,Electrical,B.Tech,8,,2,91.2,49.2,66.6,65.1,49.7,78.1,52.6,56.1,57.6,85.0,58.6,75.3,70.7,1,41.5,1,0,0,2,92,67.7,60.22,72.4,57.69,34.45,58.03
20,Female,Computer Science,B.Tech,8,6.87,0,82.1,60.0,33.0,57.9,25.7,40.1,10.0,77.7,41.7,84.5,85.8,76.6,69.8,4,68.8,2,0,0,1,304,89.9,37.78,79.18,72.72,68.64,61.17
20,Female,Electrical,B.Tech,8,7.28,1,95.5,60.8,76.9,59.8,90.5,41.9,41.9,71.3,73.9,56.9,79.4,61.9,67.5,2,62.6,1,1,1,1,37,78.0,61.97,66.43,69.61,72.78,66.78
22,Male,Information Technology,B.Tech,8,7.63,0,73.8,74.5,78.3,83.9,88.4,71.8,43.8,98.0,74.5,64.3,75.7,74.5,85.4,2,46.9,0,1,1,0,88,72.6,73.45,74.97,75.55,58.07,72.08
20,Male,Electronics,B.Tech,8,6.06,1,74.8,54.4,54.8,55.5,53.2,37.7,41.5,80.0,54.5,69.1,48.0,84.4,62.9,1,30.3,1,0,0,0,116,55.8,49.52,66.1,54.86,23.09,50.47
23,Female,Computer Science,B.Tech,8,9.45,0,70.5,75.7,79.2,83.7,52.4,58.2,52.9,50.4,75.4,68.1,74.7,56.7,80.9,3,72.6,2,1,3,0,18,98.0,67.02,70.1,87.3,100.0,78.67
22,Male,Electrical,B.Tech,8,7.87,0,87.1,66.9,60.9,61.8,47.8,76.9,33.1,78.7,59.0,80.0,51.8,67.9,66.5,1,20.1,1,0,0,0,12,51.4,57.9,66.55,81.22,20.03,60.95
22,Male,Computer Science,B.Tech,8,7.85,0,74.4,72.1,64.6,63.2,43.1,60.6,45.1,61.5,66.8,47.1,74.5,66.1,61.8,1,36.1,2,0,0,0,28,61.8,58.12,62.38,77.27,30.83,60.62
22,Male,Computer Science,B.Tech,8,5.82,0,80.9,46.4,36.0,46.3,63.5,42.6,68.0,65.4,45.8,86.4,72.8,75.1,56.0,0,50.1,0,1,2,0,39,59.5,50.47,72.57,65.01,51.03,59.34
22,Male,Civil,B.Tech,8,8.62,0,95.0,64.9,74.7,73.6,98.0,44.6,71.9,47.3,70.1,73.0,80.5,74.5,60.9,5,98.0,2,1,1,0,105,97.7,71.28,72.22,88.84,100.0,81.04
24,Male,Computer Science,B.Tech,8,4.92,0,67.7,57.3,45.9,52.2,53.4,70.3,66.0,63.5,51.8,70.0,59.0,69.0,65.7,3,73.2,0,0,0,0,65,53.8,57.52,65.92,54.75,45.96,56.64
21,Male,Mechanical,B.Tech,8,6.13,0,96.7,35.5,49.2,46.6,54.2,73.1,45.3,73.3,46.4,56.1,63.8,83.7,65.2,2,51.7,3,0,0,0,128,55.5,50.65,67.2,71.92,49.51,60.17
22,Male,Computer Science,B.Tech,8,7.71,0,72.1,60.8,59.7,67.0,56.4,41.0,49.3,79.2,57.3,81.8,50.2,74.7,75.0,1,34.5,2,0,0,1,83,56.2,55.7,70.42,75.6,34.35,61.41
20,Female,Mechanical,B.Tech,8,8.35,0,80.0,68.2,66.5,66.7,56.1,36.5,44.0,58.2,67.9,62.9,78.4,65.3,57.6,2,48.0,1,0,0,0,110,69.7,56.33,66.05,82.45,36.4,63.12
23,Female,Mechanical,B.Tech,8,5.67,0,91.9,41.9,43.6,41.5,75.2,55.3,70.0,77.6,39.0,58.5,54.5,84.4,66.6,1,29.2,0,0,0,0,219,44.0,54.58,66.0,67.26,16.76,55.0
22,Female,Computer Science,B.Tech,8,6.21,0,79.9,58.1,34.7,54.8,82.0,49.2,52.0,79.4,38.9,59.5,53.6,75.1,58.2,1,40.9,1,0,0,4,48,60.7,55.13,61.6,67.44,42.27,58.19
22,Female,Computer Science,B.Tech,8,9.63,0,82.8,74.1,71.6,67.7,86.5,34.2,55.5,61.1,78.9,53.7,56.5,82.2,56.3,2,43.1,3,0,0,3,69,82.3,64.93,62.18,92.25,58.93,71.68
22,Male,Information Technology,B.Tech,8,7.43,0,93.7,64.3,66.3,87.3,98.0,81.6,76.8,86.8,70.0,70.2,83.6,85.5,71.7,5,91.4,0,1,1,1,64,91.4,79.05,77.75,80.12,99.42,82.17
21,Other,Computer Science,B.Tech,8,5.1,0,98.0,40.3,39.8,47.2,57.0,34.7,66.4,58.2,41.2,69.1,61.6,74.7,55.5,2,46.0,0,0,0,1,7,30.0,47.57,65.22,65.1,33.8,54.29
20,Female,Computer Science,B.Tech,8,8.02,0,98.0,65.4,79.3,77.6,42.7,80.7,75.3,70.5,60.1,80.5,66.1,74.6,84.3,3,69.8,0,1,1,3,60,76.6,70.17,76.38,85.54,84.94,78.24
22,Female,Electronics,B.Tech,8,7.37,0,84.2,72.9,78.3,76.7,74.9,58.7,52.5,90.8,85.6,68.0,66.7,80.9,82.4,0,23.9,1,1,1,1,164,80.3,69.0,74.5,76.85,45.17,68.88
21,Male,Information Technology,B.Tech,8,6.66,0,86.3,77.0,69.0,89.1,66.2,51.3,36.6,80.6,62.7,87.0,47.3,67.6,74.5,2,51.0,1,0,0,1,38,58.5,64.87,69.1,72.51,41.3,64.47
20,Female,Information Technology,B.Tech,8,7.41,0,91.6,64.1,71.0,75.0,71.1,41.9,52.7,60.9,69.9,73.6,58.5,67.6,65.6,3,57.7,0,1,1,0,136,78.2,62.63,66.32,79.35,69.31,69.39
21,Female,Electrical,B.Tech,8,5.91,0,86.2,49.9,54.6,45.8,95.5,84.9,73.8,46.2,47.6,73.5,61.7,78.9,58.9,2,55.3,0,0,0,0,84,56.7,67.42,68.25,67.23,32.59,62.3
21,Male,Computer Science,B.Tech,8,9.0,0,67.9,83.2,84.1,90.6,70.8,25.1,53.3,74.7,89.6,74.9,60.2,57.9,77.7,0,32.9,1,1,1,0,86,68.8,67.85,67.68,83.37,43.87,68.88
23,Male,Electronics,B.Tech,8,6.19,0,90.6,45.6,36.6,54.6,66.5,67.0,74.0,72.0,40.1,83.9,50.2,54.7,72.5,4,98.0,0,1,3,0,159,65.8,57.38,65.32,70.51,100.0,69.3
23,Male,Computer Science,B.Tech,8,7.83,0,86.2,81.0,73.6,60.3,32.3,62.8,10.9,55.3,82.4,76.5,72.3,67.8,66.4,2,60.5,0,0,0,0,86,57.7,53.48,70.75,80.67,34.15,62.19
23,Female,Information Technology,B.Tech,8,9.18,1,97.9,73.0,61.9,82.9,40.3,41.3,27.0,83.2,65.0,82.3,60.7,78.6,79.8,2,57.7,1,1,3,0,54,72.5,54.4,75.35,83.63,83.31,71.7
20,Male,Information Technology,B.Tech,8,8.29,0,98.0,52.0,53.3,74.8,43.8,73.3,47.1,75.9,56.3,71.8,56.9,50.0,68.4,2,42.3,2,0,0,0,6,80.4,57.38,61.78,87.43,40.69,64.77
20,Male,Electronics,B.Tech,8,6.0,0,71.8,50.0,48.7,31.9,77.7,44.0,65.6,55.7,48.3,82.1,74.6,76.7,61.7,2,40.0,1,0,0,0,58,58.8,52.98,73.77,63.54,34.0,57.46
22,Female,Electrical,B.Tech,8,6.89,0,75.8,48.5,61.3,40.2,94.2,51.5,17.2,65.2,60.3,62.5,75.8,85.7,59.0,1,42.8,0,0,0,4,16,52.6,52.15,70.75,70.97,36.84,59.22
21,Female,Electronics,B.Tech,8,7.22,0,79.6,64.5,55.4,62.3,59.6,74.6,56.6,65.8,66.9,60.5,66.5,73.8,59.8,1,30.1,0,0,0,2,130,44.5,62.17,65.15,74.42,25.03,60.87
21,Male,Computer Science,B.Tech,8,7.68,0,90.0,64.1,59.5,79.9,58.4,29.2,64.4,73.1,68.4,62.0,61.5,77.8,50.2,4,78.0,1,0,0,1,353,82.1,59.25,62.88,80.76,65.4,67.35
21,Male,Civil,B.Tech,8,7.74,0,62.7,71.0,60.6,77.3,55.6,76.3,64.2,68.8,70.6,86.2,69.6,71.3,72.0,1,26.9,3,0,0,0,19,68.0,67.5,74.78,72.99,34.07,65.59
20,Female,Information Technology,B.Tech,8,7.79,1,79.1,67.7,66.0,66.1,47.2,40.3,45.8,57.5,60.3,66.3,74.4,73.6,66.7,3,66.0,1,0,0,0,29,54.0,55.52,70.25,68.26,49.8,61.43
20,Male,Information Technology,B.Tech,8,8.54,0,82.0,61.3,54.7,73.7,70.8,66.8,55.5,71.9,58.9,67.9,70.3,78.9,59.8,2,58.5,0,0,0,0,85,71.1,63.8,69.22,84.38,33.55,66.52
21,Female,Electronics,B.Tech,8,5.7,0,79.0,25.0,20.0,29.3,64.9,41.1,22.4,70.0,20.0,47.1,59.0,65.2,40.4,2,65.1,4,0,0,1,12,67.4,33.78,52.92,63.6,63.53,51.02
22,Male,Computer Science,B.Tech,8,6.48,1,89.1,51.0,62.0,63.6,59.9,24.6,59.7,47.3,59.0,69.5,44.1,81.4,65.1,2,46.0,1,1,1,1,95,79.7,53.47,65.03,62.09,67.8,60.52
21,Female,Computer Science,B.Tech,8,7.12,0,87.8,53.9,62.5,40.6,55.9,53.1,63.5,58.7,57.8,81.6,77.9,61.8,65.6,3,72.1,2,1,3,3,112,90.5,54.92,71.72,76.18,100.0,71.42
22,Female,Information Technology,B.Tech,8,6.28,0,95.8,60.2,36.2,46.1,41.6,65.6,53.0,81.7,48.4,58.1,46.9,76.0,55.9,2,39.3,2,1,1,1,65,87.9,50.45,59.22,72.7,71.79,62.08
22,Female,Computer Science,B.Tech,8,6.37,0,82.5,48.3,49.3,55.2,78.8,57.9,37.4,92.7,53.2,77.1,83.1,58.6,82.1,3,89.3,0,0,0,2,354,57.1,54.48,75.22,69.34,58.79,63.73
21,Female,Civil,B.Tech,8,7.0,0,98.0,72.7,76.1,85.5,81.7,68.0,64.6,60.7,80.2,60.4,67.9,75.3,60.5,2,49.2,2,0,0,2,114,70.2,74.77,66.03,78.4,50.76,70.51
20,Female,Mechanical,B.Tech,8,5.69,1,85.2,53.8,63.3,58.5,60.0,58.4,54.5,72.8,67.7,60.8,47.8,53.3,68.2,2,36.5,0,1,1,1,66,63.1,58.08,57.52,55.39,58.95,57.29
21,Male,Electrical,B.Tech,8,6.34,0,60.9,53.1,42.9,44.5,42.1,37.9,35.6,52.1,47.1,72.5,70.4,83.3,48.3,2,51.6,1,0,0,0,163,67.8,42.68,68.62,62.65,37.48,53.08
21,Female,Electronics,B.Tech,8,5.12,0,76.2,55.3,71.9,61.3,57.8,66.2,48.4,81.8,65.3,55.8,74.5,70.2,72.1,2,40.9,0,0,0,3,21,50.0,60.15,68.15,58.7,40.27,58.33
20,Male,Information Technology,B.Tech,8,7.46,3,78.0,72.2,63.9,81.5,31.8,49.8,56.9,87.8,67.7,54.9,71.3,72.7,69.3,3,60.6,2,1,2,1,169,98.0,59.35,67.05,45.62,94.18,62.0
22,Male,Computer Science,B.Tech,8,7.7,0,88.8,57.4,62.3,75.7,46.4,20.5,44.8,57.5,64.4,75.1,51.8,75.0,75.7,5,96.9,2,0,0,0,285,73.6,51.18,69.4,80.54,81.07,68.12
20,Male,Computer Science,B.Tech,8,6.61,0,82.4,50.7,47.8,51.0,98.0,63.6,33.5,95.0,48.2,50.5,69.4,70.3,61.1,4,91.2,0,0,0,3,184,70.1,57.43,62.82,70.99,71.36,64.67
21,Female,Electronics,B.Tech,8,8.62,0,98.0,71.3,77.4,89.0,33.0,55.8,57.7,78.9,81.5,74.3,43.3,62.6,75.6,2,59.1,2,1,2,4,13,90.9,64.03,63.95,89.74,97.73,76.78
21,Female,Information Technology,B.Tech,8,7.42,0,82.7,63.8,55.3,73.7,91.8,74.9,53.0,52.1,60.1,59.7,47.5,66.6,59.0,2,43.2,1,1,1,2,109,87.8,68.75,58.2,76.75,70.96,69.37
22,Male,Information Technology,B.Tech,8,6.5,1,,41.6,39.6,59.3,63.4,60.2,42.1,70.7,46.4,70.2,75.6,75.0,64.2,3,77.4,1,0,0,0,4,71.4,51.03,71.25,59.98,53.22,58.09
22,Female,Information Technology,B.Tech,8,7.96,1,79.7,64.5,64.8,67.9,49.7,41.9,57.1,75.3,69.1,56.7,87.2,68.1,68.3,1,33.5,0,0,0,0,44,58.6,57.65,70.08,69.63,18.05,57.79
21,Female,Electrical,B.Tech,8,7.77,0,96.0,64.7,56.7,66.8,40.3,49.2,54.3,77.0,56.7,88.5,64.1,62.4,75.6,1,31.6,3,1,2,4,6,94.9,55.33,72.65,83.19,87.48,71.97
21,Male,Computer Science,B.Tech,8,7.29,0,69.5,69.0,54.0,49.5,52.1,57.3,79.6,64.2,56.4,58.7,76.8,62.5,47.1,1,45.1,0,0,0,0,332,43.4,60.25,61.28,71.88,21.53,58.14
21,Female,Electrical,B.Tech,8,7.23,0,84.4,57.6,63.0,57.7,64.0,57.4,57.1,68.1,55.2,74.7,93.0,68.2,66.5,3,53.7,1,0,0,0,450,76.3,59.47,75.6,75.93,46.11,65.63
20,Female,Electrical,B.Tech,8,7.51,0,83.4,58.2,61.8,72.1,62.6,44.8,16.5,49.0,63.2,56.7,85.0,77.6,63.2,5,98.0,2,1,1,0,44,93.2,52.67,70.62,77.59,100.0,70.84
20,Male,Computer Science,B.Tech,8,7.39,0,65.8,56.1,31.8,52.9,96.2,52.7,31.4,64.8,41.4,76.6,52.2,68.0,66.8,2,77.3,4,1,2,4,132,85.9,53.52,65.9,71.47,100.0,68.35
22,Male,Civil,B.Tech,8,4.98,0,91.9,40.0,45.7,45.0,55.7,45.7,57.2,80.5,40.0,73.1,80.0,82.2,71.6,4,96.7,0,1,1,3,42,73.9,48.22,76.72,62.43,100.0,65.95
21,Female,Computer Science,B.Tech,8,7.0,0,83.5,58.6,57.6,59.7,66.2,63.8,68.8,79.0,58.6,56.7,49.1,60.2,66.5,3,72.0,1,0,0,0,126,67.3,62.45,58.12,74.05,51.6,63.44
22,Male,Computer Science,B.Tech,8,8.17,0,80.4,80.7,69.7,80.8,66.1,68.6,48.3,53.2,76.3,78.3,63.2,75.5,67.4,2,38.1,1,1,1,0,40,78.1,69.03,71.1,81.31,61.43,71.99
21,Female,Electrical,B.Tech,8,7.61,0,92.5,70.1,58.7,73.7,75.1,55.6,34.0,75.6,68.6,47.5,76.2,50.8,48.8,1,46.0,3,1,2,2,133,92.7,61.2,55.82,81.02,83.8,69.46
21,Male,Computer Science,B.Tech,8,5.89,0,62.4,33.4,46.9,37.4,55.0,51.6,42.9,63.3,39.1,64.2,88.3,61.8,55.6,1,45.0,1,0,0,1,3,45.2,44.53,67.48,59.95,31.5,51.79
23,Female,Computer Science,B.Tech,8,8.11,0,85.8,70.3,74.5,65.3,53.7,81.6,52.2,98.0,79.3,71.3,74.2,87.9,86.1,2,56.9,2,1,2,0,26,96.2,66.27,79.88,82.51,81.07,76.08
23,Female,Computer Science,B.Tech,8,7.91,0,93.8,67.9,62.1,74.0,73.3,55.6,40.8,84.3,62.9,64.4,76.0,54.8,70.7,0,30.3,2,1,2,0,132,74.6,62.28,66.47,83.51,57.09,68.71
21,Male,Computer Science,B.Tech,8,8.12,0,81.5,76.8,83.8,68.8,67.5,54.6,64.0,52.7,85.5,40.9,66.4,69.2,60.0,2,48.5,0,1,1,0,57,85.6,69.25,59.12,81.29,58.55,69.23
22,Male,Computer Science,B.Tech,8,6.09,0,84.3,48.7,58.7,60.2,61.4,73.0,55.1,56.8,51.9,65.7,67.8,64.0,66.4,5,87.1,2,1,1,0,402,97.5,59.52,65.97,67.92,100.0,69.4
22,Female,Information Technology,B.Tech,8,6.17,1,62.8,66.3,60.8,56.5,53.8,68.2,39.3,95.7,68.2,58.8,81.8,73.2,65.8,1,38.1,2,1,2,1,111,63.9,57.48,69.9,52.03,71.43,60.42
22,Male,Electrical,B.Tech,8,7.96,0,77.2,53.5,61.0,64.6,73.0,62.5,48.5,51.2,61.1,64.6,71.5,60.5,73.0,1,44.1,3,1,1,1,404,85.6,60.52,67.4,78.88,71.23,69.01
21,Female,Electronics,B.Tech,8,7.52,0,89.2,79.1,68.5,79.5,46.1,27.8,66.8,34.6,71.6,73.3,57.2,67.9,60.6,2,36.8,0,0,0,0,76,71.4,61.3,64.75,79.4,27.04,62.28
21,Female,Computer Science,B.Tech,8,6.67,0,89.3,70.7,57.0,78.4,60.1,71.8,50.2,67.0,55.7,56.5,73.2,76.5,67.6,2,28.5,1,0,0,1,62,61.3,64.7,68.45,73.48,34.55,63.56
20,Female,Electrical,B.Tech,8,6.53,0,96.6,53.1,51.5,59.5,81.8,49.6,78.5,70.0,57.3,62.7,46.8,75.3,64.4,0,20.0,1,0,0,3,12,54.8,62.33,62.3,74.69,24.0,60.28
22,Male,Information Technology,B.Tech,8,7.24,0,72.3,51.6,52.8,61.5,47.6,68.7,66.0,71.2,56.2,90.0,65.3,82.8,74.3,2,46.2,0,0,0,0,21,65.2,58.03,78.1,72.37,29.86,62.12
21,Male,Electrical,B.Tech,8,5.62,0,81.8,52.4,49.3,57.5,74.8,27.1,21.3,69.2,49.3,74.8,63.7,67.9,78.4,2,52.4,3,0,0,0,29,60.9,47.07,71.2,63.88,49.72,57.34
20,Female,Electronics,B.Tech,8,7.45,2,76.2,72.4,71.9,81.7,75.8,11.6,56.0,59.6,81.3,71.9,61.7,94.6,69.6,2,53.5,4,1,1,1,17,98.0,61.57,74.45,55.01,88.05,66.15
21,Male,Information Technology,B.Tech,8,6.6,0,81.1,66.8,53.1,72.0,61.8,31.3,54.2,81.9,60.2,81.8,51.0,91.7,85.3,4,82.6,2,1,2,0,450,93.5,56.53,77.45,70.53,100.0,71.43
21,Male,Electronics,B.Tech,8,7.43,0,81.2,63.3,57.8,77.0,70.4,34.2,54.8,66.4,59.3,62.6,53.8,47.1,60.5,1,20.0,2,0,0,0,39,62.0,59.58,56.0,76.37,26.0,58.86
21,Other,Computer Science,B.Tech,8,5.52,0,81.5,63.4,56.3,68.9,56.5,35.8,55.0,88.1,58.2,58.5,86.6,63.2,65.4,4,96.8,0,1,1,0,107,58.0,55.98,68.43,63.09,89.04,65.56
21,Female,Electrical,B.Tech,8,7.32,0,83.8,63.3,64.4,68.5,60.4,42.0,95.0,49.7,58.0,69.8,54.3,85.9,53.1,1,45.9,2,1,1,0,85,72.5,65.6,65.78,76.38,61.77,68.3
21,Female,Information Technology,B.Tech,8,6.75,0,87.6,76.1,59.8,68.6,68.8,32.6,22.8,86.4,72.0,63.0,64.5,68.3,67.9,3,87.1,0,0,0,0,73,65.5,54.78,65.93,73.53,50.13,61.94
21,Male,Computer Science,B.Tech,8,5.8,0,74.7,32.3,44.9,21.8,65.1,67.0,75.8,98.0,37.0,75.1,45.2,81.5,75.8,2,70.3,2,0,0,0,16,58.5,51.15,69.4,63.01,49.09,58.05
21,Female,Information Technology,B.Tech,8,8.41,2,86.3,76.1,73.2,62.8,69.7,46.2,41.5,79.9,69.2,51.2,72.2,56.5,70.6,1,38.1,3,1,2,1,72,79.7,61.58,62.62,64.76,77.43,65.12
21,Male,Electrical,B.Tech,8,5.79,0,62.5,52.2,60.6,62.7,58.2,98.0,58.3,42.4,63.5,66.6,36.3,78.2,47.9,2,55.7,1,1,2,1,39,68.4,65.0,57.25,59.28,78.71,63.79
21,Female,Information Technology,B.Tech,8,6.33,0,82.2,45.9,57.2,58.5,69.4,56.1,93.4,58.3,51.7,66.4,73.2,75.4,55.8,1,31.6,2,1,1,1,1,78.7,63.42,67.7,68.97,61.48,65.65
21,Male,Information Technology,B.Tech,8,,1,90.5,66.4,71.6,81.8,49.2,13.3,59.2,89.5,74.2,66.3,71.2,62.4,76.3,1,44.9,1,0,0,4,44,62.6,56.92,69.05,67.48,43.47,60.5
21,Female,Computer Science,B.Tech,8,7.49,0,68.1,64.4,93.5,85.8,80.3,42.9,56.7,76.1,76.2,59.6,56.7,78.3,63.7,2,78.6,0,1,2,3,117,87.2,70.6,64.58,72.86,87.58,72.62
21,Male,Information Technology,B.Tech,8,6.46,2,89.6,50.4,54.7,47.7,79.7,55.8,27.4,69.4,57.0,53.2,45.8,58.4,57.8,0,20.0,0,0,0,1,112,48.8,52.62,53.8,52.1,10.0,46.31
20,Male,Mechanical,B.Tech,8,6.26,1,77.7,60.4,55.2,60.7,65.0,40.5,19.3,82.0,65.8,55.7,57.0,92.5,65.8,1,26.0,3,0,0,1,187,56.5,50.18,67.75,57.13,37.8,53.92
22,Female,Information Technology,B.Tech,8,7.43,0,87.8,58.1,49.2,75.5,53.4,78.3,41.2,54.6,50.0,70.9,63.9,76.7,65.2,1,52.2,2,1,1,0,13,75.8,59.28,69.18,78.35,63.66,67.64
24,Male,Computer Science,B.Tech,8,8.72,3,81.4,79.8,88.3,95.8,42.7,58.5,38.9,74.7,82.9,65.5,82.1,73.9,71.8,2,57.3,1,1,2,1,126,97.8,67.33,73.32,55.46,79.19,66.75
21,Male,Electronics,B.Tech,8,6.16,0,95.3,59.0,46.7,82.0,69.1,61.2,32.3,58.8,59.5,70.1,76.9,85.7,57.7,5,98.0,1,0,0,1,169,75.0,58.38,72.6,71.71,79.4,68.38
22,Female,Computer Science,B.Tech,8,6.87,0,98.0,50.2,72.5,61.7,58.4,42.8,15.8,60.5,62.1,66.1,55.5,71.8,66.8,2,42.3,3,1,1,1,39,78.5,50.23,65.05,77.49,78.69,65.64
20,Female,Computer Science,B.Tech,8,5.67,0,89.7,39.6,23.0,34.8,62.8,40.5,72.3,62.7,22.6,75.8,63.0,70.7,56.8,4,90.9,2,0,0,0,440,69.4,45.5,66.58,66.6,71.27,59.91
22,Female,Electronics,B.Tech,8,5.34,0,76.1,50.4,45.2,62.0,52.4,55.2,64.8,84.6,44.3,60.7,74.7,70.0,55.8,2,38.3,1,1,1,1,37,63.7,55.0,65.3,60.21,65.49,60.2
21,Male,Computer Science,B.Tech,8,7.73,0,94.8,72.2,87.1,79.7,34.0,69.8,20.8,58.0,78.6,70.0,36.9,86.5,73.7,4,84.7,1,1,1,3,103,88.1,60.6,66.78,82.55,100.0,74.33
21,Male,Computer Science,B.Tech,8,7.72,0,91.2,75.9,78.6,87.7,67.2,62.6,49.6,78.5,78.8,84.4,50.9,65.5,81.0,1,40.0,1,1,2,0,196,74.5,70.27,70.45,81.4,62.0,72.4
22,Male,Mechanical,B.Tech,8,7.9,0,65.6,55.6,63.3,61.9,71.8,55.7,64.5,83.9,66.3,65.5,55.9,90.5,62.4,2,53.0,1,1,1,0,250,81.2,62.13,68.58,74.98,65.9,67.84
21,Male,Information Technology,B.Tech,8,6.63,0,86.9,55.8,52.8,54.7,45.0,49.8,35.9,63.5,62.9,79.0,54.1,56.1,70.5,2,48.9,1,1,1,0,16,65.4,49.0,64.92,72.48,64.67,61.58
21,Male,Electronics,B.Tech,8,6.29,0,74.2,42.6,59.1,57.4,62.2,10.0,48.7,81.7,50.7,82.8,65.9,69.3,79.5,3,71.3,2,0,0,0,267,57.8,46.67,74.38,66.29,57.39,59.71
20,Male,Computer Science,B.Tech,8,8.38,0,87.7,82.9,93.5,87.9,49.5,41.0,61.1,78.6,95.0,69.9,74.1,66.9,85.9,1,22.6,0,1,2,0,114,76.9,69.32,74.2,84.97,50.78,72.21
20,Male,Electronics,B.Tech,8,8.65,0,76.3,65.8,67.4,73.5,65.2,36.9,45.1,68.7,68.5,91.6,80.6,68.8,77.1,2,59.8,2,1,1,0,62,76.1,58.98,79.53,83.44,73.94,72.67
20,Female,Information Technology,B.Tech,8,4.91,0,76.0,50.4,40.0,51.3,57.3,43.1,83.5,42.0,41.3,70.3,55.9,70.6,47.2,2,37.8,0,0,0,1,71,59.5,54.27,61.0,57.17,31.34,53.05
22,Male,Computer Science,B.Tech,8,7.24,3,94.0,67.5,70.9,67.7,41.8,70.8,82.3,51.2,64.3,76.1,64.0,76.0,66.7,2,57.0,3,1,2,1,36,91.3,66.83,70.7,48.88,91.1,65.86
21,Male,Civil,B.Tech,8,7.77,1,78.3,74.2,75.2,98.1,51.2,71.6,74.9,54.9,78.2,65.9,57.7,85.3,63.1,4,83.3,1,1,1,0,79,84.5,74.2,68.0,67.88,90.99,73.58
21,Female,Information Technology,B.Tech,8,8.27,0,85.8,89.1,72.6,66.9,38.6,56.2,66.0,71.9,77.7,70.9,73.0,61.7,70.8,3,64.2,3,1,1,0,140,98.0,64.9,69.1,83.63,89.26,75.01
20,Female,Computer Science,B.Tech,8,8.66,1,79.4,60.2,71.2,71.6,67.2,57.0,43.8,59.2,51.2,76.1,43.4,93.2,67.3,1,21.7,1,0,0,0,126,64.4,61.83,70.0,74.44,20.51,61.05
21,Other,Electronics,B.Tech,8,6.83,3,70.2,65.8,56.6,55.6,66.3,81.2,61.5,87.3,65.0,58.7,54.5,80.4,71.1,5,81.4,3,1,2,0,130,92.8,64.5,66.18,38.87,100.0,62.47
21,Female,Computer Science,B.Tech,8,7.84,0,74.3,55.3,51.9,66.2,58.6,68.6,48.5,43.7,50.8,74.4,75.6,88.5,61.0,3,67.4,2,0,0,3,38,79.7,58.18,74.88,77.17,68.22,68.72
21,Female,Mechanical,B.Tech,8,8.23,0,87.4,54.8,48.3,48.9,74.0,70.5,72.9,74.9,58.9,65.4,79.9,54.4,70.2,1,20.0,0,1,1,1,74,74.9,61.57,67.48,83.83,46.0,67.09
21,Female,Computer Science,B.Tech,8,7.32,0,64.6,73.4,74.9,79.8,70.8,49.2,51.6,42.0,61.0,49.9,62.9,44.1,55.6,4,89.2,2,1,2,0,121,88.3,66.62,53.12,70.62,100.0,70.13
21,Male,Information Technology,B.Tech,8,6.48,1,98.0,62.5,60.4,54.9,69.6,55.3,53.9,55.7,57.6,61.3,77.2,71.4,57.3,4,63.1,2,1,1,2,67,93.3,59.43,66.8,64.76,98.93,68.43
22,Male,Computer Science,B.Tech,8,7.67,4,83.5,51.0,42.0,57.7,95.9,60.4,48.2,79.9,44.4,80.1,30.6,77.7,81.5,5,98.0,2,1,1,1,54,94.6,59.2,67.47,38.74,100.0,60.84
22,Male,Electronics,B.Tech,8,6.11,3,86.4,55.5,46.4,49.3,75.4,84.4,47.2,52.8,49.7,56.0,73.5,82.4,53.1,1,27.4,2,0,0,2,6,49.2,59.7,66.25,38.69,36.22,51.18
21,Female,Information Technology,B.Tech,8,5.64,0,82.3,41.4,29.3,27.8,60.1,43.2,65.2,44.4,28.4,74.3,95.0,67.7,51.9,4,77.7,1,0,0,0,89,56.8,44.5,72.22,64.17,61.31,58.47
21,Female,Information Technology,B.Tech,8,5.12,2,75.6,40.2,47.2,51.2,61.3,69.0,78.8,71.1,40.8,87.1,82.7,65.3,76.4,4,68.8,2,1,1,0,150,72.0,57.95,77.88,38.52,92.64,61.31
22,Male,Information Technology,B.Tech,8,8.62,0,79.9,84.2,79.8,82.3,49.0,30.9,52.5,88.0,75.4,67.5,69.3,77.9,78.4,1,28.2,2,1,2,0,22,73.1,63.12,73.28,84.31,64.46,71.71
22,Female,Civil,B.Tech,8,8.22,1,88.3,99.0,81.4,78.3,61.0,64.9,23.0,56.7,89.1,86.7,41.1,78.3,75.3,1,37.6,2,1,1,2,89,82.4,67.93,70.35,74.03,67.28,70.15
21,Female,Electrical,B.Tech,8,6.86,0,75.3,61.0,67.6,71.6,61.0,88.9,70.4,81.1,63.9,82.2,45.4,70.8,81.3,2,46.2,2,0,0,2,51,64.2,70.08,69.92,70.61,49.86,67.17
20,Male,Civil,B.Tech,8,4.98,0,69.3,33.5,22.2,36.5,59.5,59.7,51.4,60.3,30.1,67.8,71.3,65.7,49.5,2,53.4,2,0,0,1,291,57.3,43.8,63.58,55.65,48.02,51.94
22,Male,Information Technology,B.Tech,8,7.22,2,75.8,69.1,62.9,78.7,37.9,41.8,71.4,63.8,67.4,90.8,61.1,69.8,79.6,2,65.9,1,0,0,1,5,61.0,60.3,75.32,53.28,45.77,59.02
21,Male,Electronics,B.Tech,8,7.16,2,78.5,66.7,63.2,70.2,61.2,49.5,48.6,80.7,65.1,57.7,48.3,82.3,73.9,4,69.9,1,0,0,1,68,69.3,59.9,65.55,53.67,62.97,59.62
22,Male,Information Technology,B.Tech,8,8.97,0,78.7,63.3,59.0,60.2,57.2,55.1,65.9,61.4,72.2,63.5,57.5,57.4,65.7,2,37.8,0,0,0,0,41,59.0,60.12,61.03,86.4,27.34,63.27
21,Male,Information Technology,B.Tech,8,6.33,0,88.6,48.7,43.6,48.2,56.2,27.3,42.5,82.4,46.9,80.9,62.7,75.4,65.3,2,47.7,2,1,1,0,58,72.4,44.42,71.08,70.89,70.31,61.58
21,Male,Electronics,B.Tech,8,5.99,1,98.0,63.2,57.6,60.7,70.3,54.7,69.9,61.1,51.5,66.0,71.7,72.4,65.2,2,51.7,2,0,0,1,158,67.3,62.73,68.82,61.33,47.51,61.24
22,Male,Information Technology,B.Tech,8,7.83,0,73.5,64.8,51.1,57.4,73.8,33.0,57.0,85.7,58.3,92.5,75.6,70.5,81.2,2,23.4,1,1,2,0,50,73.6,56.18,79.95,76.86,65.02,68.46
21,Female,Computer Science,B.Tech,8,9.42,1,72.7,87.4,95.0,94.2,42.2,63.4,39.3,62.0,94.6,86.0,71.3,53.2,81.0,4,78.2,1,1,2,0,81,98.0,70.25,72.88,77.75,97.46,77.11
22,Male,Computer Science,B.Tech,8,6.62,0,90.5,70.3,77.7,69.2,48.9,63.0,49.8,67.5,64.0,69.7,70.9,69.2,67.1,2,55.6,1,1,3,1,19,63.0,63.15,69.22,73.49,86.68,71.0
20,Female,Computer Science,B.Tech,8,7.63,3,98.0,66.1,60.9,65.2,63.5,54.6,71.0,64.0,60.4,53.6,70.1,67.6,51.1,1,36.0,2,1,3,2,9,62.7,63.55,60.6,52.81,82.8,62.63
22,Male,Mechanical,B.Tech,8,8.49,0,94.5,69.9,75.3,83.9,77.0,76.7,63.5,68.4,69.7,73.3,53.9,80.3,72.8,0,20.0,1,0,0,4,105,75.8,74.38,70.08,87.78,28.0,70.58
21,Female,Information Technology,B.Tech,8,6.46,0,83.3,64.0,63.6,82.5,79.6,57.0,39.0,70.0,53.3,60.7,67.9,68.7,70.9,3,60.3,0,1,2,2,76,80.0,64.28,67.05,70.21,86.09,69.88
22,Male,Information Technology,B.Tech,8,7.73,0,79.5,76.2,66.8,82.6,54.5,53.8,26.1,48.5,68.2,77.3,29.7,86.7,66.0,2,41.5,3,1,1,1,265,95.7,60.0,64.92,77.96,78.45,69.14
21,Female,Information Technology,B.Tech,8,8.19,0,86.7,58.6,60.6,89.7,53.1,35.2,51.9,74.8,55.9,64.6,65.3,56.3,69.2,1,26.2,0,1,2,2,10,65.0,58.18,63.85,83.34,59.86,67.11
20,Male,Information Technology,B.Tech,8,8.7,2,72.7,78.9,73.8,84.8,65.0,38.0,37.2,75.9,74.8,74.0,71.8,72.5,76.3,0,20.0,0,0,0,0,17,55.6,62.95,73.65,62.71,6.0,56.48
21,Male,Electrical,B.Tech,8,7.41,0,98.0,71.2,66.9,75.1,71.2,45.8,69.8,45.0,73.6,53.0,36.2,84.2,49.5,3,68.4,1,0,0,0,31,65.4,66.67,55.72,81.27,50.52,66.44
21,Female,Information Technology,B.Tech,8,7.96,0,96.0,71.1,72.9,84.2,72.0,39.7,53.9,67.8,75.2,59.1,68.0,82.8,69.0,1,20.0,2,0,0,0,59,61.2,65.63,69.72,84.52,26.0,66.17
20,Female,Information Technology,B.Tech,8,9.9,0,80.9,95.5,90.2,94.4,80.7,55.9,49.8,75.1,91.9,69.8,74.3,81.5,78.4,1,42.6,3,1,1,2,53,98.0,77.75,76.0,93.57,74.78,81.7
21,Female,Computer Science,B.Tech,8,5.51,0,77.2,69.8,80.5,78.0,69.3,72.8,36.4,77.7,74.4,85.5,70.4,67.7,69.2,2,40.5,1,1,1,0,81,70.5,67.8,73.2,61.73,62.15,66.21
22,Male,Computer Science,B.Tech,8,8.25,0,69.8,62.3,70.8,72.0,74.8,32.5,32.0,92.4,70.5,73.9,51.9,65.3,80.5,2,47.2,2,0,0,0,19,81.2,57.4,67.9,78.69,42.16,63.6
20,Male,Civil,B.Tech,8,7.08,0,78.0,44.0,39.8,57.3,64.7,81.2,22.5,49.5,38.1,43.5,71.2,81.8,46.1,3,53.6,0,0,0,4,51,66.3,51.58,60.65,72.96,56.08,60.48
21,Female,Computer Science,B.Tech,8,6.43,0,98.0,40.9,38.3,51.1,61.8,73.2,60.7,68.1,39.6,83.9,65.8,51.4,69.5,2,36.8,1,1,1,0,98,71.3,54.33,67.65,74.41,61.04,64.02
22,Female,Electrical,B.Tech,8,7.47,2,89.9,62.0,69.6,62.2,77.9,70.5,72.1,78.0,67.5,58.2,68.6,67.9,61.1,2,44.2,0,0,0,0,58,56.7,69.05,63.95,59.26,29.26,59.12
21,Male,Information Technology,B.Tech,8,6.13,0,66.5,64.2,52.3,63.7,74.8,71.2,50.2,47.7,59.5,62.1,65.4,82.2,58.0,1,34.4,1,1,2,2,86,59.5,62.73,66.92,62.86,68.32,64.45
21,Female,Electrical,B.Tech,8,6.42,1,86.2,55.8,52.0,60.5,58.3,70.5,47.1,71.8,55.7,80.3,70.9,69.9,65.4,0,20.0,2,0,0,0,134,38.1,57.37,71.62,60.8,18.0,55.34
20,Male,Civil,B.Tech,8,8.63,0,89.7,62.2,66.5,70.4,59.4,82.6,39.7,64.1,69.1,77.4,74.1,73.0,72.5,1,41.3,1,1,1,1,33,81.1,63.47,74.25,87.32,58.39,72.02
21,Female,Information Technology,B.Tech,8,8.08,0,76.0,65.5,66.2,67.9,63.5,75.0,79.6,63.2,68.6,76.2,74.4,98.0,67.5,2,52.9,0,1,1,2,28,91.8,69.62,79.03,79.36,67.87,74.16
21,Male,Electrical,B.Tech,8,7.75,4,69.9,77.3,83.1,81.3,75.1,84.9,54.4,62.7,76.2,64.4,54.7,65.4,77.4,4,75.2,0,0,0,1,25,67.4,76.02,65.47,35.22,58.56,59.05
23,Other,Computer Science,B.Tech,8,6.53,0,71.6,40.3,40.3,41.9,59.7,58.6,68.1,78.2,41.2,83.6,82.1,63.6,61.0,2,40.3,0,0,0,0,29,65.2,51.48,72.57,67.19,28.09,56.9
21,Male,Computer Science,B.Tech,8,5.22,0,76.9,46.9,44.7,62.5,53.2,44.1,40.6,64.8,51.8,59.1,65.1,77.4,59.9,3,77.3,2,0,0,0,246,56.8,48.67,65.38,59.61,59.19,56.87
21,Other,Information Technology,B.Tech,8,7.79,0,79.7,71.2,72.3,74.1,72.8,87.6,91.2,70.4,71.2,74.6,76.4,54.3,73.8,4,80.7,1,1,2,4,2,91.4,78.2,69.78,78.44,100.0,79.86
20,Female,Information Technology,B.Tech,8,8.03,0,93.7,61.4,61.4,70.4,79.1,46.4,69.7,59.7,63.6,45.7,73.3,66.7,52.9,3,68.1,2,0,0,4,75,60.3,64.73,59.65,84.32,72.43,70.75
21,Male,Information Technology,B.Tech,8,7.42,1,77.5,72.1,76.7,74.1,42.0,57.6,69.7,47.9,68.8,66.6,63.6,60.7,52.1,1,51.1,3,1,3,0,72,73.4,65.37,60.75,65.19,85.33,67.39
21,Female,Information Technology,B.Tech,8,8.58,0,73.7,62.0,58.3,68.2,37.7,32.6,32.8,75.1,59.0,89.4,67.9,62.4,82.5,3,53.9,1,0,0,0,58,81.0,48.6,75.55,82.17,46.17,63.7
22,Male,Electronics,B.Tech,8,4.92,0,83.6,49.5,53.9,48.7,52.1,48.4,65.1,71.8,49.3,80.4,63.7,58.5,71.9,5,98.0,1,0,0,4,265,68.9,52.95,68.62,59.52,91.4,63.82
21,Female,Information Technology,B.Tech,8,7.45,0,78.5,71.7,73.5,71.6,85.0,45.7,67.0,68.6,73.2,73.0,90.1,77.6,78.9,2,43.4,2,0,0,0,256,80.9,69.08,79.9,75.7,41.02,69.02
22,Female,Electrical,B.Tech,8,6.39,0,81.8,47.8,53.8,52.7,66.3,23.4,42.6,78.8,40.4,66.6,79.3,84.2,71.0,2,59.6,4,0,0,0,37,83.4,47.77,75.27,69.27,57.88,61.24
21,Female,Civil,B.Tech,8,7.23,0,75.7,73.9,71.9,75.6,83.9,59.3,65.1,76.9,81.7,66.4,76.3,77.9,79.2,3,51.1,2,1,1,1,132,82.0,71.62,74.95,73.32,83.33,74.55
24,Female,Information Technology,B.Tech,8,7.44,1,72.5,56.4,50.3,56.4,49.5,57.0,38.9,73.0,48.7,56.8,70.8,89.8,52.4,2,64.9,1,1,3,0,11,80.4,51.42,67.45,63.83,85.47,63.46
23,Male,Computer Science,B.Tech,8,7.49,2,88.3,69.6,67.0,83.4,25.8,33.1,58.9,98.0,70.0,65.2,74.2,68.3,72.7,3,59.4,1,1,1,2,18,97.7,56.3,70.1,58.92,83.82,63.97
22,Male,Electrical,B.Tech,8,8.13,2,88.7,70.4,65.5,69.3,70.7,60.1,67.8,62.4,59.2,67.7,68.5,70.7,66.0,0,20.3,0,1,1,2,86,59.1,67.3,68.22,63.52,42.09,62.57
23,Male,Information Technology,B.Tech,8,6.69,3,84.2,70.4,73.1,75.2,89.3,95.2,53.9,63.1,73.1,70.0,69.8,61.4,69.3,2,52.9,4,0,0,0,72,67.8,76.18,67.62,42.09,55.87,61.19
22,Male,Electronics,B.Tech,8,7.1,3,71.7,63.6,72.3,80.2,58.6,51.3,52.6,82.2,66.6,46.4,50.0,73.3,53.8,3,73.5,4,0,0,3,93,85.8,63.1,55.88,41.21,82.05,57.93
22,Male,Electronics,B.Tech,8,8.31,0,71.7,,81.6,67.7,70.5,71.5,28.5,55.4,79.9,65.0,63.1,59.0,64.5,2,54.8,0,1,1,0,264,58.4,63.96,62.9,79.68,60.44,67.94
22,Male,Computer Science,B.Tech,8,8.0,1,82.4,63.3,54.3,64.9,50.7,62.6,10.0,56.4,59.1,77.7,61.4,80.3,68.4,1,28.9,3,1,1,1,246,94.2,50.97,71.95,70.72,66.67,63.45
22,Female,Electrical,B.Tech,8,7.47,0,74.9,58.2,57.6,67.4,47.9,49.8,43.6,78.2,50.9,,63.9,71.4,60.4,0,32.4,1,1,1,1,59,70.8,54.08,65.23,74.76,47.72,61.56
21,Male,Computer Science,B.Tech,8,7.66,0,95.6,72.0,83.7,80.7,77.0,63.1,32.6,73.5,70.8,68.2,54.4,73.5,74.8,1,42.0,1,1,1,0,207,71.9,68.18,67.72,82.3,54.6,70.29
23,Male,Information Technology,B.Tech,8,6.96,0,84.7,49.3,53.4,61.3,59.7,43.2,62.4,95.8,49.5,67.5,88.3,77.4,64.4,3,51.2,2,1,1,1,11,86.1,54.88,74.4,74.13,83.36,68.83
20,Female,Electrical,B.Tech,8,8.5,0,94.0,81.4,73.2,80.3,47.6,58.4,65.5,62.0,78.0,51.2,40.2,75.4,62.6,2,52.3,1,0,0,0,53,74.1,67.73,57.35,87.7,37.69,67.14
22,Female,Information Technology,B.Tech,8,6.79,0,85.5,47.7,47.4,70.1,63.4,40.5,55.9,62.2,50.3,57.0,74.0,70.1,52.2,4,85.8,1,1,1,0,259,79.4,54.17,63.32,73.18,91.74,67.34
22,Female,Information Technology,B.Tech,8,8.01,0,87.2,69.7,66.2,82.9,72.4,64.3,56.3,63.2,75.2,64.0,66.7,74.7,63.6,1,39.4,0,1,1,1,10,70.5,68.63,67.25,82.23,51.82,69.91
22,Female,Computer Science,B.Tech,8,8.73,0,64.8,88.7,79.0,72.5,66.9,82.0,24.7,72.8,89.7,66.9,57.7,72.5,58.9,1,20.0,3,0,0,0,33,70.1,68.97,64.0,80.55,32.0,65.9
23,Other,Information Technology,B.Tech,8,8.73,0,81.5,95.5,99.0,99.0,67.6,87.8,61.4,65.4,100.0,74.3,55.1,86.6,83.6,2,62.3,3,1,1,1,170,82.6,85.05,74.9,85.56,84.69,83.12
23,Male,Computer Science,B.Tech,8,6.4,1,85.6,46.7,38.4,58.4,68.6,91.2,62.5,74.2,44.1,54.5,72.8,72.9,57.3,2,29.2,1,0,0,1,149,57.9,60.97,64.38,60.48,34.76,57.57
22,Female,Computer Science,B.Tech,8,8.5,0,83.3,86.7,87.2,89.3,56.7,80.2,49.1,61.4,93.3,67.0,90.5,68.6,77.7,5,98.0,1,1,2,2,372,98.0,74.87,75.95,84.49,100.0,81.74
22,Male,Electrical,B.Tech,8,7.44,0,69.7,57.9,59.9,57.9,85.8,78.2,71.8,47.6,55.4,65.1,53.2,69.0,57.8,3,51.8,1,1,2,0,23,95.2,68.58,61.28,72.99,81.54,70.39
20,Female,Civil,B.Tech,8,6.5,0,90.1,71.3,67.0,80.4,48.2,69.3,73.1,59.4,64.6,57.5,90.4,68.2,65.8,2,52.5,0,1,1,0,92,76.3,68.22,70.48,72.53,59.75,68.69
22,Female,Electrical,B.Tech,8,6.29,0,61.9,57.2,45.9,73.5,42.0,71.9,61.3,58.3,50.8,82.3,68.8,70.3,72.7,1,20.0,3,0,0,0,116,52.6,58.63,73.52,62.6,32.0,58.8
21,Female,Information Technology,B.Tech,8,6.14,0,83.4,50.4,53.8,50.9,56.9,61.4,55.8,65.8,54.7,57.1,53.1,76.8,58.7,2,25.4,1,1,1,0,16,67.0,54.87,61.42,68.0,57.62,60.53
21,Male,Computer Science,B.Tech,8,6.58,0,81.3,57.7,61.1,53.5,69.5,38.8,66.5,74.0,54.0,66.4,51.9,68.9,64.4,2,57.1,1,0,0,0,74,66.0,57.85,62.9,70.45,39.13,59.83
20,Female,Civil,B.Tech,8,7.86,0,90.5,91.8,80.2,98.6,81.2,26.0,66.6,85.3,91.6,47.8,71.0,62.5,77.5,1,41.7,1,1,1,0,38,67.5,74.07,64.7,82.17,54.51,71.69
22,Female,Information Technology,B.Tech,8,7.98,1,85.2,67.6,56.6,95.7,45.0,59.4,38.2,69.4,64.6,35.8,49.3,84.6,56.6,2,49.8,1,1,1,1,10,82.7,60.42,56.58,71.42,68.94,64.23
22,Female,Mechanical,B.Tech,8,6.14,0,83.2,37.0,45.2,52.9,36.5,29.4,38.4,64.5,39.6,71.9,62.6,66.6,65.8,1,36.9,0,0,0,0,132,39.2,39.9,66.72,67.94,19.07,50.55
22,Female,Information Technology,B.Tech,8,7.4,0,78.7,52.7,41.5,69.9,60.1,57.7,38.1,44.5,50.3,59.1,84.0,70.4,47.8,1,45.7,2,0,0,1,18,59.2,53.33,65.32,75.41,37.71,60.01
21,Female,Computer Science,B.Tech,8,4.93,2,84.3,38.7,41.8,39.7,42.6,46.3,38.7,78.3,41.6,76.0,82.7,63.0,67.4,5,98.0,1,0,0,2,249,62.6,41.3,72.28,39.8,83.4,53.36
21,Female,Electrical,B.Tech,8,6.49,0,85.7,76.4,51.4,70.4,48.0,47.5,32.1,67.5,66.7,62.5,64.8,78.7,62.6,1,44.6,2,1,1,1,2,63.3,54.3,67.15,71.14,65.38,63.58
22,Male,Computer Science,B.Tech,8,6.19,0,84.9,52.9,66.7,56.1,58.3,38.4,45.4,66.6,61.7,56.4,92.6,55.5,63.6,1,40.2,1,1,1,1,33,47.9,52.97,67.03,68.8,58.06,61.29
23,Other,Computer Science,B.Tech,8,4.76,0,78.8,45.5,28.1,37.2,62.3,65.0,23.5,66.3,40.3,58.6,63.3,71.3,43.2,3,60.0,3,0,0,0,51,60.3,43.6,59.1,56.96,60.0,53.17
21,Male,Mechanical,B.Tech,8,7.0,0,73.4,45.0,39.7,41.5,69.0,55.3,71.4,57.4,48.3,57.8,54.2,76.7,56.5,2,56.2,0,1,1,2,27,80.0,53.65,61.3,71.02,68.86,62.67
22,Female,Computer Science,B.Tech,8,6.59,1,73.5,38.0,55.0,67.2,67.2,63.5,57.0,84.7,44.9,77.5,81.7,81.4,71.9,2,36.6,0,0,0,1,255,41.0,57.98,78.12,58.18,30.98,58.02
21,Female,Information Technology,B.Tech,8,8.58,0,81.5,52.8,60.3,64.0,68.8,40.1,56.9,82.0,48.8,77.6,68.6,92.7,79.7,1,39.0,1,1,2,0,19,66.3,57.15,79.65,84.51,61.7,70.54
22,Female,Mechanical,B.Tech,8,6.67,0,78.3,62.5,56.3,51.8,93.5,95.0,49.4,71.4,58.0,50.8,78.6,65.4,55.4,2,40.8,2,1,1,2,91,76.7,68.08,62.55,70.18,76.24,68.83
22,Female,Electrical,B.Tech,8,7.19,0,82.3,53.8,60.6,51.2,69.8,64.4,46.0,62.0,69.3,81.3,87.4,72.5,69.7,1,40.3,0,1,1,0,245,72.0,57.63,77.72,75.02,48.09,65.43
21,Male,Computer Science,B.Tech,8,8.38,2,90.8,69.4,71.3,86.4,43.4,66.2,59.3,57.7,70.5,65.5,56.5,73.6,67.5,2,51.0,2,0,0,1,450,73.4,66.0,65.78,65.9,47.3,63.12
21,Male,Computer Science,B.Tech,8,8.89,2,78.4,94.6,86.6,87.2,71.2,52.4,47.6,62.8,91.5,60.7,59.2,59.8,70.2,3,57.5,1,0,0,3,1,66.3,73.27,62.47,65.75,59.25,66.75
24,Male,Electronics,B.Tech,8,7.59,1,71.2,57.7,56.6,59.9,73.2,56.7,44.0,76.7,55.7,58.7,46.5,68.9,61.2,2,63.8,2,1,1,1,57,87.8,58.02,58.82,64.49,79.14,63.29
21,Male,Computer Science,B.Tech,8,6.67,0,83.0,60.3,68.1,76.4,45.9,33.8,55.9,61.0,69.7,61.3,72.4,84.2,60.0,2,45.4,2,1,3,0,187,78.7,56.73,69.47,71.59,85.62,68.07
20,Female,Information Technology,B.Tech,8,6.66,2,82.2,52.4,51.8,52.9,66.7,75.3,80.8,68.2,52.9,68.4,74.2,84.0,64.5,2,44.3,2,0,0,1,135,58.7,63.32,72.78,51.28,45.29,58.9
22,Female,Information Technology,B.Tech,8,6.84,0,73.7,59.3,55.2,57.6,81.5,55.1,73.7,97.6,55.0,63.6,78.8,80.3,71.0,4,85.1,3,1,2,0,354,89.0,63.73,73.42,69.99,100.0,72.99
22,Male,Electrical,B.Tech,8,6.27,0,74.9,47.2,46.0,60.2,71.5,49.2,45.9,83.0,47.7,77.7,67.3,92.3,64.1,0,36.1,3,1,1,4,52,68.9,53.33,75.35,66.36,72.83,64.57
22,Female,Information Technology,B.Tech,8,6.34,0,71.2,55.8,34.1,32.4,65.9,64.9,40.0,91.3,35.2,62.9,66.5,70.3,62.8,1,54.3,1,1,1,0,65,49.7,48.85,65.62,65.74,58.29,58.69
23,Male,Electronics,B.Tech,8,6.85,0,83.2,42.3,47.7,53.6,90.5,19.9,34.5,63.1,50.0,59.8,41.4,66.3,59.1,4,92.3,2,0,0,1,6,74.8,48.08,56.65,72.91,75.69,61.38
22,Female,Information Technology,B.Tech,8,7.16,2,82.7,72.4,77.3,69.4,35.1,62.2,34.7,75.8,73.3,49.3,64.2,74.2,73.2,4,70.0,4,1,2,1,92,91.9,58.52,65.22,54.93,100.0,65.0
21,Male,Computer Science,B.Tech,8,6.95,0,88.7,40.3,51.9,63.3,68.8,68.9,63.0,54.4,45.7,94.3,69.0,63.8,62.7,3,83.2,0,0,0,0,12,67.8,59.37,72.45,75.26,48.96,65.19
22,Female,Information Technology,B.Tech,8,6.35,3,73.2,85.6,77.2,75.8,65.0,71.2,49.1,43.5,77.8,55.0,76.1,63.5,56.7,0,26.0,0,0,0,0,8,56.4,70.65,62.82,36.41,7.8,49.38
21,Female,Electrical,B.Tech,8,7.71,0,86.0,48.3,50.2,50.8,55.6,80.9,87.1,72.5,53.4,64.5,86.7,82.9,68.1,2,56.1,1,1,1,1,64,73.2,62.15,75.55,79.77,70.83,71.42
20,Female,Computer Science,B.Tech,8,8.51,2,70.7,84.6,76.9,83.7,50.0,16.4,66.6,67.0,79.9,72.7,72.4,57.1,63.9,4,82.0,1,1,1,0,8,74.3,63.03,66.53,60.78,90.6,67.19
21,Male,Information Technology,B.Tech,8,6.45,0,75.2,67.6,52.0,69.0,84.4,85.3,52.8,69.1,62.8,59.7,61.0,60.3,67.8,3,72.3,3,0,0,0,4,82.1,68.52,62.2,67.71,63.69,66.29
20,Male,Computer Science,B.Tech,8,6.98,0,88.5,42.0,44.8,51.3,56.3,68.0,65.2,64.1,55.0,78.2,86.4,73.4,65.0,1,27.6,2,0,0,0,1,55.2,54.6,75.75,75.41,28.28,61.12
21,Male,Information Technology,B.Tech,8,7.14,0,65.4,74.6,76.2,83.6,39.2,56.4,71.5,70.4,76.9,59.9,74.4,77.5,68.6,2,61.3,2,0,0,2,26,62.0,66.92,70.1,69.6,54.39,66.48
21,Female,Computer Science,B.Tech,8,8.25,0,79.3,67.9,64.5,53.6,87.3,41.5,34.1,44.7,66.9,79.5,48.1,74.0,61.8,4,74.0,0,0,0,0,363,72.7,58.15,65.85,81.54,54.2,66.11
22,Male,Computer Science,B.Tech,8,8.91,3,71.6,61.3,63.2,65.9,59.1,33.3,46.7,85.6,57.9,81.3,69.2,74.9,81.7,2,44.7,2,1,1,1,22,94.5,54.92,76.78,53.85,73.41,61.74
20,Other,Computer Science,B.Tech,8,9.9,0,66.9,73.3,72.4,88.3,60.5,70.2,57.5,45.5,69.2,42.9,58.9,79.5,41.1,3,73.3,1,0,0,0,40,75.5,70.37,55.6,89.37,51.99,70.36
22,Male,Information Technology,B.Tech,8,6.72,0,76.0,51.2,55.3,54.1,84.0,55.9,43.0,63.4,40.0,76.3,70.5,72.6,63.1,2,46.4,1,1,1,2,72,80.1,57.25,70.62,69.84,71.92,65.9
22,Female,Computer Science,B.Tech,8,6.88,0,82.5,58.3,60.8,71.1,64.4,47.7,61.5,82.1,60.8,58.6,81.7,72.1,68.9,4,98.0,2,0,0,0,22,81.7,60.63,70.32,72.91,73.4,68.17
22,Male,Computer Science,B.Tech,8,4.96,0,84.9,41.0,39.6,49.0,62.6,61.0,51.3,70.4,52.0,57.2,84.0,75.3,47.8,2,40.3,2,1,2,0,12,85.8,50.75,66.08,60.19,76.09,60.45
21,Female,Mechanical,B.Tech,8,8.04,0,74.0,73.8,82.3,77.3,73.4,98.0,67.0,69.6,80.0,71.5,87.0,66.0,81.9,1,31.5,3,1,2,2,60,66.0,78.63,76.6,78.48,79.45,78.3
22,Male,Information Technology,B.Tech,8,6.89,0,90.6,64.1,54.3,66.0,75.1,33.4,26.5,80.1,67.2,63.9,68.8,91.3,63.6,5,98.0,1,0,0,0,19,71.0,53.23,71.9,75.41,75.4,66.94
22,Male,Electronics,B.Tech,8,7.31,0,67.9,59.0,50.6,50.9,50.7,41.2,33.4,92.6,52.2,59.7,78.7,82.6,74.8,2,60.2,3,1,1,3,56,94.7,47.63,73.95,71.54,92.06,66.73
21,Male,Electrical,B.Tech,8,5.97,0,81.9,55.1,55.1,67.2,87.1,61.3,36.6,80.3,53.9,72.0,68.1,80.0,81.0,5,83.3,1,0,0,0,90,62.3,60.4,75.28,66.36,70.99,66.75
21,Female,Electronics,B.Tech,8,7.74,2,91.2,87.8,70.0,83.1,70.6,74.2,32.8,61.9,87.7,84.8,60.4,78.3,61.5,1,36.4,0,1,1,0,44,70.8,69.75,71.25,61.54,46.92,64.16
22,Female,Electrical,B.Tech,8,7.37,0,79.4,58.5,60.8,59.8,36.8,55.4,58.3,61.5,56.9,64.0,55.2,58.9,58.4,1,26.9,1,1,2,0,46,75.9,54.93,59.12,75.41,58.07,62.38
21,Female,Electrical,B.Tech,8,8.64,0,88.1,69.8,67.2,73.5,72.5,31.2,80.2,57.2,73.1,72.4,45.8,76.1,65.2,0,22.0,1,1,3,0,23,69.3,65.73,64.88,86.91,56.6,70.54
22,Female,Information Technology,B.Tech,8,6.16,0,65.0,61.0,72.0,56.9,72.0,44.0,61.8,65.6,65.7,68.1,65.0,80.0,72.6,1,23.2,0,1,1,0,204,55.6,61.28,71.42,62.62,42.96,60.96
23,Male,Computer Science,B.Tech,8,6.93,0,73.9,40.8,46.5,49.8,66.3,98.0,59.1,71.8,44.8,68.1,59.1,86.5,64.1,3,61.4,3,1,2,1,22,75.4,60.08,69.45,70.68,100.0,71.12
22,Male,Information Technology,B.Tech,8,8.03,1,94.8,58.4,69.7,71.6,62.2,49.1,56.5,79.2,62.5,74.4,61.2,65.4,73.6,0,20.0,1,1,1,1,6,70.7,61.25,68.65,74.65,44.0,64.16
21,Male,Information Technology,B.Tech,8,7.6,0,98.0,61.0,67.0,60.1,53.5,63.6,89.4,79.9,62.9,52.1,75.2,75.8,75.1,1,34.3,1,1,2,1,62,63.4,65.77,69.55,82.6,64.29,71.35
22,Female,Electronics,B.Tech,8,6.7,0,55.0,53.7,44.6,56.4,69.6,46.1,60.4,76.2,50.8,71.1,95.0,69.0,59.1,2,59.0,0,0,0,2,101,67.3,55.13,73.55,63.4,41.7,59.28
20,Male,Computer Science,B.Tech,8,8.01,0,98.0,53.7,49.2,67.0,57.0,52.0,54.1,67.4,55.0,60.7,81.3,76.7,47.0,2,68.5,0,0,0,1,58,61.5,55.5,66.42,85.47,40.55,64.43
22,Female,Information Technology,B.Tech,8,6.0,0,69.9,50.3,55.7,50.2,70.5,67.1,83.5,92.1,52.3,72.1,70.3,77.4,64.1,4,68.0,2,0,0,3,182,71.4,62.88,70.97,62.97,76.4,66.55
21,Male,Information Technology,B.Tech,8,6.75,1,77.4,43.2,45.2,60.7,73.0,44.1,68.5,62.0,45.0,69.7,45.9,87.6,62.0,2,41.5,2,0,0,0,63,61.9,55.78,66.3,60.47,40.45,56.99
21,Male,Information Technology,B.Tech,8,6.35,0,65.6,58.0,57.0,58.3,41.9,45.4,61.4,96.7,57.2,48.8,57.3,68.5,66.2,3,73.2,1,1,2,1,278,77.4,53.67,60.2,64.13,91.96,63.86
23,Male,Mechanical,B.Tech,8,7.07,0,82.0,62.7,59.7,65.5,72.8,56.5,78.3,57.5,67.1,76.7,73.8,59.0,64.5,1,20.0,1,1,1,3,177,68.4,65.92,68.5,74.09,60.0,68.0
23,Female,Information Technology,B.Tech,8,8.49,1,70.5,76.1,69.2,63.0,58.8,74.6,54.9,55.2,74.1,82.8,69.8,73.8,63.3,1,42.7,0,0,0,1,25,60.6,66.1,72.42,70.58,24.81,62.51
22,Male,Electrical,B.Tech,8,6.94,0,74.8,69.5,79.8,68.9,46.7,54.3,47.1,65.2,72.2,87.3,78.4,74.8,77.1,2,32.2,0,1,1,0,37,69.8,61.05,79.4,71.02,53.66,66.6
20,Male,Computer Science,B.Tech,8,4.5,0,80.2,50.9,36.2,52.6,70.1,74.7,45.7,49.3,47.4,72.4,44.0,58.8,43.8,3,57.9,0,0,0,2,46,52.3,55.03,54.75,55.56,49.37,54.28
21,Female,Electronics,B.Tech,8,8.86,0,83.9,92.8,99.0,74.6,89.3,46.9,63.1,78.4,86.9,82.1,63.9,52.9,98.0,1,27.9,3,1,1,2,3,98.0,77.62,74.22,87.19,70.37,78.72
22,Female,Civil,B.Tech,8,7.67,1,86.2,62.0,70.4,66.2,82.7,71.0,54.8,70.0,64.7,72.3,61.4,80.4,74.0,4,83.4,1,1,1,1,12,98.0,67.85,72.03,69.55,95.02,73.27
21,Male,Computer Science,B.Tech,8,8.48,0,94.9,59.4,69.4,69.0,53.2,49.5,25.6,98.0,69.1,55.6,47.7,71.5,73.1,4,80.3,0,0,0,0,13,75.8,54.35,61.98,87.83,56.09,66.18
21,Male,Computer Science,B.Tech,8,7.0,3,95.8,59.2,44.8,59.4,74.3,85.6,45.5,54.5,40.2,66.8,62.9,76.8,62.0,3,65.8,0,0,0,0,114,53.3,61.47,67.12,47.74,43.74,55.82
21,Female,Civil,B.Tech,8,6.69,0,80.6,60.9,53.9,68.6,89.0,65.2,66.5,60.5,60.8,57.4,49.0,77.3,58.6,2,52.4,0,0,0,0,155,58.4,67.35,60.58,71.01,31.72,61.75
20,Female,Electronics,B.Tech,8,6.29,3,84.9,48.7,51.6,47.6,55.5,55.3,53.5,69.8,51.4,57.4,59.0,85.5,55.7,2,33.1,0,1,1,0,47,59.8,52.03,64.4,39.5,53.93,51.03
20,Female,Computer Science,B.Tech,8,6.5,0,91.3,56.4,44.2,48.4,61.5,37.4,33.5,72.7,48.7,55.1,68.3,63.6,53.2,4,93.2,1,1,1,2,316,88.8,46.9,60.05,72.89,100.0,65.29
23,Female,Information Technology,B.Tech,8,7.85,0,84.5,60.8,64.0,73.4,85.9,64.8,46.9,77.8,65.7,60.4,66.7,69.8,72.8,2,50.1,3,1,1,0,63,98.0,65.97,67.42,80.3,77.03,72.22
22,Female,Information Technology,B.Tech,8,6.43,0,86.7,53.5,54.5,52.9,80.4,72.8,51.6,52.1,63.5,75.2,51.7,75.9,60.3,2,51.2,1,0,0,1,132,68.6,60.95,65.78,71.02,41.36,62.0
22,Male,Information Technology,B.Tech,8,7.95,0,88.5,73.5,84.6,87.1,71.2,40.4,95.0,67.1,82.3,58.8,82.7,72.9,70.0,0,29.0,3,1,1,1,16,78.1,75.3,71.1,82.2,58.7,74.04
21,Male,Mechanical,B.Tech,8,7.74,0,74.8,60.4,63.1,78.4,75.2,28.4,58.5,98.0,64.0,83.5,45.7,60.7,82.3,1,32.9,0,1,1,0,33,69.8,60.67,68.05,76.62,45.87,64.71
24,Male,Electrical,B.Tech,8,9.01,0,90.9,76.6,75.4,63.1,38.2,41.7,39.2,42.8,77.1,81.1,63.8,63.1,72.8,5,81.8,1,1,2,0,126,98.0,55.7,70.2,90.34,100.0,75.64
20,Female,Mechanical,B.Tech,8,6.86,0,81.7,51.3,55.5,61.8,60.1,71.8,41.8,72.1,52.0,62.2,64.9,79.5,57.4,2,40.4,2,1,2,0,15,98.0,57.05,66.0,72.53,76.12,66.34
20,Male,Electrical,B.Tech,8,6.12,2,79.1,51.8,60.6,68.1,66.0,45.7,65.8,77.7,64.0,71.1,72.3,68.0,68.2,4,66.1,1,0,0,2,73,60.9,59.67,69.9,46.57,65.83,58.71
23,Female,Electrical,B.Tech,8,6.0,2,74.6,47.2,42.6,44.7,77.8,32.7,52.1,87.3,49.8,80.0,62.0,68.4,76.9,0,26.4,3,1,2,1,73,80.8,49.52,71.82,44.38,65.92,54.9
22,Female,Information Technology,B.Tech,8,7.2,0,82.5,51.8,52.2,47.0,64.6,59.3,50.8,73.0,52.4,70.7,86.6,65.4,62.4,2,39.3,3,1,1,4,119,78.7,54.28,71.28,75.15,89.79,69.27
21,Male,Information Technology,B.Tech,8,7.26,0,73.1,60.2,59.6,64.4,47.1,72.8,44.2,58.2,61.9,61.8,66.8,77.8,53.0,2,66.0,0,1,3,2,119,85.6,58.05,64.85,72.75,87.8,68.28
21,Male,Computer Science,B.Tech,8,7.64,0,79.0,79.3,68.8,72.1,57.6,65.1,39.2,92.4,74.4,76.7,67.8,63.7,81.2,0,20.0,2,0,0,0,4,73.8,63.68,72.35,77.18,18.0,62.61
23,Male,Civil,B.Tech,8,8.39,0,91.7,96.4,95.8,99.0,61.2,67.9,61.9,82.2,92.3,57.1,27.6,61.4,83.1,2,48.2,1,1,1,0,15,88.5,80.37,57.3,86.24,64.46,75.13
22,Female,Computer Science,B.Tech,8,7.48,0,78.3,60.2,46.6,46.8,61.4,98.0,19.8,66.7,57.5,63.2,76.3,79.2,55.8,5,78.5,2,1,1,4,36,98.0,55.47,68.62,75.85,100.0,70.89
21,Male,Mechanical,B.Tech,8,8.8,0,88.6,99.0,95.3,94.2,69.1,46.9,72.0,72.3,96.2,76.8,50.0,73.2,83.2,3,68.2,2,1,2,1,67,98.0,79.42,70.8,88.18,96.46,82.88
21,Female,Electronics,B.Tech,8,8.05,0,92.7,80.6,65.5,68.9,56.6,67.7,40.7,58.6,68.6,81.6,64.9,85.6,71.1,1,46.1,1,1,1,0,70,79.4,63.33,75.8,84.16,55.83,70.95
22,Female,Computer Science,B.Tech,8,7.73,0,73.4,66.4,43.7,49.0,81.3,55.1,56.2,63.4,49.3,72.0,71.6,57.7,56.1,2,39.0,1,0,0,1,32,71.3,58.62,64.35,76.13,37.7,61.88
20,Male,Electrical,B.Tech,8,8.3,0,83.1,85.0,68.6,98.5,79.6,84.7,66.6,78.6,77.9,45.8,76.4,86.7,64.7,2,51.3,3,0,0,1,52,76.4,80.5,68.4,83.03,53.39,74.77
21,Male,Computer Science,B.Tech,8,6.99,2,89.8,72.5,66.4,66.0,48.3,90.1,53.0,73.6,68.7,48.9,89.1,64.8,77.1,2,67.1,1,1,1,0,0,62.1,66.05,69.97,55.87,70.13,64.39
21,Male,Electronics,B.Tech,8,5.67,0,78.3,54.9,37.6,43.8,15.0,76.8,76.5,66.2,46.7,74.2,65.4,61.7,56.0,5,94.9,2,0,0,4,196,77.0,50.77,64.32,63.18,96.47,64.06
22,Female,Information Technology,B.Tech,8,8.58,0,94.9,63.6,66.1,76.5,81.8,52.2,43.6,66.1,67.4,75.2,57.5,49.0,77.2,3,90.2,0,1,1,3,153,81.3,63.97,64.72,88.53,91.06,75.55
21,Male,Electronics,B.Tech,8,8.37,1,88.7,64.2,73.9,76.1,62.5,44.0,69.3,72.0,71.5,65.4,66.2,77.0,54.1,3,61.3,4,1,1,0,298,98.0,65.0,65.68,75.2,94.39,72.6
22,Male,Civil,B.Tech,8,8.18,1,88.4,73.1,75.1,92.2,68.8,56.8,52.4,49.4,77.9,76.2,91.9,78.8,70.3,2,59.2,1,0,0,3,193,71.3,69.73,79.3,73.78,51.76,70.16
22,Male,Computer Science,B.Tech,8,7.08,2,77.0,65.6,63.2,68.6,96.8,49.9,65.2,68.3,62.9,55.0,67.4,82.6,56.8,3,69.5,2,0,0,0,27,77.1,68.22,65.45,52.66,56.85,61.29
21,Male,Computer Science,B.Tech,8,6.99,0,98.0,67.4,65.7,75.1,51.6,83.8,42.8,52.1,64.4,75.8,47.1,55.9,62.9,4,63.7,2,0,0,0,182,77.9,64.4,60.42,78.33,63.11,67.59
22,Female,Information Technology,B.Tech,8,8.36,0,73.2,64.2,57.7,63.1,67.1,71.9,45.5,58.4,51.9,61.8,63.3,66.4,56.5,3,69.0,0,0,0,0,124,63.1,61.58,62.0,80.48,44.7,64.8
21,Male,Electronics,B.Tech,8,7.22,1,80.8,62.2,54.3,61.5,48.5,48.0,49.6,74.9,60.7,68.4,62.4,58.3,65.7,0,20.0,3,1,2,0,40,88.8,54.02,63.7,64.78,60.0,60.08
22,Female,Computer Science,B.Tech,8,6.22,0,86.6,54.8,43.6,46.5,94.0,74.8,47.7,70.3,49.3,81.8,76.5,88.0,60.2,4,61.7,4,0,0,2,13,78.4,60.23,76.62,69.52,82.51,69.64
21,Female,Electrical,B.Tech,8,5.67,1,67.0,47.2,51.3,44.3,57.3,52.6,59.6,62.6,45.7,87.4,57.9,71.4,67.0,1,53.1,1,1,1,1,4,71.0,52.05,70.93,49.79,61.93,56.63
21,Male,Electrical,B.Tech,8,9.2,0,91.2,70.6,71.4,74.8,39.4,68.7,63.3,64.1,67.4,64.5,76.9,87.5,59.9,3,85.0,3,1,1,2,52,98.0,64.7,72.2,91.76,100.0,79.61
22,Male,Computer Science,B.Tech,8,8.45,0,61.8,55.0,54.3,58.6,67.0,82.2,76.5,81.2,49.4,60.3,46.5,83.0,62.2,1,44.4,0,1,1,0,113,87.0,65.6,63.0,77.69,49.32,66.26
22,Female,Information Technology,B.Tech,8,5.73,0,82.9,56.2,58.5,60.9,54.0,17.4,38.4,41.0,60.4,54.4,63.7,63.5,45.1,3,68.4,1,1,1,1,450,76.3,47.57,56.68,64.98,82.52,59.86
22,Male,Electrical,B.Tech,8,5.61,0,87.8,42.6,33.8,37.0,63.4,51.5,59.4,67.8,36.2,61.8,64.3,78.5,54.4,1,36.2,1,0,0,1,79,43.7,47.95,64.75,65.61,28.86,53.74
24,Female,Computer Science,B.Tech,8,7.37,0,87.9,58.7,57.5,50.8,60.4,59.4,58.2,58.8,60.8,70.3,59.8,64.9,52.4,2,56.6,0,1,1,0,71,78.2,57.5,61.85,77.96,60.98,65.03
20,Male,Computer Science,B.Tech,8,6.57,0,77.8,64.1,65.2,64.8,80.9,53.1,60.4,77.7,68.6,71.7,51.2,75.9,60.5,2,30.2,2,1,1,0,94,76.9,64.75,64.82,69.33,65.06,66.18
21,Female,Computer Science,B.Tech,8,6.42,0,86.9,44.4,48.7,48.0,58.1,71.9,50.8,74.0,50.9,56.6,60.6,61.1,58.2,2,48.8,3,0,0,1,15,68.9,53.65,59.12,71.01,52.64,59.8
21,Male,Mechanical,B.Tech,8,7.0,3,86.2,42.7,31.7,34.9,87.3,74.2,41.5,63.3,41.6,81.6,42.9,55.9,63.7,3,69.5,2,0,0,3,35,77.5,52.05,61.03,44.86,68.85,54.21
21,Female,Electronics,B.Tech,8,6.88,0,69.6,51.1,60.7,76.1,45.0,33.0,29.4,79.7,50.9,65.2,48.5,74.7,68.9,4,86.1,0,0,0,0,52,81.9,49.22,64.32,69.04,57.83,59.48
22,Male,Civil,B.Tech,8,6.53,1,79.0,50.8,55.4,59.8,59.8,60.5,52.9,77.0,53.9,48.8,65.2,77.3,56.3,2,28.9,2,1,1,2,25,78.7,56.53,61.9,59.41,72.67,60.89
22,Female,Computer Science,B.Tech,8,6.33,0,83.8,62.6,48.5,61.2,50.8,37.7,54.3,67.6,56.2,78.0,66.0,54.9,76.1,2,51.8,3,1,1,0,97,74.6,52.52,68.75,69.45,77.54,64.6
22,Male,Computer Science,B.Tech,8,7.77,0,89.0,65.4,66.4,75.6,44.7,75.8,68.8,55.3,73.7,53.6,80.5,63.2,54.1,4,65.2,2,0,0,1,373,95.8,66.12,62.85,81.09,67.56,70.17
22,Female,Electrical,B.Tech,8,7.44,0,76.0,58.9,76.2,73.5,49.5,51.3,55.4,71.8,66.3,68.3,75.9,66.1,69.3,4,59.9,4,0,0,0,450,74.2,60.8,69.9,74.88,73.97,68.82
22,Male,Mechanical,B.Tech,8,6.82,0,98.0,69.2,73.6,54.1,89.9,60.8,27.0,96.7,62.6,85.6,95.0,71.3,86.3,3,56.3,2,1,1,3,159,89.2,62.43,84.55,77.14,92.89,75.84
20,Female,Electronics,B.Tech,8,6.4,1,77.8,52.5,47.0,61.4,60.9,62.0,41.0,93.6,57.2,98.0,87.9,75.5,99.0,3,45.8,0,0,0,0,31,51.4,54.13,90.1,58.14,37.74,60.07
22,Female,Information Technology,B.Tech,8,7.11,0,76.0,59.1,61.9,54.1,53.8,51.7,42.1,78.2,60.9,85.4,57.1,83.4,80.2,2,67.1,1,1,2,0,17,77.7,53.78,76.53,72.57,78.13,67.62
20,Male,Information Technology,B.Tech,8,8.18,0,68.5,75.6,73.4,83.9,74.1,59.6,73.8,95.5,77.5,75.3,68.2,65.2,90.8,1,35.4,0,0,0,0,18,51.9,73.4,74.88,77.81,18.62,66.8
20,Male,Computer Science,B.Tech,8,6.91,1,79.9,62.9,45.0,76.2,44.1,28.4,65.7,42.2,66.5,83.4,74.0,72.4,68.6,1,42.7,0,0,0,2,45,54.2,53.72,74.6,62.34,28.81,56.75
22,Male,Information Technology,B.Tech,8,6.07,0,78.6,52.9,58.5,51.1,73.6,40.6,53.2,72.6,49.2,77.4,77.2,64.7,64.6,1,20.0,1,1,2,1,33,74.8,54.98,70.97,66.07,60.0,62.26
22,Female,Computer Science,B.Tech,8,7.6,3,65.3,74.6,72.7,65.5,29.1,66.3,66.4,62.0,81.3,55.2,66.2,56.5,73.8,2,34.7,2,1,2,1,105,87.1,62.43,62.92,42.79,78.41,59.03
24,Female,Information Technology,B.Tech,8,5.15,1,81.1,27.0,29.8,31.6,52.6,85.1,74.8,95.3,28.9,80.3,64.8,60.1,65.6,0,21.8,2,0,0,1,17,39.1,50.15,67.7,50.38,22.54,49.59
21,Female,Computer Science,B.Tech,8,7.19,0,81.6,76.2,64.3,59.5,65.9,40.1,35.6,68.7,77.7,88.7,86.1,62.2,77.0,2,65.9,3,0,0,0,23,78.7,56.93,78.5,74.81,53.77,66.13
21,Female,Information Technology,B.Tech,8,8.25,0,79.6,82.0,82.3,74.4,71.0,41.8,57.4,82.0,70.5,57.5,55.2,78.7,73.1,4,67.1,1,1,2,0,24,84.2,68.15,66.12,81.63,94.13,75.68
21,Male,Information Technology,B.Tech,8,5.78,2,84.9,42.3,42.5,51.5,71.0,91.6,67.3,66.2,52.0,75.0,67.7,66.5,66.0,4,79.8,1,0,0,0,196,58.7,61.03,68.8,45.93,61.94,58.19
20,Female,Mechanical,B.Tech,8,4.78,3,80.2,32.0,20.0,28.3,48.9,54.9,43.8,42.4,22.3,51.4,40.2,89.3,32.9,3,48.9,2,0,0,2,12,54.7,37.98,53.45,27.52,58.67,41.04
22,Male,Information Technology,B.Tech,8,6.05,0,75.4,58.4,52.6,40.8,85.3,42.1,20.2,69.0,64.2,63.7,59.2,66.6,65.1,2,64.7,0,0,0,1,236,40.9,49.9,63.65,64.97,39.41,55.6
21,Male,Electronics,B.Tech,8,7.49,2,88.5,59.4,54.2,57.6,63.7,72.4,35.4,98.0,50.1,85.0,71.6,81.7,76.4,3,59.2,0,1,3,3,23,79.8,57.12,78.68,58.98,97.76,68.09
24,Male,Information Technology,B.Tech,8,6.35,2,91.2,57.4,51.0,45.1,70.5,40.3,42.1,42.0,51.6,73.5,78.7,98.0,50.7,2,62.1,2,1,1,0,68,76.2,51.07,75.22,51.81,74.63,59.66
22,Other,Information Technology,B.Tech,8,4.5,4,91.7,31.4,24.9,26.7,63.4,37.2,56.7,85.8,26.8,75.7,67.4,87.0,68.9,3,67.9,2,0,0,4,26,66.6,40.05,74.75,19.01,72.37,45.53
22,Male,Mechanical,B.Tech,8,5.73,1,98.0,27.3,33.9,54.0,54.7,62.7,44.4,88.3,24.1,76.9,56.4,82.0,72.3,1,51.2,0,0,0,1,48,46.3,46.17,71.9,59.51,27.36,52.5
20,Female,Computer Science,B.Tech,8,6.75,2,67.2,50.9,50.6,61.2,63.3,31.7,44.3,43.5,55.3,68.5,64.2,80.4,58.4,2,45.7,3,1,1,0,254,80.7,50.33,67.88,47.41,75.71,56.77
21,Male,Information Technology,B.Tech,8,5.99,1,85.7,36.8,37.3,41.0,50.3,39.1,54.6,57.5,41.1,77.9,66.6,64.3,66.9,1,34.2,2,0,0,0,67,72.4,43.18,68.93,57.64,30.26,50.73
21,Male,Electronics,B.Tech,8,7.72,1,76.8,63.6,62.8,68.2,54.7,54.8,47.1,63.3,58.4,85.3,71.4,74.4,76.4,1,35.4,3,1,1,2,66,81.6,58.53,76.88,67.08,72.62,66.88
22,Female,Information Technology,B.Tech,8,8.52,0,74.6,89.5,85.2,91.3,43.0,53.3,45.7,83.8,84.7,64.1,88.3,65.9,79.9,2,53.4,1,1,1,1,44,85.3,68.0,74.55,82.02,70.02,73.82
22,Male,Information Technology,B.Tech,8,9.9,1,78.2,87.0,99.0,99.0,73.1,39.2,46.2,91.8,93.5,63.9,54.9,55.7,88.4,3,64.7,1,1,2,2,313,89.8,73.92,65.72,82.76,93.41,77.86
22,Female,Civil,B.Tech,8,5.71,0,79.0,59.7,39.0,48.5,62.2,29.0,45.0,92.2,49.8,80.1,48.3,77.0,78.9,3,50.7,1,0,0,0,197,73.6,47.23,71.07,63.67,45.21,56.63
22,Male,Electronics,B.Tech,8,7.18,0,78.9,59.3,58.3,68.8,56.0,43.1,34.4,56.4,52.6,85.8,63.0,79.7,76.8,2,54.0,1,0,0,0,30,68.1,53.32,76.32,73.93,38.2,61.84
20,Female,Information Technology,B.Tech,8,8.63,0,82.2,61.4,60.9,69.4,73.1,39.0,46.8,44.2,60.7,87.6,49.5,70.2,71.1,2,52.7,4,1,1,1,14,98.0,58.43,69.6,85.07,87.81,73.06
21,Male,Computer Science,B.Tech,8,7.38,0,84.7,73.5,57.1,92.1,69.9,80.4,57.3,68.9,67.1,78.8,51.6,73.0,72.8,1,36.1,2,0,0,0,22,51.0,71.72,69.05,77.07,30.83,66.66
20,Male,Computer Science,B.Tech,8,7.97,0,83.6,83.6,88.6,78.0,63.9,69.3,39.0,80.3,87.8,74.5,50.3,71.1,85.2,5,98.0,0,1,1,0,223,77.3,70.4,70.27,80.87,97.4,77.56
23,Female,Computer Science,B.Tech,8,7.85,0,83.5,81.9,78.8,85.5,56.7,60.0,20.5,72.0,83.4,91.7,65.0,70.5,88.0,3,62.6,1,1,2,0,445,74.3,63.9,78.8,80.0,84.78,74.84
21,Male,Information Technology,B.Tech,8,6.11,0,98.0,61.3,68.1,76.4,57.8,10.0,65.2,95.6,66.7,82.4,45.6,82.2,84.9,2,59.3,2,1,2,0,40,69.8,56.47,73.78,72.17,81.79,68.44
21,Female,Electronics,B.Tech,8,7.45,1,76.3,64.6,76.2,81.9,54.8,64.6,30.1,58.2,69.8,63.2,57.5,65.4,60.0,3,40.0,0,1,1,2,300,71.7,62.03,61.53,65.04,72.0,64.33
21,Female,Computer Science,B.Tech,8,9.9,0,58.3,87.9,74.1,90.3,70.3,47.0,56.4,41.3,82.8,73.8,56.6,80.2,64.8,3,60.8,3,0,0,4,19,83.9,71.0,68.85,86.79,76.24,76.09
22,Female,Electrical,B.Tech,8,6.07,0,76.7,45.4,52.8,31.4,35.1,81.2,30.4,81.1,56.7,71.2,84.9,77.6,74.8,1,25.3,0,0,0,1,105,46.6,46.05,77.12,65.5,19.59,54.13
21,Male,Electronics,B.Tech,8,6.49,0,90.1,50.7,58.0,53.1,82.8,47.0,42.6,66.9,54.8,79.4,84.9,58.4,62.5,0,20.8,2,1,1,2,200,68.9,55.7,71.3,72.46,54.24,63.63
20,Male,Computer Science,B.Tech,8,5.03,0,85.7,31.2,34.0,43.7,55.2,76.5,85.6,85.9,32.9,69.1,73.9,77.3,64.6,3,64.2,0,0,0,0,37,50.6,54.37,71.22,60.92,43.26,58.04
22,Male,Information Technology,B.Tech,8,6.68,0,98.0,57.6,41.4,60.4,56.6,51.0,38.7,68.2,49.4,77.8,93.2,74.5,66.8,2,60.5,2,0,0,2,150,63.8,50.95,78.08,76.16,54.15,64.42
22,Male,Computer Science,B.Tech,8,7.77,0,85.5,74.2,63.9,75.1,64.2,49.5,56.9,44.5,87.1,83.0,74.4,76.7,59.2,3,52.9,2,1,2,0,54,69.7,63.97,73.32,80.04,87.87,74.25
21,Female,Computer Science,B.Tech,8,6.7,1,86.7,64.7,54.6,56.1,64.1,26.7,39.8,63.1,61.8,70.0,81.0,56.1,59.6,1,25.5,1,1,1,1,9,74.0,51.0,66.68,62.91,53.65,58.11
22,Other,Electronics,B.Tech,8,8.3,0,74.7,74.7,73.0,76.2,98.0,49.7,34.2,80.8,72.5,87.4,63.2,59.1,83.1,2,51.5,1,0,0,4,23,73.8,67.63,73.2,80.51,53.45,70.48
22,Female,Mechanical,B.Tech,8,8.98,0,79.3,79.5,75.0,76.5,51.2,54.2,69.7,75.5,78.6,63.4,73.1,80.9,64.6,2,58.7,0,1,1,0,37,71.9,67.68,70.5,86.65,61.61,73.02
21,Female,Information Technology,B.Tech,8,7.51,0,90.0,74.7,75.7,67.1,53.3,56.7,47.0,56.7,74.1,63.8,48.9,81.3,74.0,3,40.0,0,1,2,1,207,69.3,62.42,67.0,79.57,76.0,70.52
22,Female,Computer Science,B.Tech,8,8.79,2,90.2,76.6,89.4,77.9,56.8,60.0,33.2,79.6,76.3,73.2,62.8,81.3,77.0,2,29.7,1,0,0,0,114,74.7,65.65,73.58,68.59,30.91,62.91
22,Male,Information Technology,B.Tech,8,7.06,0,85.8,62.7,52.7,69.8,76.9,61.4,53.4,68.7,60.2,70.2,91.7,79.2,58.3,1,36.8,1,1,1,1,233,76.4,62.82,74.85,75.16,57.04,68.06
21,Female,Electrical,B.Tech,8,9.1,0,71.9,94.0,77.2,96.1,62.0,41.8,82.3,63.0,87.9,73.6,73.1,74.9,74.8,2,57.1,1,1,1,3,77,83.1,75.57,74.1,85.27,79.13,78.72
20,Male,Computer Science,B.Tech,8,,3,65.3,57.4,61.3,69.9,32.7,60.9,27.3,62.8,55.1,61.7,61.2,39.1,60.0,2,53.8,0,1,2,2,153,66.4,51.58,55.5,39.92,76.14,52.55
21,Female,Electronics,B.Tech,8,6.14,1,93.2,64.7,60.1,68.6,44.2,65.8,34.2,62.1,62.2,56.4,54.6,69.4,67.6,4,84.1,1,0,0,0,32,78.2,56.27,62.0,60.94,63.23,59.86
21,Male,Information Technology,B.Tech,8,6.48,1,86.5,53.1,41.6,38.1,76.2,67.2,45.4,73.5,51.7,56.8,82.3,63.1,54.9,4,84.7,1,0,0,0,170,58.4,53.6,64.27,61.31,63.41,59.52
21,Male,Electronics,B.Tech,8,7.25,3,76.4,40.6,53.5,55.1,22.9,58.1,33.3,80.6,46.9,66.4,51.2,67.1,60.0,1,34.7,1,0,0,2,94,58.1,43.92,61.18,43.67,32.41,45.57
22,Female,Civil,B.Tech,8,7.14,0,98.0,50.4,43.8,33.7,67.4,67.4,70.4,64.3,47.1,78.6,85.8,63.8,58.9,2,29.2,1,0,0,1,143,65.7,55.52,71.77,79.38,34.76,62.81
23,Male,Information Technology,B.Tech,8,7.25,0,71.3,61.8,64.1,66.0,70.3,46.2,68.0,71.2,71.6,92.8,49.7,72.1,78.2,1,45.6,0,1,2,0,50,69.1,62.73,73.2,72.14,57.68,66.89
24,Female,Electrical,B.Tech,8,6.91,0,68.7,52.4,49.5,49.2,64.5,56.3,52.4,78.5,58.2,90.9,28.8,81.6,77.0,3,56.2,1,1,2,1,158,77.4,54.05,69.58,68.98,86.86,66.56
21,Female,Mechanical,B.Tech,8,6.75,0,59.4,68.7,67.4,65.6,21.8,69.4,49.2,89.2,63.9,98.0,45.3,60.5,81.2,1,26.9,3,1,1,1,40,64.7,57.02,71.25,65.07,66.07,63.64
20,Female,Information Technology,B.Tech,8,7.05,2,64.5,51.2,60.5,74.8,61.2,75.9,45.9,57.8,49.0,79.3,56.0,70.3,64.6,4,65.1,2,1,2,0,4,93.6,61.58,67.55,48.7,99.53,64.6
21,Female,Information Technology,B.Tech,8,8.56,0,74.8,77.7,68.9,72.0,43.3,49.1,51.7,73.6,70.4,66.0,75.3,75.1,76.9,2,46.0,2,1,1,2,87,94.3,60.45,73.32,82.36,77.8,72.2
20,Female,Information Technology,B.Tech,8,7.28,4,72.1,62.3,62.3,59.8,58.9,39.0,55.7,64.0,65.1,48.2,79.7,88.9,50.0,0,20.0,2,0,0,0,131,53.2,56.33,66.7,32.59,18.0,45.53
21,Male,Electronics,B.Tech,8,8.6,0,95.2,76.1,67.1,78.4,72.1,28.9,42.2,69.5,77.9,68.8,67.1,84.7,69.5,2,39.0,2,1,1,4,21,82.0,60.8,72.52,88.76,83.7,74.97
21,Female,Electronics,B.Tech,8,6.48,0,62.4,56.7,45.0,55.7,70.6,56.4,74.6,68.5,44.1,60.4,64.5,70.7,40.8,5,92.6,2,0,0,0,310,79.8,59.83,59.1,64.08,79.78,63.95
21,Male,Electronics,B.Tech,8,6.03,0,61.0,49.4,50.2,49.6,49.4,50.3,35.8,98.0,46.8,66.6,48.5,67.5,62.3,1,38.4,1,1,1,0,79,54.7,47.45,61.22,60.51,53.52,55.03
21,Male,Computer Science,B.Tech,8,7.54,0,72.0,59.6,48.0,63.1,73.3,32.9,33.9,68.6,60.5,63.9,85.4,81.7,61.4,2,58.6,1,1,1,2,9,76.2,51.8,73.1,74.38,75.58,66.4
22,Male,Computer Science,B.Tech,8,6.61,0,62.2,40.3,35.7,41.0,33.3,65.5,26.2,81.3,35.4,68.5,86.3,89.8,57.0,2,39.7,2,0,0,2,42,63.6,40.33,75.4,64.93,47.91,55.86
22,Male,Computer Science,B.Tech,8,7.32,0,74.7,54.6,51.0,74.3,64.2,57.6,49.8,66.4,58.6,65.3,71.1,62.1,59.2,1,44.9,2,0,0,0,36,61.5,58.58,64.42,73.65,33.47,60.5
24,Female,Computer Science,B.Tech,8,7.85,0,91.4,69.3,70.5,81.5,72.3,53.2,42.4,79.6,62.0,73.5,65.1,58.0,56.1,1,32.5,1,1,2,3,20,72.3,64.87,63.18,82.37,71.75,70.81
22,Male,Information Technology,B.Tech,8,6.94,0,80.1,68.8,63.5,81.3,62.0,64.4,62.8,70.7,63.6,76.8,58.3,71.8,82.6,1,46.3,2,0,0,0,75,59.5,67.13,72.38,72.61,33.89,64.84
22,Male,Electrical,B.Tech,8,8.18,0,61.7,68.8,77.1,86.3,75.4,62.3,72.2,54.5,70.3,76.0,64.5,95.0,65.5,3,64.5,0,1,1,0,194,87.6,73.68,75.25,75.77,71.35,74.27
22,Male,Information Technology,B.Tech,8,8.34,1,70.4,66.0,66.0,59.2,49.9,62.0,41.7,64.2,64.8,82.1,70.6,71.0,76.9,2,49.6,1,1,1,0,93,81.9,57.47,75.15,69.5,64.88,65.73
22,Female,Electronics,B.Tech,8,6.58,0,85.4,57.7,42.5,44.9,84.7,55.3,55.6,50.6,40.3,84.6,82.0,78.6,61.0,2,60.2,2,0,0,0,96,61.6,56.78,76.55,71.68,46.06,63.6
21,Male,Electrical,B.Tech,8,5.48,0,62.0,46.7,38.9,49.7,66.6,37.6,22.8,80.2,47.7,72.1,75.2,80.7,66.0,0,20.2,1,0,0,1,195,52.9,43.72,73.5,56.96,16.06,49.5
21,Female,Computer Science,B.Tech,8,6.59,0,76.2,45.7,49.5,70.8,55.5,56.4,63.7,65.4,54.2,50.7,45.3,77.7,46.4,2,41.7,3,0,0,0,77,73.2,56.93,55.02,68.99,46.51,58.6
22,Female,Electrical,B.Tech,8,8.01,0,87.1,62.3,65.3,56.8,56.0,62.1,41.6,82.0,69.8,58.8,62.8,78.3,66.5,1,26.0,2,1,2,1,14,75.2,57.35,66.6,82.2,67.8,68.22
22,Male,Mechanical,B.Tech,8,6.14,0,75.6,41.4,38.0,40.4,74.0,76.2,39.0,75.0,36.4,70.4,63.6,63.9,69.5,3,67.4,3,0,0,3,15,58.4,51.5,66.85,65.66,74.22,62.23
21,Female,Mechanical,B.Tech,8,7.79,3,85.5,70.7,72.2,66.8,75.5,53.0,50.1,30.0,80.2,81.2,63.3,85.1,71.4,2,42.3,0,1,1,0,167,69.7,64.72,75.25,50.18,56.69,61.26
21,Male,Electronics,B.Tech,8,8.79,0,85.2,71.7,43.2,68.6,54.6,61.9,83.0,77.7,53.6,67.5,84.3,76.7,63.8,3,66.3,1,1,1,0,66,83.2,63.83,73.08,87.09,77.89,74.77
21,Female,Information Technology,B.Tech,8,7.47,0,76.3,67.6,81.2,83.7,59.0,26.9,51.0,54.6,77.1,86.9,77.4,85.1,75.2,2,37.5,2,1,1,0,223,86.9,61.57,81.15,75.18,67.25,70.42
23,Male,Electronics,B.Tech,8,5.89,3,85.4,56.1,49.7,69.3,90.4,36.3,42.3,59.5,57.5,65.7,49.8,46.7,52.4,2,38.9,2,0,0,0,242,71.6,57.35,53.65,36.85,39.67,47.81
22,Male,Electrical,B.Tech,8,7.26,0,55.0,38.8,31.9,61.5,65.7,42.6,42.6,32.6,33.9,73.8,50.2,61.0,56.7,2,47.4,2,0,0,1,186,69.2,47.18,60.42,67.32,46.22,55.73
22,Female,Electrical,B.Tech,8,9.83,1,88.1,83.0,85.7,81.9,50.5,66.4,65.1,66.3,78.4,89.4,62.2,74.7,85.1,1,39.0,2,1,1,4,142,91.3,72.1,77.85,85.24,75.7,77.73
22,Male,Electronics,B.Tech,8,5.88,0,87.0,62.6,56.3,43.7,39.7,60.6,43.7,77.5,62.1,62.4,52.8,89.1,59.6,3,70.4,2,0,0,2,179,57.9,51.1,65.97,67.26,65.12,61.03
21,Male,Electronics,B.Tech,8,6.64,0,79.2,47.0,51.7,54.1,66.5,92.3,40.3,76.7,60.0,91.3,78.0,73.6,77.7,1,45.4,4,0,0,0,10,83.0,58.65,80.15,70.24,45.62,64.47
20,Male,Electronics,B.Tech,8,5.41,0,69.8,55.3,35.8,45.3,67.0,61.3,40.0,53.2,40.6,67.0,53.5,72.3,57.9,1,27.4,2,0,0,0,34,64.5,50.78,62.68,58.81,28.22,52.18
21,Female,Information Technology,B.Tech,8,7.82,0,76.8,76.4,64.6,78.2,70.7,53.0,68.0,59.7,78.8,48.8,58.1,57.0,65.2,2,43.1,1,1,1,0,41,90.1,68.48,57.28,77.78,62.93,68.2
22,Male,Computer Science,B.Tech,8,6.96,0,82.1,56.5,70.1,66.6,52.7,34.6,46.8,75.4,62.5,76.3,36.2,87.4,66.8,3,76.3,3,0,0,2,116,80.0,54.55,66.68,73.35,72.89,65.37
21,Male,Electronics,B.Tech,8,6.84,0,79.0,72.8,60.0,57.9,73.1,37.0,49.0,54.4,64.5,65.4,80.1,70.7,53.8,2,54.3,0,1,1,2,227,76.8,58.3,67.5,71.58,68.29,65.62
22,Male,Computer Science,B.Tech,8,6.93,0,93.2,51.1,60.0,34.4,68.7,70.0,43.1,75.2,62.3,77.3,80.4,62.0,74.2,2,52.2,1,0,0,3,41,50.5,54.55,73.47,76.47,49.66,64.18
23,Female,Computer Science,B.Tech,8,9.9,0,77.1,72.6,70.7,80.0,49.2,44.8,53.9,79.4,75.2,68.4,80.8,51.7,78.9,3,65.6,2,1,1,0,39,88.0,61.87,69.95,92.43,83.68,75.93
20,Female,Electronics,B.Tech,8,5.72,0,76.4,51.4,59.2,52.1,51.7,32.4,42.1,92.6,53.1,83.3,86.7,56.0,75.3,3,65.3,2,1,1,0,101,94.5,48.15,75.32,62.96,83.59,63.34
20,Male,Civil,B.Tech,8,8.96,1,79.6,76.2,80.5,80.1,82.6,38.6,30.6,54.0,81.7,91.8,65.2,77.2,79.1,3,66.9,1,1,1,0,94,98.0,64.77,78.32,76.6,78.07,73.02
21,Male,Computer Science,B.Tech,8,6.21,0,73.1,55.6,54.0,73.3,43.7,75.3,50.0,98.0,56.1,67.4,42.2,70.5,79.4,3,83.1,1,0,0,0,70,60.9,58.65,64.88,65.4,54.93,61.36
21,Male,Computer Science,B.Tech,8,7.41,1,78.7,62.7,53.8,50.7,58.3,58.4,78.7,58.7,49.6,59.5,53.9,74.6,52.3,5,98.0,1,0,0,0,14,78.6,60.43,60.08,65.48,75.4,64.12
21,Female,Information Technology,B.Tech,8,4.57,2,85.9,36.1,28.4,40.3,51.1,33.2,45.1,83.3,32.9,74.3,83.7,59.1,64.9,4,72.2,3,0,0,0,120,73.4,39.03,70.5,37.76,71.66,49.84
21,Female,Computer Science,B.Tech,8,6.95,0,82.8,52.7,63.4,75.1,52.5,10.0,52.3,65.2,58.0,70.8,78.1,72.2,71.5,3,53.8,3,1,2,0,95,79.5,51.0,73.15,73.49,94.14,68.65
22,Male,Computer Science,B.Tech,8,7.94,0,74.3,50.4,68.8,72.5,89.3,59.4,46.5,98.0,60.1,80.7,70.7,91.3,76.7,2,48.3,2,0,0,2,177,52.2,64.48,79.85,77.87,50.49,69.47
21,Male,Electronics,B.Tech,8,7.93,0,88.3,64.1,59.4,61.5,56.4,44.6,48.1,64.8,62.2,61.5,77.6,70.9,65.4,2,47.5,1,1,2,0,137,62.6,55.68,68.85,82.0,72.25,68.7
22,Male,Computer Science,B.Tech,8,5.93,0,95.9,33.7,43.2,71.1,49.5,33.0,37.2,52.8,28.1,53.0,60.0,84.2,46.1,1,36.6,0,0,0,0,47,42.0,44.62,60.82,70.28,18.98,51.71
20,Male,Information Technology,B.Tech,8,9.0,0,96.6,57.2,65.0,76.4,73.1,44.5,43.9,74.9,55.7,78.7,74.3,79.6,74.3,2,38.5,1,1,1,1,4,84.0,60.02,76.72,91.98,65.55,73.78
21,Male,Information Technology,B.Tech,8,8.13,0,71.3,68.8,62.8,72.0,45.2,40.4,40.3,65.5,69.1,63.9,71.8,82.3,68.6,2,44.3,2,1,1,3,13,81.8,54.92,71.65,78.3,81.29,69.24
21,Male,Computer Science,B.Tech,8,5.23,1,73.4,44.0,47.7,48.2,44.4,59.7,72.4,67.9,43.5,86.3,78.1,58.4,64.9,1,37.8,0,1,2,0,50,61.8,52.73,71.92,48.63,55.34,55.73
21,Male,Electronics,B.Tech,8,7.32,0,84.9,65.6,65.8,62.4,63.5,79.2,55.5,82.9,71.6,71.3,64.4,60.6,76.1,1,22.3,2,1,3,2,13,65.6,65.33,68.1,76.71,78.69,71.3
21,Male,Civil,B.Tech,8,6.3,0,78.3,55.3,47.9,43.5,61.4,44.1,67.3,62.8,48.1,51.3,75.1,72.5,52.5,2,53.9,0,0,0,2,15,58.7,53.25,62.85,67.59,40.17,57.51
22,Female,Computer Science,B.Tech,8,7.69,0,80.8,69.8,49.2,58.5,84.1,63.5,37.5,64.3,56.1,74.5,61.7,81.9,61.0,3,55.1,1,1,2,2,160,88.1,60.43,69.78,78.07,90.53,72.11
20,Female,Civil,B.Tech,8,8.39,0,89.0,75.7,64.0,73.2,54.7,57.5,67.2,50.4,64.4,75.6,65.3,64.4,60.2,1,37.0,2,1,1,0,297,68.3,65.38,66.38,85.43,59.1,70.65
23,Female,Information Technology,B.Tech,8,8.15,1,78.1,83.5,75.3,72.2,44.4,34.5,78.2,98.0,79.6,82.7,84.6,56.6,83.2,5,78.4,3,1,1,1,450,98.0,64.68,76.78,70.48,100.0,74.14
21,Female,Computer Science,B.Tech,8,9.19,0,82.2,92.2,98.8,89.3,52.8,38.0,81.9,60.0,95.3,69.6,86.9,77.6,69.2,1,20.2,4,1,1,1,232,93.3,75.5,75.82,88.99,70.06,78.8
21,Female,Electronics,B.Tech,8,4.5,1,96.6,44.3,41.7,44.1,76.4,77.7,57.2,67.7,43.5,69.1,95.0,58.6,54.2,2,59.3,3,0,0,1,26,50.9,56.9,69.22,50.48,55.79,57.27
22,Male,Computer Science,B.Tech,8,4.85,0,89.2,43.9,41.6,41.3,55.1,69.1,67.1,70.3,41.0,78.8,72.0,73.9,57.0,5,94.0,2,1,1,0,24,81.2,53.02,70.43,60.71,100.0,65.86
21,Male,Information Technology,B.Tech,8,6.8,0,88.6,71.8,56.6,64.0,75.5,27.3,60.3,56.8,63.7,67.6,74.7,76.0,45.0,1,38.6,0,1,1,3,32,71.5,59.25,65.82,74.18,59.58,65.09
21,Female,Information Technology,B.Tech,8,8.04,0,87.4,67.1,59.2,80.0,19.7,78.0,58.9,62.4,66.3,85.8,67.0,79.6,81.3,5,98.0,3,0,0,0,450,96.4,60.48,78.42,82.5,87.4,74.71
21,Male,Computer Science,B.Tech,8,6.13,0,77.4,47.3,41.4,49.3,57.0,53.5,45.1,54.1,43.4,72.0,63.4,98.0,59.0,1,27.0,0,0,0,2,115,65.3,48.93,73.1,66.13,24.1,55.2
21,Male,Electronics,B.Tech,8,6.12,0,94.8,64.9,50.6,68.0,49.1,56.2,64.1,87.2,61.4,89.6,57.6,68.1,87.4,0,26.6,0,0,0,0,149,43.6,58.82,75.68,71.28,7.98,58.3
20,Female,Information Technology,B.Tech,8,7.56,0,97.3,69.1,69.8,62.9,52.3,23.2,29.9,70.5,62.5,77.0,53.1,63.8,76.5,1,28.7,1,1,1,1,129,75.8,51.2,67.6,82.11,54.61,64.26
21,Male,Computer Science,B.Tech,8,7.43,0,71.3,54.5,49.8,61.9,49.9,56.5,76.1,61.8,51.3,60.0,66.2,84.9,58.5,2,60.6,2,0,0,0,46,75.9,58.12,67.4,73.4,46.18,62.77
22,Male,Information Technology,B.Tech,8,8.43,0,97.6,63.5,53.5,57.1,66.6,66.8,58.7,64.5,53.8,63.9,67.6,62.0,55.0,4,72.7,1,0,0,0,77,77.7,61.03,62.12,88.29,59.81,69.24
21,Male,Electrical,B.Tech,8,6.77,2,67.3,54.9,39.2,53.8,55.8,48.7,60.7,55.7,47.1,77.0,65.7,65.0,64.0,1,33.7,1,0,0,1,83,55.1,52.18,67.92,47.58,28.11,50.34
21,Female,Civil,B.Tech,8,7.52,1,94.3,74.2,56.2,58.1,78.9,48.3,50.3,62.6,68.5,64.9,78.1,75.0,58.7,1,52.4,0,1,1,0,44,69.1,61.0,69.18,70.93,51.72,64.22
20,Male,Electronics,B.Tech,8,6.79,1,84.7,58.1,50.6,52.2,49.1,41.3,47.6,67.5,52.6,72.0,60.9,82.0,65.4,0,20.0,3,1,1,0,14,75.0,49.82,70.08,62.94,52.0,58.13
22,Male,Computer Science,B.Tech,8,7.25,0,91.6,72.3,53.1,75.6,45.4,73.5,36.6,67.3,62.3,71.9,87.2,64.2,66.3,3,49.3,0,1,1,0,53,80.1,59.42,72.4,78.23,66.79,68.76
22,Female,Computer Science,B.Tech,8,8.33,0,77.9,65.7,70.6,68.3,61.6,50.6,47.5,49.7,63.9,66.3,56.5,61.3,71.7,2,58.1,2,1,1,0,53,80.9,60.72,63.95,81.68,73.43,69.56
22,Female,Computer Science,B.Tech,8,7.4,0,78.6,89.5,75.5,73.3,63.6,52.2,56.7,66.8,74.4,57.2,82.3,80.2,63.8,1,32.2,2,1,2,1,69,66.3,68.47,70.88,75.38,69.66,71.2
22,Male,Electronics,B.Tech,8,7.53,0,90.2,49.7,48.7,48.8,83.5,68.6,34.0,58.8,55.1,78.5,43.2,98.0,60.8,2,56.3,0,1,1,0,25,81.6,55.55,70.12,79.77,60.89,66.53
20,Male,Computer Science,B.Tech,8,5.86,0,70.4,58.3,50.0,50.5,73.6,69.2,61.1,66.7,52.2,98.0,34.3,76.1,70.1,4,86.6,0,1,2,1,138,85.5,60.45,69.62,62.14,97.98,68.42
22,Male,Computer Science,B.Tech,8,5.7,0,98.0,47.2,37.5,49.2,77.6,62.5,41.3,55.9,43.5,91.7,55.2,60.7,83.7,3,65.9,1,0,0,0,258,54.8,52.55,72.82,69.3,49.77,61.21
22,Female,Electronics,B.Tech,8,7.46,0,76.0,88.3,93.7,99.0,72.5,95.6,47.1,46.7,100.0,79.4,56.1,74.3,68.5,3,85.7,1,1,1,1,149,71.2,82.7,69.58,75.02,87.71,78.52
21,Female,Electronics,B.Tech,8,7.43,0,94.4,55.7,66.0,65.1,73.4,63.2,43.2,53.3,63.6,71.6,75.4,59.7,73.1,2,49.9,2,1,2,0,67,92.9,61.1,69.95,80.33,78.97,71.32
22,Female,Electronics,B.Tech,8,7.88,0,77.3,69.4,71.3,92.5,54.7,57.5,73.9,62.3,80.5,82.7,77.6,65.2,75.3,3,65.2,1,1,1,0,57,78.6,69.88,75.2,78.35,77.56,74.64
22,Male,Computer Science,B.Tech,8,7.06,1,88.3,69.6,62.3,58.8,40.9,21.0,57.3,49.8,70.5,86.5,72.6,52.1,66.4,2,49.4,0,1,1,0,5,83.6,51.65,69.4,65.91,58.82,60.55
22,Female,Electrical,B.Tech,8,7.58,3,92.5,68.4,55.6,55.2,72.8,11.3,53.4,70.2,62.2,82.5,48.0,68.4,64.1,1,20.0,3,0,0,0,118,70.0,52.78,65.75,50.81,32.0,51.67
22,Male,Computer Science,B.Tech,8,5.65,0,67.3,55.9,49.2,70.1,52.7,28.4,73.5,65.2,58.5,98.0,78.7,77.3,78.9,5,94.1,4,0,0,0,245,84.0,54.97,83.22,59.74,92.23,67.64
22,Male,Mechanical,B.Tech,8,9.34,0,96.8,64.1,73.4,93.3,57.7,36.2,49.7,36.0,64.6,74.6,45.1,54.5,64.7,1,36.4,0,1,1,1,39,84.9,62.4,59.72,94.42,50.92,69.75
21,Male,Information Technology,B.Tech,8,7.99,0,84.8,68.6,67.4,79.9,54.3,58.2,38.1,61.7,68.7,73.0,53.6,74.7,65.6,2,40.7,1,1,1,0,122,81.6,61.08,66.72,81.37,62.21,68.46
21,Male,Information Technology,B.Tech,8,5.53,2,98.0,32.7,31.6,45.4,45.2,52.5,47.4,57.7,26.8,77.0,83.2,45.4,70.7,4,66.5,2,0,0,0,166,77.3,42.47,69.08,48.11,63.95,52.71
21,Female,Computer Science,B.Tech,8,4.59,1,92.0,39.2,49.5,48.1,86.7,27.1,44.1,66.9,46.4,86.0,40.5,71.6,60.3,3,77.9,0,0,0,0,131,56.4,49.12,64.6,49.73,47.37,52.14
21,Female,Electronics,B.Tech,8,7.03,1,89.0,65.1,59.4,65.5,51.9,51.0,37.5,82.6,59.0,73.7,68.4,73.3,75.9,3,79.0,0,0,0,2,230,63.5,55.07,72.83,65.91,55.7,61.97
22,Female,Electrical,B.Tech,8,6.94,0,83.9,57.6,44.7,50.7,37.1,33.1,85.5,39.9,55.4,82.8,76.0,70.3,58.5,0,20.0,1,1,2,0,39,48.5,51.45,71.9,73.75,48.0,61.71
22,Female,Computer Science,B.Tech,8,7.58,2,80.5,61.6,60.8,75.2,44.6,45.8,49.1,50.0,58.4,66.4,70.6,82.0,56.2,2,60.1,1,1,1,0,54,77.4,56.18,68.8,57.21,68.03,60.79
21,Male,Information Technology,B.Tech,8,6.65,0,88.3,41.8,34.6,53.1,50.5,62.4,66.9,72.7,44.2,65.4,60.1,71.4,53.8,1,24.1,1,0,0,0,73,41.6,51.55,62.68,73.04,21.23,55.68
21,Male,Electrical,B.Tech,8,8.69,0,89.8,72.0,67.9,47.7,73.1,37.4,75.3,64.9,64.5,71.5,88.5,67.5,64.8,2,52.9,2,1,1,0,14,98.0,62.23,73.08,87.77,71.87,73.51
21,Female,Information Technology,B.Tech,8,6.85,0,84.3,58.9,77.4,67.2,89.5,59.9,50.3,77.4,65.2,71.0,86.0,69.7,62.4,2,55.8,1,0,0,0,9,57.1,67.2,72.27,73.24,38.74,65.76
21,Male,Computer Science,B.Tech,8,5.67,0,77.7,56.5,53.4,64.3,74.4,55.7,30.6,96.8,50.6,64.6,49.0,81.5,65.6,2,70.7,2,0,0,0,50,63.0,55.82,65.18,63.0,49.21,58.85
20,Female,Electronics,B.Tech,8,7.35,0,71.2,53.9,52.7,51.8,61.4,27.9,67.7,67.6,48.7,91.2,67.5,96.6,68.0,2,53.8,0,1,2,0,221,60.9,52.57,80.82,72.81,68.14,66.63
23,Female,Civil,B.Tech,8,6.11,0,65.7,48.8,50.1,44.2,55.0,29.9,56.7,49.9,41.2,79.5,49.9,70.2,69.4,5,83.5,0,0,0,0,164,60.6,47.45,67.25,62.48,65.05,58.56
20,Female,Computer Science,B.Tech,8,8.31,0,95.2,72.1,70.6,80.1,72.8,27.2,64.7,77.2,63.9,64.5,66.2,72.0,64.8,0,45.1,1,1,1,0,60,81.5,64.58,66.88,86.73,47.53,69.13
21,Male,Information Technology,B.Tech,8,8.56,0,76.3,78.9,93.4,75.4,62.6,60.5,50.7,61.8,85.9,61.2,41.8,77.9,75.6,5,96.0,2,1,1,3,32,91.5,70.25,64.12,82.81,100.0,77.25
22,Male,Information Technology,B.Tech,8,7.92,0,94.2,63.1,59.4,72.1,37.3,28.2,62.0,87.4,60.3,63.3,59.2,73.9,68.0,2,36.4,1,0,0,0,80,61.7,53.68,66.1,83.7,32.92,62.06
21,Male,Civil,B.Tech,8,8.77,0,78.8,76.2,75.2,70.5,37.2,41.4,69.5,80.0,74.8,71.3,45.9,76.2,74.6,1,20.0,0,1,1,0,180,70.3,61.67,67.0,85.03,42.0,66.79
21,Male,Computer Science,B.Tech,8,6.57,0,92.6,75.2,81.6,86.1,83.9,58.1,18.7,78.6,86.1,74.0,71.8,77.9,79.3,1,22.5,1,0,0,0,56,48.1,67.27,75.75,73.77,20.75,63.94
21,Female,Electronics,B.Tech,8,7.61,1,83.3,62.7,56.6,69.4,59.8,48.5,54.0,98.0,62.4,75.5,95.0,65.1,77.7,5,94.9,1,0,0,2,19,77.4,58.5,78.32,68.26,82.47,68.99
22,Male,Information Technology,B.Tech,8,6.58,0,88.8,51.0,44.5,51.9,77.3,37.9,37.5,98.0,35.1,68.4,51.6,78.0,80.7,1,21.7,2,0,0,0,3,67.9,50.02,69.68,72.7,26.51,57.23
21,Female,Computer Science,B.Tech,8,7.13,0,98.0,78.6,68.6,74.4,48.3,48.0,79.7,64.6,76.4,70.7,78.6,70.2,59.2,4,81.5,1,1,3,0,116,86.6,66.27,69.68,79.31,100.0,75.92
21,Male,Computer Science,B.Tech,8,7.4,0,70.5,61.6,58.5,63.5,64.7,57.5,46.2,88.3,63.6,68.2,65.2,72.6,76.5,3,58.9,3,0,0,3,12,81.0,58.67,70.62,72.95,71.67,67.29
22,Male,Computer Science,B.Tech,8,7.43,0,73.6,55.3,42.2,55.9,59.0,29.9,73.1,55.3,42.3,90.6,53.0,69.9,71.8,2,39.0,2,0,0,1,51,65.5,52.57,71.32,74.09,43.7,61.45
22,Male,Information Technology,B.Tech,8,5.49,1,78.3,31.5,42.6,39.5,70.9,35.5,48.7,54.3,45.1,77.7,72.4,86.4,63.0,2,53.3,0,0,0,1,132,59.9,44.78,74.88,51.92,35.99,51.62
22,Male,Electronics,B.Tech,8,7.75,1,73.3,63.1,65.7,56.4,89.9,51.4,55.0,60.2,59.1,74.5,82.4,71.2,71.3,2,36.0,4,1,1,0,51,84.0,63.58,74.85,66.24,78.8,68.91
20,Female,Computer Science,B.Tech,8,6.51,0,79.4,73.8,66.0,66.4,44.3,76.7,54.5,54.1,67.8,63.9,81.7,90.8,57.6,1,20.0,1,0,0,2,164,69.4,63.62,73.5,69.39,28.0,61.98
21,Male,Computer Science,B.Tech,8,7.84,0,73.1,66.5,64.8,83.2,58.3,59.5,58.4,70.1,64.6,82.2,63.5,60.1,73.4,2,54.1,2,1,1,4,193,73.4,65.12,69.8,76.81,88.23,73.03
20,Female,Electronics,B.Tech,8,8.66,3,69.2,85.6,89.3,99.0,39.7,74.2,57.3,72.7,93.3,75.4,76.5,91.4,83.5,2,41.8,0,1,1,4,61,58.3,74.18,81.7,51.38,72.54,68.6
21,Male,Mechanical,B.Tech,8,8.59,0,81.3,64.3,70.9,65.2,51.5,57.6,35.9,46.5,74.5,77.6,70.5,93.7,62.2,2,74.3,0,1,1,0,182,67.1,57.57,76.0,84.52,66.29,70.65
23,Male,Computer Science,B.Tech,8,7.21,1,77.8,63.0,60.5,73.5,62.4,82.3,62.9,56.0,70.6,79.3,47.6,73.6,67.9,3,61.2,1,1,1,1,62,83.4,67.43,67.1,63.81,80.36,68.22
20,Male,Electronics,B.Tech,8,7.02,2,83.2,43.3,65.2,60.0,64.2,74.5,57.2,40.0,49.8,68.8,65.4,76.6,59.8,3,68.3,0,1,1,0,159,83.9,60.73,67.65,54.1,72.49,61.89
21,Male,Mechanical,B.Tech,8,7.49,3,73.2,74.0,68.9,74.6,80.3,41.4,27.8,87.2,77.9,73.8,56.5,76.1,71.7,2,57.9,1,0,0,1,68,70.0,61.17,69.53,44.39,43.37,55.14
20,Male,Information Technology,B.Tech,8,7.49,0,93.5,56.5,61.8,68.8,62.8,51.5,71.3,68.2,71.1,66.5,59.4,77.9,63.4,2,40.6,0,1,1,1,133,71.1,62.12,66.8,80.48,60.18,68.27
21,Female,Computer Science,B.Tech,8,6.42,1,78.6,55.1,66.4,57.4,70.0,72.3,69.1,68.3,53.4,47.7,61.6,71.9,54.1,1,39.4,2,0,0,2,56,58.9,65.05,58.82,58.52,39.82,58.06
21,Female,Information Technology,B.Tech,8,7.86,0,91.2,41.5,62.1,61.1,35.2,80.6,43.0,79.5,63.0,79.1,61.6,73.4,74.0,3,53.6,2,1,1,1,72,90.8,53.92,72.03,82.38,84.08,70.6
20,Male,Electrical,B.Tech,8,7.74,1,81.6,68.9,54.4,79.9,50.4,45.7,49.9,68.9,57.2,69.7,70.8,72.4,73.2,4,91.3,2,0,0,0,107,83.8,58.2,71.53,68.66,71.39,65.98
24,Male,Computer Science,B.Tech,8,6.85,0,98.0,65.7,55.4,61.2,69.6,25.7,50.4,81.1,59.5,53.6,63.0,68.4,60.9,3,65.3,0,1,1,2,30,66.0,54.67,61.48,77.35,79.59,66.57
22,Male,Civil,B.Tech,8,8.27,0,82.9,85.6,78.3,75.8,52.4,43.0,59.9,54.4,77.6,57.4,56.5,87.2,63.6,3,65.8,0,0,0,2,148,66.5,65.83,66.18,82.76,51.74,68.87
21,Male,Information Technology,B.Tech,8,6.73,0,81.3,68.4,67.2,64.6,62.5,74.9,37.5,68.4,67.1,64.3,94.3,79.3,61.1,2,51.8,0,0,0,1,24,54.4,62.52,74.75,71.5,35.54,63.61
20,Female,Information Technology,B.Tech,8,4.79,1,74.8,37.4,37.5,53.4,60.6,45.1,77.2,62.9,28.6,83.7,65.2,50.6,66.1,1,27.2,0,0,0,0,25,48.0,51.87,66.4,45.97,16.16,47.65
20,Male,Information Technology,B.Tech,8,9.24,0,70.2,89.0,92.8,83.5,53.8,66.6,58.3,54.8,86.8,63.4,56.9,65.2,75.7,2,35.4,2,1,2,0,110,82.8,74.0,65.3,85.74,74.62,75.88
21,Female,Computer Science,B.Tech,8,5.03,0,78.8,59.5,59.6,69.3,60.9,46.3,34.9,86.8,59.9,75.6,77.2,67.5,83.5,2,51.8,2,1,1,2,28,80.2,55.08,75.95,58.85,79.54,64.05
21,Male,Computer Science,B.Tech,8,9.03,0,67.1,69.6,74.1,71.0,60.6,68.5,61.2,72.3,68.7,77.1,70.7,45.5,88.0,1,30.4,1,0,0,0,27,66.6,67.5,70.32,83.34,23.12,66.16
21,Female,Information Technology,B.Tech,8,9.07,0,69.8,73.3,69.3,77.8,42.7,52.8,72.2,75.1,70.7,45.5,52.7,77.9,62.3,2,59.3,3,1,1,1,12,90.0,64.68,59.6,84.43,83.79,72.46
21,Male,Computer Science,B.Tech,8,6.57,0,79.8,45.0,62.1,53.9,60.6,42.6,60.7,61.9,48.2,84.8,83.4,65.7,67.6,2,50.0,3,1,1,0,148,73.4,54.15,75.38,69.93,77.0,66.56
21,Male,Mechanical,B.Tech,8,5.85,0,76.1,40.0,38.8,37.4,89.4,70.0,80.4,88.2,36.5,70.2,34.5,60.3,58.3,1,25.0,0,1,1,0,7,49.6,59.33,55.82,63.78,43.5,57.59
21,Female,Electronics,B.Tech,8,6.02,0,79.6,59.8,48.4,38.5,68.5,55.9,77.3,58.7,58.5,71.2,37.3,69.6,55.1,2,37.0,4,0,0,1,59,61.3,58.07,58.3,66.02,55.1,60.06
24,Female,Electrical,B.Tech,8,5.1,0,83.5,42.2,36.1,46.3,63.9,71.1,59.4,85.4,42.1,72.4,55.3,60.2,55.1,2,59.5,2,1,2,2,303,68.4,53.17,60.75,60.75,89.85,62.46
21,Male,Information Technology,B.Tech,8,8.38,2,78.4,53.7,60.7,66.0,49.0,71.0,75.2,71.0,54.7,49.3,53.1,86.4,64.6,1,29.4,2,1,2,0,49,85.0,62.6,63.35,62.18,64.82,62.96
21,Male,Civil,B.Tech,8,7.47,0,84.3,70.3,57.0,80.2,41.2,67.6,57.9,91.6,65.1,72.8,68.3,76.9,67.8,0,27.0,1,0,0,2,13,53.7,62.37,71.45,77.58,22.1,62.71
23,Male,Computer Science,B.Tech,8,6.4,0,56.6,49.5,43.0,50.1,53.2,13.4,54.7,73.4,45.9,63.8,70.4,64.7,59.7,1,52.3,0,0,0,0,31,47.4,43.98,64.65,61.78,23.69,50.41
20,Male,Information Technology,B.Tech,8,7.47,0,83.2,80.1,56.9,77.0,61.5,71.8,39.5,69.4,68.4,82.9,55.0,91.1,78.0,1,39.1,1,1,1,2,42,71.1,64.47,76.75,77.25,61.73,70.35
22,Female,Information Technology,B.Tech,8,8.08,0,96.3,68.7,65.8,81.3,87.7,24.0,33.6,77.4,68.8,63.9,41.9,81.4,83.2,2,43.6,2,1,1,0,12,96.9,60.18,67.6,85.45,69.08,70.58
21,Male,Computer Science,B.Tech,8,7.15,0,88.6,44.0,33.8,43.4,73.9,57.8,55.4,49.2,39.2,61.6,41.9,84.0,49.7,0,40.3,1,0,0,0,23,58.3,51.38,59.3,76.63,18.09,55.55
22,Male,Mechanical,B.Tech,8,8.23,0,80.4,87.7,99.0,88.8,63.9,24.5,16.3,80.6,93.3,68.2,79.4,50.4,74.5,1,29.3,1,0,0,0,61,64.8,63.37,68.12,81.73,22.79,63.74
22,Other,Civil,B.Tech,8,7.73,1,65.2,61.9,47.8,53.1,54.2,89.8,23.2,89.3,61.9,74.4,68.0,57.6,60.7,1,42.3,3,1,1,0,153,75.4,55.0,65.18,63.67,66.69,61.39
21,Male,Information Technology,B.Tech,8,7.13,1,93.4,55.3,71.0,70.2,38.2,47.0,55.9,64.7,59.3,82.1,33.6,74.0,80.0,2,41.8,0,1,1,2,22,76.2,56.27,67.42,67.93,64.54,63.24
22,Female,Information Technology,B.Tech,8,8.09,0,63.8,57.9,53.2,66.5,63.7,63.3,74.8,54.4,54.4,64.1,75.9,62.0,53.7,3,67.9,1,1,1,2,446,90.9,63.23,63.92,75.77,86.37,70.6
21,Female,Electronics,B.Tech,8,7.1,2,87.3,70.7,82.7,81.6,58.1,30.1,76.7,93.3,71.0,70.6,78.4,60.4,87.8,1,33.3,2,1,1,2,10,65.7,66.65,74.3,55.89,65.99,64.85
21,Male,Information Technology,B.Tech,8,6.08,0,98.0,34.2,48.4,47.0,75.9,37.9,50.9,64.0,38.2,61.6,63.1,62.5,43.7,2,47.8,2,0,0,1,152,61.4,49.05,57.72,71.96,46.34,57.25
21,Male,Computer Science,B.Tech,8,6.31,3,92.2,52.3,63.6,59.5,59.8,83.6,38.6,75.2,59.7,98.0,66.6,54.9,76.1,3,63.8,0,1,1,0,227,87.4,59.57,73.9,41.83,71.14,58.85
21,Male,Computer Science,B.Tech,8,7.52,2,80.2,55.4,57.3,74.3,44.1,34.1,87.5,43.6,54.1,54.8,62.1,73.9,56.4,4,92.2,3,1,3,2,7,88.6,58.78,61.8,56.7,100.0,64.94
20,Male,Information Technology,B.Tech,8,7.53,2,94.4,51.6,69.2,69.1,85.1,81.3,46.1,70.1,55.7,63.9,72.7,83.6,66.8,1,39.2,1,1,1,0,35,82.0,67.07,71.75,61.03,53.76,64.2
20,Female,Mechanical,B.Tech,8,7.66,0,68.6,69.5,59.0,76.1,78.6,98.0,62.2,81.0,60.8,68.0,62.8,73.8,69.7,3,64.7,3,0,0,1,92,78.9,73.9,68.58,74.2,65.41,71.65
22,Male,Electronics,B.Tech,8,6.05,0,98.0,56.2,54.1,64.3,56.8,55.9,50.6,63.9,60.7,57.7,48.7,59.8,73.3,3,59.7,1,1,1,0,92,74.3,56.32,59.88,71.75,75.91,64.6
20,Female,Computer Science,B.Tech,8,7.59,1,89.9,65.9,55.4,60.4,54.1,42.9,76.7,80.3,64.6,62.9,45.8,67.2,71.4,0,28.2,2,1,1,3,51,78.2,59.23,61.82,70.1,60.46,63.19
23,Female,Electronics,B.Tech,8,8.78,0,75.5,61.9,67.0,83.1,49.1,37.6,30.6,64.6,58.7,84.1,53.1,69.5,74.2,0,20.0,4,1,1,0,62,70.7,54.88,70.22,84.11,58.0,67.18
21,Male,Electronics,B.Tech,8,5.55,1,80.0,44.0,40.2,32.5,61.8,39.8,20.3,98.0,42.4,73.7,56.1,70.2,74.8,1,25.4,1,0,0,1,12,55.6,39.77,68.7,52.85,25.62,47.36
21,Male,Computer Science,B.Tech,8,6.78,0,75.8,72.1,63.9,59.7,57.5,74.4,55.4,66.5,63.4,68.5,65.6,77.0,58.9,1,40.8,2,0,0,2,119,64.9,63.83,67.5,70.2,40.24,62.94
22,Male,Electronics,B.Tech,8,7.84,0,90.9,63.5,48.0,59.0,64.5,38.1,54.1,82.7,55.2,72.1,53.5,66.4,66.3,1,37.3,0,1,3,2,179,75.7,54.53,64.58,82.15,71.19,67.32
21,Male,Information Technology,B.Tech,8,7.03,0,82.0,77.3,69.5,88.9,76.4,66.6,61.4,84.5,62.4,84.6,95.0,72.6,88.7,2,37.4,0,1,3,1,29,73.6,73.35,85.22,73.81,75.22,76.14
21,Female,Computer Science,B.Tech,8,5.55,0,86.4,49.2,42.6,53.1,60.7,44.8,66.5,81.3,31.1,48.7,71.2,77.9,54.0,1,20.0,0,0,0,0,1,45.8,52.82,62.95,64.77,14.0,52.61
23,Female,Computer Science,B.Tech,8,6.71,0,90.5,50.9,60.7,45.3,97.1,74.4,23.1,58.0,55.8,67.7,52.6,82.7,57.4,1,42.0,0,0,0,1,15,37.3,58.58,65.1,74.12,24.6,59.45
21,Female,Computer Science,B.Tech,8,7.13,0,91.8,63.2,66.0,68.7,79.9,43.4,45.2,71.8,63.8,98.0,60.5,57.5,77.6,3,68.7,0,1,2,3,95,76.2,61.07,73.4,77.45,92.61,73.18
22,Male,Electronics,B.Tech,8,6.89,4,81.9,64.1,61.9,66.8,28.6,75.1,52.5,71.5,66.4,76.4,71.9,69.2,63.4,2,54.0,0,0,0,1,169,52.4,58.17,70.22,32.8,36.2,49.67
22,Female,Computer Science,B.Tech,8,8.01,0,75.6,58.9,52.1,66.8,67.3,48.6,43.6,57.9,60.5,85.0,80.6,64.7,71.6,1,45.1,2,0,0,0,36,59.9,56.22,75.47,78.75,33.53,63.43
20,Male,Information Technology,B.Tech,8,8.17,0,74.9,52.0,65.6,62.6,74.4,46.4,36.9,36.8,57.5,58.0,47.7,66.1,46.5,3,62.9,1,1,1,0,75,79.2,56.32,54.58,79.66,76.87,66.06
22,Female,Computer Science,B.Tech,8,5.76,0,69.5,43.7,44.5,39.1,49.1,18.9,65.6,75.3,39.0,73.3,64.0,78.4,72.3,1,20.0,0,1,1,2,450,52.8,43.48,72.0,61.17,50.0,55.47
23,Female,Electronics,B.Tech,8,9.51,0,78.1,68.6,75.7,69.1,82.4,73.6,41.3,48.6,72.9,79.7,62.6,65.4,62.0,1,46.2,1,1,1,0,119,98.0,68.45,67.43,90.0,55.86,72.82
21,Female,Electrical,B.Tech,8,6.14,0,88.3,45.4,52.0,58.3,68.2,66.0,49.6,60.1,55.0,63.0,67.3,51.5,52.8,1,20.0,3,1,1,0,3,73.5,56.58,58.65,69.47,60.0,61.37
22,Male,Electronics,B.Tech,8,6.27,2,55.6,55.3,45.1,51.8,48.7,64.7,33.6,80.7,51.2,68.3,67.9,74.2,65.8,0,20.0,1,1,1,1,52,65.1,49.87,69.05,40.57,44.0,50.04
21,Male,Information Technology,B.Tech,8,7.62,0,88.0,59.6,73.2,63.1,60.9,67.9,57.8,44.9,73.8,70.8,42.6,79.5,67.7,3,53.8,3,0,0,0,253,87.4,63.75,65.15,79.74,58.14,67.99
21,Female,Mechanical,B.Tech,8,4.53,0,69.4,38.5,47.2,34.3,45.2,64.4,17.7,60.0,48.8,71.0,82.3,68.9,63.1,1,37.1,0,0,0,0,14,48.0,41.22,71.32,52.53,19.13,47.32
22,Male,Computer Science,B.Tech,8,6.01,0,91.8,50.0,43.8,50.9,74.3,71.4,41.7,70.4,46.9,69.2,55.9,60.2,68.9,3,46.3,1,1,1,0,39,78.4,55.35,63.55,69.61,71.89,63.75
21,Male,Electronics,B.Tech,8,8.64,0,89.3,79.2,64.2,75.2,54.6,77.7,48.6,70.2,78.7,67.3,70.3,84.7,60.1,1,40.2,0,1,1,0,6,70.0,66.58,70.6,87.27,48.06,70.81
21,Female,Information Technology,B.Tech,8,7.04,0,80.3,72.2,61.4,64.8,73.9,44.9,68.5,83.8,64.3,85.9,50.9,62.6,81.2,5,90.3,2,0,0,0,385,85.1,64.28,70.15,73.37,79.09,70.4
21,Male,Information Technology,B.Tech,8,7.77,0,95.6,52.0,62.5,61.8,79.4,57.5,68.7,60.0,56.2,82.0,92.6,85.8,69.1,4,69.3,1,0,0,1,72,82.1,63.65,82.38,83.07,62.79,73.09
22,Female,Computer Science,B.Tech,8,8.75,0,79.0,76.7,77.9,89.4,75.3,38.9,58.0,66.4,86.5,92.6,51.2,79.4,75.4,1,41.2,1,1,1,0,9,77.1,69.37,74.65,84.95,54.36,72.85
22,Male,Electronics,B.Tech,8,5.9,0,82.9,48.5,52.5,52.5,50.8,61.4,44.1,78.4,48.9,54.5,68.1,75.0,69.0,3,68.8,2,1,2,1,19,77.0,51.63,66.65,66.17,96.64,65.75
21,Male,Information Technology,B.Tech,8,6.7,0,64.9,58.6,43.2,60.2,86.4,47.2,29.9,83.4,57.8,89.6,77.1,63.7,79.8,2,62.6,1,0,0,0,102,69.2,54.25,77.55,66.37,40.78,60.53
23,Female,Computer Science,B.Tech,8,6.67,0,79.7,71.3,52.2,56.3,57.2,50.6,58.8,78.9,60.5,98.0,75.4,51.1,77.1,3,45.4,1,0,0,2,215,82.3,57.73,75.4,70.6,51.62,64.21
21,Male,Electronics,B.Tech,8,7.1,2,90.4,58.4,44.3,70.1,64.9,67.0,36.5,62.7,52.4,77.8,58.2,80.6,60.1,2,69.1,1,0,0,3,31,60.6,56.87,69.18,56.82,54.73,59.0
23,Male,Civil,B.Tech,8,,1,87.8,86.8,76.0,78.4,70.3,83.3,69.8,53.5,78.9,79.4,91.0,80.6,79.1,5,98.0,1,1,1,0,55,88.9,77.43,82.52,66.67,100.0,78.61
21,Female,Electronics,B.Tech,8,7.72,0,93.2,72.3,68.7,77.8,49.6,67.8,66.1,46.1,72.9,67.8,59.8,61.4,65.6,2,45.7,2,1,1,0,159,87.2,67.05,63.65,82.0,69.71,71.25
21,Female,Mechanical,B.Tech,8,6.61,0,98.0,57.1,62.4,62.2,53.2,53.7,68.6,50.2,57.2,81.8,49.6,72.8,71.4,1,41.2,1,0,0,0,83,63.4,59.53,68.9,75.67,26.36,61.27
20,Male,Computer Science,B.Tech,8,9.32,0,75.2,61.5,79.0,65.1,46.4,68.4,43.3,51.6,68.5,51.9,80.2,74.5,60.9,3,63.5,0,0,0,1,13,68.5,60.62,66.88,87.8,47.05,67.99
20,Female,Electrical,B.Tech,8,7.82,0,81.6,65.6,67.8,84.5,33.6,51.6,34.4,56.1,60.5,55.1,57.3,87.8,58.4,3,65.4,1,1,1,0,159,96.3,56.25,64.65,79.22,77.62,68.03
21,Male,Computer Science,B.Tech,8,8.07,4,66.7,78.7,79.4,79.7,58.1,80.9,54.3,55.7,76.8,60.7,86.2,70.4,65.9,4,75.8,3,0,0,1,99,77.9,71.85,70.8,36.5,76.74,61.77
21,Female,Information Technology,B.Tech,8,5.84,0,71.4,49.5,55.6,36.9,73.4,23.4,52.2,80.8,47.1,72.0,55.9,92.5,63.3,0,23.7,1,1,1,0,42,63.7,48.5,70.92,62.3,41.11,56.02
24,Male,Electronics,B.Tech,8,7.5,0,60.3,70.1,68.8,75.0,39.7,42.3,59.4,68.8,79.8,76.8,54.8,81.8,68.6,2,26.5,2,1,1,2,123,78.4,59.22,70.5,70.59,71.95,66.8
22,Male,Computer Science,B.Tech,8,7.51,3,85.2,53.0,54.2,53.9,57.9,60.6,60.5,34.0,63.5,76.0,52.6,73.6,53.5,3,76.4,4,1,1,0,115,98.0,56.68,63.92,48.13,98.92,61.9
23,Female,Information Technology,B.Tech,8,7.21,0,82.4,76.5,74.7,88.9,58.2,64.9,36.5,54.0,81.0,87.1,67.9,67.1,65.7,0,26.1,1,0,0,3,31,70.4,66.62,71.95,75.19,25.83,64.14
21,Female,Electronics,B.Tech,8,7.75,1,77.9,58.8,56.3,56.2,84.2,82.5,38.9,62.0,55.2,65.7,57.0,63.0,51.0,3,61.4,2,1,3,2,24,94.6,62.82,59.18,67.62,100.0,69.11
21,Male,Information Technology,B.Tech,8,7.21,0,79.8,67.8,48.6,58.2,65.9,61.5,44.1,72.9,56.4,54.0,61.7,74.2,64.6,2,65.8,1,0,0,0,41,62.5,57.68,63.62,74.41,41.74,61.5
20,Female,Electronics,B.Tech,8,5.65,2,73.2,43.9,54.9,55.0,59.3,60.3,40.8,66.9,53.3,76.5,78.6,72.8,56.7,2,56.0,3,1,1,0,32,88.3,52.37,71.15,41.51,78.8,56.83
21,Female,Electronics,B.Tech,8,8.42,0,93.2,50.4,56.6,66.1,53.4,18.2,39.1,38.9,60.6,76.1,75.9,77.4,71.4,4,78.8,0,1,1,0,243,85.4,47.3,75.2,86.9,83.64,70.21
22,Female,Computer Science,B.Tech,8,7.34,1,86.5,67.0,61.6,68.9,71.2,41.7,11.6,91.6,73.0,57.9,42.4,71.1,65.1,2,43.9,0,1,1,0,68,68.0,53.67,59.12,67.33,57.17,59.38
22,Male,Computer Science,B.Tech,8,6.76,0,87.3,65.5,55.6,75.1,45.1,38.8,63.7,66.5,54.8,98.0,65.8,63.0,78.8,0,20.0,1,0,0,4,41,43.7,57.3,76.4,73.51,28.0,61.59
21,Female,Computer Science,B.Tech,8,7.86,0,74.3,75.2,64.2,78.7,50.0,56.3,86.6,57.9,71.1,89.1,62.5,89.4,77.0,1,31.6,0,1,1,3,86,72.3,68.5,79.5,77.31,57.48,71.69
22,Male,Computer Science,B.Tech,8,6.53,1,86.3,59.6,60.9,62.4,72.9,45.5,80.6,59.0,69.1,60.8,66.6,82.5,52.5,4,70.0,3,1,1,0,109,98.0,63.65,65.6,61.6,99.0,68.73
21,Male,Electrical,B.Tech,8,5.8,0,74.3,46.8,46.3,52.1,32.6,51.8,72.0,60.9,48.2,55.3,79.7,67.6,51.9,1,41.7,1,1,1,0,97,70.1,50.27,63.62,62.89,54.51,57.36
20,Female,Computer Science,B.Tech,8,9.29,0,79.9,74.8,66.3,77.1,63.7,11.2,86.3,73.4,80.1,67.8,65.1,62.9,69.1,4,74.6,0,1,1,0,353,93.5,63.23,66.22,89.0,82.38,74.43
22,Male,Electronics,B.Tech,8,8.71,0,98.0,74.6,57.1,86.0,64.4,55.6,42.3,87.0,71.6,78.2,85.6,74.9,75.5,1,27.1,1,1,3,0,27,85.5,63.33,78.55,90.37,66.13,74.91
22,Male,Information Technology,B.Tech,8,6.47,0,77.7,61.5,55.4,52.9,78.6,27.6,59.8,67.2,57.7,67.9,58.3,70.2,79.3,0,23.2,3,1,2,0,48,56.9,55.97,68.92,68.6,60.96,63.1
20,Female,Computer Science,B.Tech,8,7.79,0,94.8,62.6,61.1,68.6,51.2,52.9,61.1,52.0,59.2,88.1,55.4,67.9,67.9,2,45.5,1,1,1,3,27,86.1,59.58,69.82,82.97,75.65,71.06
22,Male,Computer Science,B.Tech,8,6.13,0,68.9,34.7,43.4,38.5,17.7,82.7,39.5,61.6,43.9,70.4,81.5,68.3,55.2,2,28.9,1,0,0,2,279,62.3,42.75,68.85,63.58,38.67,53.61
21,Female,Information Technology,B.Tech,8,6.38,1,77.9,49.3,48.0,47.4,51.3,49.5,82.0,72.0,42.7,73.0,80.6,72.0,56.5,2,39.2,1,1,1,1,111,75.4,54.58,70.53,58.03,65.76,60.48
22,Female,Electrical,B.Tech,8,5.73,0,75.0,56.9,44.7,57.7,71.5,48.9,64.8,80.0,46.5,67.5,62.4,78.7,64.5,5,92.5,3,1,2,0,21,85.5,57.42,68.28,62.61,100.0,67.54
23,Female,Electrical,B.Tech,8,8.25,0,85.8,70.1,67.4,73.9,49.8,10.0,90.8,63.8,61.5,67.8,72.7,82.1,63.0,2,32.7,1,0,0,0,2,77.2,60.33,71.4,83.49,31.81,65.21
22,Female,Civil,B.Tech,8,8.13,0,93.8,56.3,65.4,64.2,15.0,37.6,58.9,61.4,55.6,77.5,52.8,77.3,75.1,0,31.3,1,1,1,1,17,93.1,49.57,70.68,85.05,47.39,64.11
21,Male,Computer Science,B.Tech,8,7.74,1,75.1,59.3,54.5,61.3,86.9,42.2,73.9,62.2,45.3,80.4,76.3,90.6,61.2,2,52.4,0,1,1,0,58,85.7,63.02,77.12,66.71,59.72,66.45
21,Female,Computer Science,B.Tech,8,6.41,4,80.3,48.7,42.2,51.5,53.9,15.6,60.6,66.9,47.1,75.1,68.7,71.5,44.4,4,81.3,0,0,0,2,100,60.0,45.42,64.92,28.96,64.39,47.23
21,Female,Computer Science,B.Tech,8,5.42,2,98.0,47.9,46.8,62.8,73.5,43.4,48.8,90.3,47.0,58.0,68.4,70.3,66.3,3,64.7,2,1,1,4,164,91.6,53.87,65.75,47.34,99.41,61.12
21,Male,Information Technology,B.Tech,8,6.8,0,87.5,59.3,48.3,57.5,78.8,79.5,53.3,78.6,51.7,,93.6,73.6,58.7,1,28.0,2,1,1,0,76,81.1,62.78,75.3,73.85,56.4,67.65
21,Male,Computer Science,B.Tech,8,8.24,0,81.7,56.2,58.5,51.7,76.2,34.3,53.1,72.5,63.9,73.5,81.8,64.5,69.0,1,41.4,1,1,1,1,53,74.5,55.0,72.2,82.19,58.42,67.11
21,Female,Mechanical,B.Tech,8,8.43,0,74.8,59.0,58.7,62.6,64.4,55.3,52.3,51.2,60.4,74.3,61.8,66.0,64.8,2,48.0,2,1,3,0,141,91.3,58.72,66.72,81.45,86.4,71.29
21,Male,Information Technology,B.Tech,8,5.97,1,96.1,65.1,50.1,58.1,86.2,43.7,39.1,74.5,58.5,73.4,49.4,92.8,67.1,2,50.9,1,0,0,1,89,54.1,57.05,70.68,60.62,41.27,58.48
21,Female,Civil,B.Tech,8,6.9,0,73.0,57.9,48.9,59.0,62.6,53.0,84.2,70.3,51.0,63.6,54.6,52.6,67.9,0,29.1,0,1,1,0,14,52.1,60.93,59.68,70.2,36.73,59.83
22,Female,Civil,B.Tech,8,6.98,0,91.2,59.3,52.0,73.6,52.0,75.0,95.0,80.8,58.5,74.8,62.7,62.3,70.7,1,31.7,4,1,1,1,19,84.7,67.82,67.62,76.22,73.51,71.15
21,Female,Electrical,B.Tech,8,8.31,0,73.6,61.8,51.5,64.3,52.0,35.3,70.1,51.5,55.7,71.8,75.0,63.3,58.3,4,79.4,1,1,1,1,127,96.4,55.83,67.1,80.25,93.82,71.11
23,Male,Information Technology,B.Tech,8,6.17,2,92.8,43.1,30.7,42.6,80.4,40.3,19.2,56.0,44.7,53.5,70.8,70.5,48.2,0,20.0,0,0,0,2,69,39.2,42.72,60.75,51.03,14.0,44.51
24,Female,Computer Science,B.Tech,8,8.12,1,60.1,83.5,67.9,83.2,66.4,38.1,46.5,71.5,65.6,66.8,67.9,78.7,72.6,5,80.2,0,0,0,0,189,73.6,64.27,71.5,64.87,64.06,65.86
21,Female,Information Technology,B.Tech,8,6.26,0,92.7,62.9,43.0,65.1,85.1,56.3,66.4,63.3,60.0,63.4,57.0,67.9,50.3,2,46.7,1,1,1,0,24,74.4,63.13,59.65,71.63,64.01,65.12
22,Male,Mechanical,B.Tech,8,8.04,0,92.7,59.3,68.2,76.1,55.0,50.0,41.3,65.8,63.5,63.5,53.6,75.4,68.9,2,50.8,0,1,1,0,73,77.4,58.32,65.35,84.09,59.24,67.6
23,Male,Information Technology,B.Tech,8,5.71,0,73.1,45.1,48.1,58.5,41.7,30.0,43.5,73.2,44.4,63.3,59.8,67.9,73.3,3,61.7,2,0,0,0,49,74.6,44.48,66.08,61.9,54.51,55.53
22,Female,Computer Science,B.Tech,8,7.63,2,91.1,53.2,54.2,65.7,55.0,54.9,23.8,49.5,54.5,90.3,92.7,35.0,55.2,2,45.4,3,1,2,0,22,85.1,51.13,68.3,60.74,83.62,62.32
21,Male,Mechanical,B.Tech,8,7.92,0,82.4,70.5,80.6,73.8,50.8,61.6,70.0,58.6,79.3,72.0,56.2,74.9,52.5,1,43.5,2,1,2,0,75,87.8,67.88,63.9,80.16,69.05,70.94
21,Male,Information Technology,B.Tech,8,7.9,0,67.4,63.7,60.3,69.7,85.8,70.4,54.2,57.3,71.1,69.1,95.0,63.7,59.3,2,64.4,2,1,1,1,9,75.3,67.35,71.78,75.52,79.32,72.48
21,Female,Computer Science,B.Tech,8,9.34,0,94.3,70.0,78.2,74.6,82.0,67.7,62.2,57.6,68.9,52.4,65.4,82.7,64.5,2,51.3,2,1,1,0,200,98.0,72.45,66.25,93.67,71.39,77.42
21,Male,Information Technology,B.Tech,8,6.79,0,68.4,42.6,47.3,37.1,56.9,94.0,53.6,70.4,40.2,68.7,86.2,78.2,73.7,2,56.7,0,0,0,0,15,42.5,55.25,76.7,68.05,33.01,60.04
22,Female,Electrical,B.Tech,8,7.65,0,75.1,58.9,43.5,57.1,46.2,50.2,49.0,82.8,54.7,65.5,61.6,71.0,70.9,1,29.5,2,0,0,1,24,51.8,50.82,67.25,76.08,32.85,58.99
21,Male,Information Technology,B.Tech,8,7.08,1,86.2,49.6,50.1,67.4,62.4,22.7,44.8,74.2,41.9,61.1,61.1,83.7,59.1,3,72.9,1,1,2,3,65,67.6,49.5,66.25,65.42,99.87,65.18
22,Male,Computer Science,B.Tech,8,8.0,0,75.1,68.9,77.1,63.6,98.0,63.0,47.8,70.6,77.5,69.5,61.7,75.2,80.3,3,77.9,1,0,0,0,102,70.6,69.73,71.68,78.53,53.37,70.31
21,Male,Information Technology,B.Tech,8,7.8,0,55.0,77.4,74.0,67.1,64.9,48.7,48.7,71.4,69.9,74.1,62.1,61.0,71.6,0,20.0,3,0,0,0,11,70.8,63.47,67.2,71.1,24.0,60.58
20,Other,Computer Science,B.Tech,8,7.04,0,88.4,77.9,64.7,63.6,58.8,87.8,31.4,68.7,76.7,84.1,61.0,60.0,80.1,1,41.8,0,0,0,1,61,59.0,64.03,71.3,75.8,24.54,63.09
20,Male,Civil,B.Tech,8,7.9,0,85.3,80.8,55.0,82.5,74.6,53.5,37.8,83.5,69.7,68.6,76.6,79.7,65.7,1,20.0,2,0,0,0,61,53.9,64.03,72.65,80.89,26.0,65.11
21,Female,Electronics,B.Tech,8,7.74,1,89.6,62.0,60.2,72.1,58.8,67.0,44.1,85.2,68.9,65.7,58.6,68.4,63.0,5,98.0,0,1,1,0,106,93.7,60.7,63.92,71.06,97.4,69.96
23,Male,Electronics,B.Tech,8,6.38,0,85.2,57.9,63.8,60.0,79.4,55.2,53.9,69.6,66.2,72.4,77.1,83.6,77.4,1,27.8,2,0,0,0,20,53.6,61.7,77.62,70.22,28.34,62.44
21,Male,Electronics,B.Tech,8,5.8,0,76.6,44.6,49.8,59.9,59.0,61.4,87.4,86.4,51.2,78.1,60.5,65.9,73.7,1,40.5,3,0,0,1,20,58.9,60.35,69.55,63.58,42.15,60.43
21,Male,Computer Science,B.Tech,8,7.38,0,84.8,55.3,49.7,37.8,65.5,24.7,54.5,78.8,54.1,87.5,44.0,60.3,72.9,1,24.0,2,1,2,4,25,77.9,47.92,66.18,77.1,79.2,65.02
22,Male,Electrical,B.Tech,8,8.85,0,63.6,76.2,62.1,60.1,95.7,55.3,51.9,49.3,71.2,77.5,69.4,62.4,67.9,1,42.4,1,1,2,1,41,78.6,66.88,69.3,81.03,66.72,71.58
23,Male,Computer Science,B.Tech,8,5.63,0,92.7,68.2,74.9,66.4,55.4,40.0,77.7,79.6,77.8,75.9,56.6,66.8,75.2,2,43.4,1,1,2,1,7,68.7,63.77,68.62,67.22,75.02,67.46
22,Male,Computer Science,B.Tech,8,8.36,0,98.0,75.6,60.5,94.5,52.9,57.9,37.2,89.0,63.4,47.7,75.2,78.5,57.0,2,58.1,1,1,1,1,52,98.0,63.1,64.6,87.92,71.43,72.1
23,Female,Computer Science,B.Tech,8,5.85,0,75.9,59.9,54.0,43.7,71.5,10.0,33.3,76.2,59.2,60.1,86.6,82.7,58.9,1,35.5,0,0,0,0,211,51.2,45.4,72.07,63.72,18.65,52.22
20,Male,Computer Science,B.Tech,8,7.62,0,93.0,60.9,65.4,60.1,54.4,65.3,63.4,66.9,67.3,70.0,70.8,69.1,62.9,5,96.2,0,0,0,0,450,72.6,61.58,68.2,81.24,68.86,69.89
22,Female,Computer Science,B.Tech,8,7.13,0,98.0,76.0,73.0,73.2,59.8,38.7,57.1,72.7,87.1,73.1,55.6,73.5,68.2,2,71.6,0,0,0,0,52,71.0,62.97,67.6,79.31,37.48,64.97
20,Female,Information Technology,B.Tech,8,9.83,1,69.3,88.9,74.1,70.8,54.9,52.4,69.9,95.6,73.4,57.9,53.6,62.6,68.6,1,28.8,4,1,1,0,41,91.7,68.5,60.68,79.6,68.64,70.29
22,Female,Electrical,B.Tech,8,6.62,0,86.7,72.6,61.1,67.7,42.0,50.3,56.0,66.6,74.6,77.2,59.5,60.0,81.3,1,28.1,1,1,1,0,142,71.6,58.28,69.5,72.35,50.43,63.57
21,Male,Information Technology,B.Tech,8,6.65,0,81.7,52.5,47.7,34.6,62.5,46.7,44.9,72.5,57.7,81.4,34.8,90.6,71.6,2,56.7,2,0,0,0,47,72.6,48.15,69.6,71.06,45.01,58.84
20,Male,Computer Science,B.Tech,8,7.28,0,88.3,60.1,68.8,55.9,93.4,73.7,17.1,57.7,60.0,73.1,78.6,68.9,70.8,0,34.9,4,1,2,2,53,77.0,61.5,72.85,77.45,78.47,71.1
22,Male,Mechanical,B.Tech,8,6.32,0,89.7,45.5,60.1,48.4,57.2,87.7,55.1,68.0,55.6,83.1,69.2,86.6,65.4,2,51.6,1,0,0,0,89,66.4,59.0,76.08,71.15,37.48,62.83
22,Female,Computer Science,B.Tech,8,8.46,0,91.3,74.3,67.5,77.7,70.9,29.1,41.8,75.1,74.0,62.7,39.3,59.9,69.2,1,29.5,2,0,0,0,109,56.0,60.22,57.78,86.61,28.85,62.94
22,Male,Electrical,B.Tech,8,7.81,0,74.0,67.4,71.5,61.7,81.5,44.0,61.9,51.5,58.9,,46.4,75.5,63.7,0,34.0,2,1,3,0,11,80.0,64.67,61.87,76.87,66.2,68.0
21,Male,Information Technology,B.Tech,8,8.08,0,71.0,60.3,62.8,75.6,57.8,80.0,50.0,86.4,66.3,62.8,54.6,67.7,77.2,2,53.4,0,0,0,2,12,51.4,64.42,65.58,77.86,40.02,65.02
22,Male,Information Technology,B.Tech,8,6.7,0,73.0,39.7,41.7,53.2,80.4,75.2,55.9,51.6,45.2,82.3,84.7,71.0,53.9,0,34.5,0,1,1,0,69,67.1,57.68,72.97,68.8,38.35,61.17
22,Male,Information Technology,B.Tech,8,7.49,0,87.9,81.3,54.7,82.2,71.7,59.6,35.0,75.5,72.6,64.5,61.3,60.4,66.9,5,93.1,0,1,1,0,161,74.2,64.08,63.28,78.8,95.93,73.11
22,Female,Electrical,B.Tech,8,5.8,0,74.0,53.2,57.0,50.5,49.8,29.7,66.8,68.7,48.9,68.6,34.0,72.4,62.0,2,52.1,0,1,1,0,85,71.6,51.17,59.25,62.8,59.63,57.54
20,Female,Computer Science,B.Tech,8,8.12,0,72.8,79.4,79.2,67.3,55.9,30.5,57.7,50.5,89.9,59.1,64.1,56.7,63.9,1,22.9,2,1,1,0,157,83.2,61.67,60.95,78.68,54.87,65.61
20,Female,Computer Science,B.Tech,8,7.36,0,83.7,77.0,61.9,56.9,81.8,73.3,95.0,69.4,64.5,64.7,76.6,72.8,58.9,3,88.8,1,0,0,1,58,70.6,74.32,68.25,76.63,60.64,71.75
24,Male,Electrical,B.Tech,8,8.6,1,69.6,69.7,61.1,75.8,62.2,55.6,50.2,68.5,70.5,80.3,40.8,69.6,78.5,3,52.8,2,0,0,3,80,80.1,62.43,67.3,71.08,63.84,66.21
22,Male,Computer Science,B.Tech,8,7.47,0,98.0,75.0,81.8,80.7,63.7,79.0,38.0,65.7,81.5,79.4,79.6,74.2,73.2,2,43.5,0,1,3,2,31,64.5,69.7,76.6,81.69,81.05,76.38
21,Male,Information Technology,B.Tech,8,6.36,3,74.0,56.7,66.9,54.2,95.5,33.2,56.0,62.1,71.5,77.3,69.9,73.1,69.6,1,45.2,1,0,0,0,50,63.7,60.42,72.47,36.72,27.56,50.79
21,Female,Electronics,B.Tech,8,8.69,0,79.5,52.3,45.9,47.9,56.1,40.3,29.5,62.8,47.5,66.1,63.8,72.7,62.9,2,40.0,1,1,3,0,206,79.9,45.33,66.37,84.68,78.0,66.24
21,Female,Computer Science,B.Tech,8,7.54,4,65.6,66.4,77.8,69.6,71.2,36.9,48.5,73.9,80.0,69.6,75.3,80.9,71.1,3,61.2,1,1,1,2,338,87.9,61.73,74.22,32.46,84.36,58.84
22,Female,Computer Science,B.Tech,8,6.51,0,81.6,56.3,55.6,43.7,58.0,45.0,17.2,53.1,45.6,89.7,58.3,98.0,62.0,1,57.7,1,0,0,3,2,57.7,45.97,77.0,70.05,43.31,59.0
22,Female,Information Technology,B.Tech,8,8.04,2,81.2,45.6,49.1,43.4,56.6,39.3,62.8,51.2,47.4,52.1,68.7,51.6,42.6,2,32.9,1,1,1,0,134,81.3,49.47,53.75,60.64,59.87,55.24
22,Male,Electronics,B.Tech,8,5.07,0,77.9,51.8,32.6,42.3,89.4,72.1,40.6,90.0,40.8,88.8,58.3,57.0,79.1,2,51.1,0,1,1,0,13,73.6,54.8,70.8,58.86,59.33,59.9
21,Male,Computer Science,B.Tech,8,6.14,1,72.6,66.6,62.2,56.5,51.6,88.9,51.0,64.5,69.7,66.9,62.1,71.9,64.4,1,23.0,2,0,0,0,17,67.5,62.8,66.32,54.76,26.9,55.71
21,Male,Electronics,B.Tech,8,6.45,0,77.7,56.6,48.3,54.3,51.3,58.3,65.6,53.3,39.4,81.0,40.3,61.1,49.9,1,34.3,1,0,0,0,26,60.3,55.73,58.08,68.46,24.29,55.3
22,Female,Information Technology,B.Tech,8,6.83,0,79.2,71.8,61.6,62.6,28.9,63.5,59.9,67.3,64.5,83.2,54.5,65.3,85.2,2,48.6,2,1,1,0,92,81.5,58.05,72.05,71.57,70.58,66.79
23,Female,Computer Science,B.Tech,8,9.45,0,85.1,73.8,86.3,99.0,74.9,46.4,78.9,75.2,81.0,67.8,65.8,76.9,76.6,5,78.6,0,1,1,4,215,98.0,76.55,71.78,91.68,100.0,83.65
21,Male,Computer Science,B.Tech,8,7.57,0,62.0,64.3,46.4,66.4,58.5,47.8,56.1,62.2,54.8,77.0,46.4,71.9,61.7,4,77.8,3,1,1,0,78,98.0,56.58,64.25,71.59,100.0,69.13
20,Male,Mechanical,B.Tech,8,7.63,0,93.4,59.2,39.6,72.0,87.5,39.7,65.5,86.2,50.4,56.8,69.4,70.4,61.9,2,53.8,1,0,0,0,38,71.2,60.58,64.62,81.43,38.14,64.28
21,Female,Computer Science,B.Tech,8,7.77,0,82.5,77.6,68.4,77.6,42.5,57.6,49.0,73.2,74.0,73.3,55.9,49.2,85.8,3,72.0,0,1,1,1,217,83.8,62.12,66.05,79.14,77.6,70.33
24,Female,Computer Science,B.Tech,8,6.64,0,81.9,46.3,53.5,57.0,62.4,85.7,25.2,76.3,48.8,98.0,66.3,58.1,84.0,3,74.1,2,0,0,2,126,76.3,55.02,76.6,71.05,66.23,65.83
21,Male,Electrical,B.Tech,8,8.55,0,67.8,78.9,71.3,81.2,62.7,38.2,62.7,92.0,73.6,57.4,63.8,84.5,65.9,1,40.4,3,1,1,0,117,98.0,65.83,67.9,80.19,66.12,70.6
21,Male,Electronics,B.Tech,8,7.77,0,89.4,87.8,83.6,66.8,76.9,20.7,83.7,57.8,84.0,74.9,57.3,81.0,71.6,2,41.8,2,1,2,1,176,74.9,69.92,71.2,81.21,80.54,75.16
22,Female,Computer Science,B.Tech,8,7.03,0,70.8,64.1,42.3,69.4,40.6,54.2,83.3,97.4,47.5,58.3,58.9,65.7,76.2,1,42.3,2,1,3,0,126,82.2,58.98,64.77,70.45,76.69,66.24
21,Male,Electrical,B.Tech,8,7.74,0,69.0,65.4,74.8,66.7,74.1,78.4,51.3,94.0,73.0,60.3,78.7,63.7,75.6,4,82.2,1,1,3,2,127,78.4,68.45,69.57,74.88,100.0,75.34
22,Female,Information Technology,B.Tech,8,7.56,0,96.3,61.7,59.9,69.1,30.5,54.7,45.7,58.9,52.9,60.6,70.2,77.6,68.4,3,64.5,2,0,0,4,46,64.9,53.6,69.2,81.81,71.35,67.85
20,Male,Electronics,B.Tech,8,5.69,1,78.3,51.6,46.4,67.2,60.5,75.9,60.2,73.5,55.7,61.4,84.3,76.7,68.3,2,31.6,1,1,1,0,69,85.6,60.3,72.68,53.32,59.48,60.56
21,Male,Information Technology,B.Tech,8,6.81,0,88.4,56.4,55.2,70.0,33.8,68.2,15.6,90.3,55.8,85.6,66.4,66.6,81.2,2,52.5,0,0,0,0,39,50.0,49.87,74.95,74.19,31.75,59.46
22,Male,Electronics,B.Tech,8,5.4,0,90.4,32.0,28.4,27.6,62.3,38.4,58.7,58.1,35.4,96.0,52.4,64.4,57.8,2,46.6,3,1,3,0,61,80.1,41.23,67.65,64.92,91.98,61.23
21,Female,Information Technology,B.Tech,8,7.42,1,84.2,41.1,46.8,57.1,69.4,65.5,42.7,48.3,33.3,65.8,59.7,68.0,55.4,1,40.3,0,1,1,2,121,64.3,53.77,62.22,67.2,56.09,59.84
23,Other,Civil,B.Tech,8,7.1,3,96.0,67.0,57.1,55.9,39.6,43.0,60.4,66.0,55.5,59.6,85.8,52.6,63.3,2,57.5,0,1,3,0,165,68.5,53.83,65.32,48.5,77.25,58.04
21,Male,Electronics,B.Tech,8,8.01,0,95.9,63.8,56.3,54.3,68.6,71.0,50.4,68.1,57.5,70.3,59.6,78.6,58.0,3,64.4,1,1,1,0,84,83.7,60.73,66.62,84.84,77.32,71.63
21,Male,Computer Science,B.Tech,8,6.44,0,86.4,56.3,62.4,60.4,56.1,40.2,71.1,51.0,55.2,70.3,56.8,52.6,73.7,1,33.8,1,1,1,1,145,79.9,57.75,63.35,71.0,56.14,62.6
22,Female,Electronics,B.Tech,8,6.46,0,93.7,53.0,44.4,61.7,58.6,53.4,46.6,67.2,50.4,82.5,95.0,72.6,65.6,3,77.7,2,0,0,1,65,87.7,52.95,78.92,73.33,63.31,65.81
21,Other,Electrical,B.Tech,8,6.86,0,59.3,76.0,72.1,69.5,57.2,39.5,62.6,44.8,71.0,62.4,75.6,84.0,63.5,1,42.2,2,0,0,0,85,55.2,62.82,71.38,65.81,32.66,60.9
22,Male,Electronics,B.Tech,8,7.56,0,87.6,39.6,52.7,52.4,77.4,86.9,55.1,69.0,47.6,87.5,62.4,82.5,70.6,2,54.3,1,1,1,2,6,72.3,60.68,75.75,79.2,74.29,71.29
23,Male,Information Technology,B.Tech,8,6.08,1,87.9,54.4,54.0,68.3,57.0,51.7,59.9,86.5,57.5,82.1,73.2,79.3,68.3,3,66.0,1,1,2,4,450,71.6,57.55,75.73,58.93,100.0,67.97
22,Female,Computer Science,B.Tech,8,7.23,0,85.6,51.4,39.0,51.3,60.0,71.4,40.8,48.8,51.3,64.7,57.2,81.2,55.9,3,64.7,2,0,0,0,83,75.2,52.32,64.75,76.29,55.41,62.46
20,Female,Computer Science,B.Tech,8,8.8,0,76.8,62.5,64.1,60.4,47.3,71.1,54.3,72.9,58.5,62.6,73.4,92.4,68.0,2,62.9,1,1,1,0,220,80.0,59.95,74.1,84.64,68.87,71.53
21,Other,Electronics,B.Tech,8,6.93,0,73.4,48.5,43.8,48.8,44.6,37.2,42.8,90.8,42.1,79.8,64.3,72.1,69.4,1,21.9,1,0,0,0,70,64.8,44.28,71.4,70.53,20.57,54.02
21,Female,Information Technology,B.Tech,8,6.68,1,84.1,36.0,30.1,25.7,75.9,53.6,78.5,59.1,28.3,65.1,68.5,79.4,57.8,4,87.8,4,1,3,1,27,98.0,49.97,67.7,61.99,100.0,64.63
21,Female,Information Technology,B.Tech,8,7.47,0,82.1,80.9,70.1,66.6,83.4,53.5,60.9,62.2,72.9,57.5,61.6,71.6,67.4,1,44.2,1,0,0,0,2,52.1,69.23,64.53,76.92,27.26,64.3
21,Female,Computer Science,B.Tech,8,7.03,1,85.9,53.5,56.7,62.7,65.4,80.1,45.6,49.6,59.8,66.9,76.8,70.2,58.3,0,20.0,2,0,0,0,287,45.7,60.67,68.05,64.98,18.0,57.04
21,Female,Information Technology,B.Tech,8,8.48,2,91.4,71.1,67.4,73.1,72.3,56.5,51.5,68.9,65.3,59.2,74.5,53.4,63.6,3,82.4,2,1,1,0,66,93.5,65.32,62.68,66.78,88.72,68.74
22,Female,Information Technology,B.Tech,8,6.98,1,68.7,75.1,55.8,54.1,76.2,35.9,83.0,72.2,69.8,82.7,63.6,73.4,72.2,2,39.6,0,1,1,1,105,83.1,63.35,72.98,59.47,59.88,63.59
21,Female,Information Technology,B.Tech,8,7.19,0,65.7,55.9,42.6,57.3,56.0,53.8,81.7,49.3,56.1,55.0,62.1,69.6,52.9,1,29.2,1,0,0,1,6,57.2,57.88,59.9,70.04,26.76,57.26
20,Other,Electrical,B.Tech,8,7.28,2,79.7,63.6,48.9,55.0,59.0,65.1,22.5,54.6,58.1,70.4,67.1,67.8,49.5,2,46.2,1,0,0,0,45,56.0,52.35,63.7,54.87,35.86,52.9
22,Female,Computer Science,B.Tech,8,7.06,0,72.4,73.6,59.7,71.7,70.4,59.9,64.8,48.0,65.0,74.6,63.7,71.1,72.9,2,49.2,1,1,1,0,254,91.7,66.68,70.58,71.14,64.76,68.51
22,Male,Electronics,B.Tech,8,6.29,0,83.1,47.9,38.1,46.7,42.2,69.1,53.7,71.4,40.2,58.7,89.0,70.7,51.0,4,78.9,1,0,0,0,112,65.0,49.62,67.35,68.96,61.67,60.78
21,Male,Information Technology,B.Tech,8,7.86,0,68.7,81.8,80.3,81.0,50.5,58.6,48.2,74.0,87.1,93.9,70.8,93.5,81.6,0,22.3,0,1,1,3,5,61.7,66.73,84.95,75.63,46.69,70.04
21,Female,Computer Science,B.Tech,8,7.24,0,73.6,52.5,56.1,56.6,68.0,29.8,11.5,66.6,50.5,86.6,52.9,70.6,64.4,3,55.6,3,0,0,1,38,65.0,45.75,68.62,72.76,62.68,60.97
23,Female,Mechanical,B.Tech,8,7.97,2,63.5,46.4,46.4,52.9,73.3,75.4,42.1,79.6,40.7,62.1,84.2,79.3,64.5,2,59.4,1,0,0,0,50,48.7,56.08,72.53,54.84,39.82,56.56
20,Male,Civil,B.Tech,8,8.4,0,78.5,62.6,60.2,52.3,48.7,13.9,59.7,52.9,62.1,87.3,84.2,74.8,76.6,0,20.6,2,1,1,0,84,67.7,49.57,80.72,82.35,46.18,65.13
22,Male,Computer Science,B.Tech,8,6.54,0,65.5,52.3,59.4,41.1,69.9,64.1,63.0,78.0,54.3,59.0,56.4,68.3,56.8,3,65.7,2,1,1,1,33,95.2,58.3,60.12,65.43,87.71,65.21
21,Male,Information Technology,B.Tech,8,6.63,0,72.1,77.6,76.2,70.8,28.6,40.8,62.8,51.6,74.2,64.4,64.0,89.8,59.2,1,35.2,1,1,2,0,10,71.8,59.47,69.35,68.04,60.56,64.18
24,Female,Information Technology,B.Tech,8,7.85,0,93.9,69.4,77.9,84.7,36.3,28.4,26.3,51.1,76.0,50.0,70.3,59.9,59.5,0,27.1,1,0,0,3,4,37.7,53.83,59.92,83.12,26.13,59.68
22,Female,Computer Science,B.Tech,8,4.81,0,74.1,50.2,37.5,50.4,49.8,37.1,58.4,68.8,41.0,71.7,48.5,65.2,66.8,2,49.9,0,0,0,0,15,50.4,47.23,63.05,55.9,30.97,50.56
21,Male,Information Technology,B.Tech,8,6.89,4,65.5,57.5,48.2,46.0,55.5,47.5,56.5,81.3,47.7,70.8,71.0,77.1,67.3,4,72.3,1,1,2,0,235,89.1,51.87,71.55,27.88,95.69,55.18
20,Male,Mechanical,B.Tech,8,6.68,0,80.0,60.3,67.3,63.0,69.8,17.1,33.1,77.7,59.7,67.3,47.6,55.9,64.7,2,47.7,1,0,0,1,151,63.3,51.77,58.88,70.76,40.31,57.17
20,Female,Computer Science,B.Tech,8,6.96,0,74.9,63.4,68.7,65.9,58.6,80.8,42.3,56.7,59.5,76.5,59.8,70.4,63.3,3,73.2,0,1,2,1,235,86.1,63.28,67.5,71.19,85.96,69.9
21,Male,Electrical,B.Tech,8,7.76,3,76.5,67.9,66.5,77.6,88.6,47.9,47.8,79.0,67.6,67.9,63.9,94.7,72.6,2,65.3,1,0,0,3,235,62.2,66.05,74.78,47.27,53.59,60.29
22,Female,Information Technology,B.Tech,8,6.87,0,98.0,75.8,73.7,84.3,69.4,43.0,41.0,88.4,79.4,57.3,78.1,74.6,73.1,2,57.3,2,1,1,0,16,80.2,64.53,70.77,77.49,73.19,70.96
22,Male,Mechanical,B.Tech,8,8.25,2,95.6,79.3,72.7,85.2,87.6,64.8,51.0,78.9,76.2,74.3,62.1,59.6,69.8,2,37.8,0,1,3,0,59,88.5,73.43,66.45,66.43,71.34,69.62
21,Male,Electrical,B.Tech,8,6.92,1,89.5,58.1,62.8,67.3,42.9,67.9,73.5,80.0,53.9,68.0,58.7,65.8,71.2,3,53.5,1,0,0,0,303,60.8,62.08,65.92,65.29,46.05,61.41
21,Female,Electronics,B.Tech,8,7.11,0,98.0,56.6,60.2,62.9,77.4,73.3,28.0,85.2,60.1,53.7,70.6,70.6,65.6,2,57.3,2,0,0,2,36,71.8,59.73,65.12,79.17,53.19,65.66
21,Male,Electrical,B.Tech,8,7.64,2,69.0,62.8,47.4,65.0,57.2,66.4,60.9,98.0,54.8,49.3,46.3,54.7,56.2,5,91.9,3,1,1,0,72,98.0,59.95,51.62,54.18,100.0,62.56
21,Male,Computer Science,B.Tech,8,7.76,0,62.7,59.3,62.0,63.9,53.5,50.2,55.9,93.3,63.2,64.6,60.2,68.1,79.8,3,82.3,1,1,1,0,136,98.0,57.47,68.18,73.13,82.69,68.09
20,Male,Mechanical,B.Tech,8,6.13,3,96.8,63.7,58.9,77.0,51.4,24.3,58.6,56.3,51.2,66.2,57.9,68.6,69.3,3,64.7,2,0,0,4,46,87.2,55.65,65.5,41.95,71.41,55.87
20,Male,Computer Science,B.Tech,8,7.54,0,64.6,70.3,75.4,74.3,81.4,64.9,77.6,62.3,69.9,85.9,63.2,80.9,76.4,3,62.0,2,1,1,2,227,89.1,73.98,76.6,72.16,90.6,76.45
21,Other,Information Technology,B.Tech,8,8.51,3,75.8,75.4,80.2,82.2,71.4,44.9,60.7,61.2,84.1,75.7,68.0,87.9,82.2,1,44.5,3,0,0,1,72,60.4,69.13,78.45,52.31,43.35,62.08
21,Female,Information Technology,B.Tech,8,7.99,0,85.2,63.4,44.6,54.3,76.0,35.7,12.2,58.1,48.6,47.3,53.3,61.4,52.0,3,68.9,1,1,1,0,190,92.0,47.7,53.5,81.49,78.67,63.64
21,Female,Computer Science,B.Tech,8,4.57,0,75.2,43.6,45.1,48.9,83.8,95.3,52.6,86.4,56.1,58.7,69.5,74.1,63.2,3,67.1,2,0,0,0,70,81.1,61.55,66.38,54.55,56.13,59.6
22,Female,Electronics,B.Tech,8,7.18,0,82.1,49.2,49.9,70.3,44.9,75.2,56.0,87.6,52.0,53.7,72.2,61.4,57.0,3,80.6,1,1,1,1,10,85.0,57.58,61.08,74.89,86.18,67.76
21,Male,Electronics,B.Tech,8,4.5,1,72.0,43.7,41.2,50.9,66.1,62.5,58.6,63.5,45.4,96.5,69.4,74.9,81.0,2,34.2,2,0,0,2,58,48.6,53.83,80.45,43.1,46.26,54.8
22,Female,Civil,B.Tech,8,5.96,2,84.8,45.4,55.2,52.5,53.2,41.8,51.2,63.6,49.8,69.1,61.2,89.7,63.2,1,35.0,1,0,0,0,154,61.9,49.88,70.8,47.16,24.5,49.44
22,Female,Electronics,B.Tech,8,6.83,0,82.6,60.2,43.7,54.6,55.7,41.1,51.5,62.6,48.0,60.1,48.7,78.6,55.4,2,46.9,3,0,0,1,52,72.8,51.13,60.7,72.59,52.07,59.62
23,Female,Computer Science,B.Tech,8,5.71,0,78.5,41.1,47.0,61.1,64.5,38.2,49.4,58.5,46.7,70.6,69.5,91.4,59.7,1,35.7,4,0,0,2,100,64.9,50.22,72.8,63.52,50.71,58.8
22,Male,Computer Science,B.Tech,8,8.0,1,80.6,81.6,65.5,70.4,64.2,69.0,28.0,83.5,78.3,94.9,87.5,67.1,92.6,3,58.7,0,1,3,1,100,86.6,63.12,85.52,70.18,89.61,73.69
22,Male,Computer Science,B.Tech,8,7.84,0,85.8,60.6,55.1,68.9,54.9,43.0,36.3,98.0,61.2,78.1,49.5,62.7,79.4,3,75.7,1,1,1,0,405,87.0,53.13,67.43,80.62,80.71,68.37
22,Male,Electronics,B.Tech,8,8.11,0,87.0,66.0,69.3,75.0,65.7,84.8,46.8,83.5,68.9,63.2,30.5,71.9,72.7,4,82.4,3,0,0,0,109,93.0,67.93,59.58,82.87,74.72,71.76
21,Male,Electrical,B.Tech,8,7.45,2,76.7,79.5,85.8,94.0,38.8,66.9,32.9,64.8,84.0,88.0,56.3,69.0,71.0,0,20.0,3,0,0,1,168,43.0,66.32,71.08,55.16,28.0,58.18
20,Female,Computer Science,B.Tech,8,8.99,0,81.2,80.6,78.9,82.3,41.2,76.5,79.6,81.9,75.0,80.8,90.5,82.5,75.3,2,66.2,2,0,0,1,62,68.8,73.18,82.28,87.29,51.86,76.04
23,Female,Electronics,B.Tech,8,8.51,0,73.2,66.2,60.9,71.8,84.8,75.8,17.6,69.3,69.4,66.9,39.5,66.5,54.2,4,81.5,1,0,0,0,81,76.7,62.85,56.78,81.53,62.45,67.18
21,Other,Information Technology,B.Tech,8,7.45,0,85.4,80.8,69.7,64.5,65.1,29.0,67.8,50.2,75.7,86.1,71.9,87.0,60.5,0,20.0,1,1,1,1,24,81.1,62.82,76.38,77.77,44.0,67.19
20,Female,Information Technology,B.Tech,8,8.18,0,74.5,69.8,75.0,65.0,79.1,55.5,69.3,86.0,78.7,72.1,58.1,60.8,72.4,3,77.1,4,1,1,0,56,96.8,68.95,65.85,79.61,99.13,76.06
22,Female,Computer Science,B.Tech,8,7.27,1,88.5,54.9,46.1,58.8,50.2,42.1,44.0,59.6,42.4,51.7,75.3,55.5,52.3,3,67.3,0,1,1,2,160,83.0,49.35,58.7,67.44,80.19,61.27
21,Female,Computer Science,B.Tech,8,6.78,0,98.0,69.7,66.8,60.7,61.1,69.9,79.4,71.5,73.2,57.6,83.9,55.0,58.9,4,93.8,0,0,0,0,151,74.2,67.93,63.85,76.86,60.14,68.62
22,Female,Electronics,B.Tech,8,6.54,4,88.8,67.2,72.9,60.9,74.0,38.6,76.6,63.3,74.5,83.8,63.1,67.3,61.4,2,55.5,1,1,1,2,168,82.0,65.03,68.9,32.42,74.65,57.46
21,Male,Information Technology,B.Tech,8,7.91,0,93.3,59.8,73.2,69.8,58.6,56.1,54.1,54.9,74.9,62.1,59.2,66.4,61.8,1,37.7,1,1,1,2,139,72.4,61.93,62.38,83.36,61.31,68.36
22,Female,Mechanical,B.Tech,8,8.83,1,81.7,65.8,68.5,72.2,66.0,59.5,59.1,49.2,67.0,93.3,78.2,74.5,84.7,2,52.2,0,1,1,0,362,66.4,65.18,82.68,76.32,59.66,71.19
24,Female,Electronics,B.Tech,8,4.88,0,96.2,52.8,46.3,63.8,63.7,56.1,52.8,73.8,56.7,77.5,48.3,65.5,60.3,2,32.6,2,0,0,1,85,64.3,55.92,62.9,63.02,41.78,57.32
22,Male,Computer Science,B.Tech,8,5.75,0,68.5,46.1,27.7,27.4,52.1,69.3,51.4,66.2,31.0,86.6,54.2,84.4,59.5,2,38.1,2,0,0,3,47,63.3,45.67,71.18,60.8,51.43,56.18
21,Male,Electrical,B.Tech,8,8.71,0,81.9,71.5,82.3,70.5,30.9,23.8,31.8,77.4,73.1,72.3,65.5,79.4,79.6,2,44.7,1,0,0,0,26,65.0,51.8,74.2,85.54,35.41,63.94
20,Female,Computer Science,B.Tech,8,6.31,0,98.0,33.3,42.4,46.7,51.7,51.1,41.3,75.8,36.6,74.3,60.3,82.7,69.8,1,56.3,1,1,1,0,104,70.9,44.42,71.78,73.57,58.89,60.81
22,Female,Computer Science,B.Tech,8,6.16,2,68.3,52.0,48.5,49.3,36.0,74.6,52.2,55.7,53.7,78.1,63.9,72.0,67.1,1,51.3,0,0,0,3,50,50.8,52.1,70.28,43.61,35.39,50.68
22,Female,Computer Science,B.Tech,8,6.39,0,76.7,45.5,33.9,68.0,40.5,57.6,56.5,33.2,39.7,58.9,50.5,68.6,42.7,3,70.0,1,1,1,0,106,85.6,50.33,55.18,67.74,79.0,60.82
21,Female,Computer Science,B.Tech,8,7.74,0,81.6,57.9,51.4,51.8,69.6,65.8,70.2,63.6,57.5,60.3,76.4,71.2,61.7,3,58.9,1,1,1,0,450,82.3,61.12,67.4,78.66,75.67,69.82
24,Female,Computer Science,B.Tech,8,,4,65.0,38.4,38.6,55.3,61.5,56.8,32.4,72.6,41.7,57.2,65.4,53.2,56.3,2,41.7,1,0,0,1,37,61.0,47.17,58.03,29.83,38.51,42.84
21,Male,Information Technology,B.Tech,8,,0,98.0,57.1,53.1,56.0,47.7,51.4,60.3,98.0,54.0,65.5,61.8,80.8,76.5,0,20.0,3,0,0,0,97,64.2,54.27,71.15,79.73,24.0,60.74
20,Female,Computer Science,B.Tech,8,7.13,0,79.1,59.5,51.2,63.7,78.3,10.0,66.1,59.7,57.6,81.6,64.5,77.3,59.8,2,46.7,3,0,0,1,353,72.7,54.8,70.8,73.64,52.01,63.23
22,Other,Computer Science,B.Tech,8,6.62,0,86.4,49.2,50.7,67.7,62.6,39.1,80.0,56.6,51.7,73.3,56.0,79.0,67.7,1,27.6,3,0,0,2,350,70.9,58.22,69.0,72.26,42.28,62.2
21,Male,Electrical,B.Tech,8,6.97,0,89.9,50.3,53.6,59.6,59.3,73.0,65.9,56.8,51.2,66.3,72.7,79.7,64.1,2,41.5,1,0,0,2,113,67.7,60.28,70.7,75.76,42.45,64.33
22,Male,Computer Science,B.Tech,8,7.75,0,78.0,54.9,62.7,67.6,88.7,40.0,28.6,91.5,59.1,79.4,67.5,61.6,82.5,1,30.4,0,1,2,2,25,53.7,57.08,72.75,77.65,61.12,66.99
21,Female,Computer Science,B.Tech,8,4.75,0,80.6,53.7,54.0,63.9,48.0,69.1,55.9,77.8,52.5,51.8,76.8,58.8,63.1,2,29.7,2,0,0,2,158,56.6,57.43,62.62,57.43,44.91,56.59
21,Male,Computer Science,B.Tech,8,7.77,0,83.4,77.5,68.4,65.7,52.2,72.4,67.9,64.5,73.7,83.0,59.5,78.9,70.4,2,61.2,0,0,0,1,262,72.7,67.35,72.95,79.41,38.36,67.74
21,Male,Computer Science,B.Tech,8,7.72,0,84.8,71.2,70.7,77.3,50.1,82.3,59.3,46.9,75.2,60.4,62.7,65.8,60.7,2,54.1,3,1,2,1,16,83.8,68.48,62.4,79.48,90.23,73.83
22,Female,Electrical,B.Tech,8,6.23,0,93.0,41.8,43.3,59.0,61.8,39.3,61.5,83.1,40.9,77.2,68.3,75.3,76.8,4,92.3,0,1,2,0,148,79.8,51.12,74.4,71.51,95.69,68.58
21,Female,Computer Science,B.Tech,8,8.16,0,94.1,74.4,77.0,72.6,84.0,71.6,56.3,92.6,84.4,71.0,66.6,74.1,82.0,1,33.4,2,1,2,0,4,71.7,72.65,73.42,85.35,66.02,75.62
21,Male,Electrical,B.Tech,8,5.95,2,80.8,45.7,45.9,35.8,90.3,67.7,48.6,64.7,43.7,62.8,51.7,69.2,63.9,1,42.4,4,1,1,4,41,74.4,55.67,61.9,45.89,88.72,58.94
20,Female,Electrical,B.Tech,8,8.37,0,85.4,54.0,69.1,70.8,27.3,75.8,33.1,43.8,58.3,56.4,75.3,73.1,57.5,2,46.6,2,0,0,4,22,78.4,55.02,65.57,84.21,57.98,66.33
21,Male,Computer Science,B.Tech,8,7.46,0,74.6,53.0,53.4,54.5,37.2,33.8,60.6,58.1,49.4,65.7,81.7,71.4,69.7,3,73.4,1,1,1,1,225,74.0,48.75,72.12,74.6,84.02,66.47
22,Female,Computer Science,B.Tech,8,7.16,2,94.8,29.4,49.9,58.1,49.3,30.7,72.7,73.5,37.8,69.4,62.2,93.6,74.2,1,34.9,1,0,0,0,120,52.4,48.35,74.85,58.56,24.47,53.13
22,Male,Computer Science,B.Tech,8,5.99,0,73.1,64.1,64.6,63.6,97.9,46.3,43.8,71.1,58.6,77.3,79.5,58.5,60.6,1,38.3,1,0,0,2,45,65.2,63.38,68.98,63.86,33.49,60.16
20,Male,Information Technology,B.Tech,8,5.43,0,98.0,45.5,44.1,54.0,65.5,27.8,52.3,52.2,48.3,54.0,58.3,58.4,42.4,4,80.9,1,0,0,0,41,54.7,48.2,53.28,67.41,62.27,57.09
21,Male,Information Technology,B.Tech,8,7.09,0,80.1,50.1,58.0,72.7,68.7,57.6,37.9,75.7,57.7,98.0,70.7,88.0,76.6,2,51.4,2,1,1,2,117,79.1,57.5,83.32,73.66,79.42,70.8
21,Female,Computer Science,B.Tech,8,7.49,0,74.3,67.4,76.8,71.0,56.9,56.6,65.0,50.0,79.9,67.0,54.5,72.1,67.9,1,33.1,0,1,1,0,84,67.6,65.62,65.38,74.72,45.93,65.35
22,Male,Computer Science,B.Tech,8,7.55,0,65.9,78.0,54.8,76.6,95.3,51.9,49.9,48.8,57.9,53.0,72.1,88.0,57.5,2,37.9,0,0,0,0,203,55.3,67.75,67.65,72.62,27.37,63.13
21,Male,Information Technology,B.Tech,8,8.12,0,93.5,60.6,68.2,68.5,58.7,38.1,85.0,51.9,68.8,58.3,53.8,81.0,62.5,1,28.1,2,1,1,0,83,90.8,63.18,63.9,84.89,56.43,68.82
21,Male,Computer Science,B.Tech,8,7.93,0,86.9,55.2,57.3,64.9,61.2,56.2,57.0,42.8,58.3,62.2,63.2,86.0,49.8,1,24.7,1,1,1,0,127,78.6,58.63,65.3,81.58,49.41,65.47
21,Female,Electronics,B.Tech,8,7.29,1,89.2,70.6,61.7,75.1,63.0,42.5,63.1,44.5,64.6,77.6,85.0,78.8,67.6,2,46.2,1,1,1,0,232,90.0,62.67,77.25,67.79,63.86,67.3
20,Male,Electronics,B.Tech,8,7.05,1,98.0,49.4,41.4,51.7,44.7,60.6,36.6,68.8,45.4,68.5,92.4,85.5,62.5,3,65.9,2,0,0,0,199,79.1,47.4,77.22,68.75,55.77,61.02
21,Male,Computer Science,B.Tech,8,5.62,1,83.1,60.1,58.7,61.6,58.2,18.6,90.8,57.1,59.6,80.6,59.4,69.4,59.7,0,31.1,1,1,1,1,6,61.7,58.0,67.28,54.27,47.33,57.14
22,Male,Electronics,B.Tech,8,7.23,0,66.6,66.7,40.7,74.2,64.3,98.0,63.5,70.4,51.6,82.0,58.9,61.6,67.3,0,21.1,2,0,0,2,22,66.0,67.9,67.45,70.59,26.33,62.38
22,Male,Computer Science,B.Tech,8,6.8,0,79.5,36.3,34.7,36.3,46.3,64.2,61.8,59.5,35.5,48.2,83.8,73.3,56.9,3,67.2,0,1,1,0,15,67.6,46.6,65.55,71.45,72.16,61.68
23,Female,Information Technology,B.Tech,8,8.54,3,74.2,69.2,56.4,72.3,72.0,50.7,59.3,60.7,67.6,79.7,54.4,53.6,69.4,2,45.8,0,0,0,1,49,49.9,63.32,64.28,52.04,33.74,55.69
23,Male,Computer Science,B.Tech,8,5.0,0,91.1,43.0,33.0,45.2,80.2,83.2,20.8,55.7,31.2,69.3,64.4,76.8,59.7,2,38.1,1,0,0,0,50,55.9,50.9,67.55,62.33,33.43,55.04
21,Male,Computer Science,B.Tech,8,7.06,0,95.6,52.4,46.7,71.5,66.6,39.1,36.0,68.6,50.4,60.0,74.0,62.0,49.1,3,62.4,3,1,1,0,43,87.2,52.05,61.28,78.1,88.72,67.21
22,Female,Civil,B.Tech,8,5.99,0,73.4,50.1,45.3,42.0,50.6,63.0,35.9,86.1,51.5,68.6,45.8,62.9,64.9,0,20.0,1,0,0,0,80,42.4,47.82,60.55,63.95,12.0,49.83
21,Female,Computer Science,B.Tech,8,7.06,0,76.5,75.6,74.2,52.1,54.8,85.4,49.2,71.4,75.3,85.8,81.4,54.3,74.5,1,35.9,0,1,3,0,24,60.2,65.22,74.0,72.37,62.77,68.75
22,Other,Electronics,B.Tech,8,7.04,4,82.3,72.8,67.9,68.2,88.7,46.8,57.3,43.1,67.0,63.5,87.5,69.4,63.2,2,55.2,2,1,3,0,242,85.5,66.95,70.9,33.97,88.56,61.09
21,Female,Information Technology,B.Tech,8,5.86,0,79.7,51.2,56.1,57.8,57.3,84.0,44.7,66.2,57.2,77.2,82.3,70.0,58.7,2,26.2,2,1,1,4,95,71.5,58.52,72.05,64.93,79.86,66.35
23,Male,Computer Science,B.Tech,8,8.25,0,82.9,64.6,52.4,69.9,33.6,53.3,38.3,62.3,57.8,70.9,33.4,77.5,54.7,3,74.7,1,1,1,0,61,97.6,52.02,59.12,82.62,80.41,66.88
24,Male,Civil,B.Tech,8,6.87,1,95.0,52.2,68.6,75.8,48.9,67.8,47.2,66.9,53.6,44.6,39.1,63.2,62.3,3,77.6,4,1,3,0,450,95.8,60.08,52.3,66.59,100.0,66.46
20,Female,Computer Science,B.Tech,8,7.63,0,92.3,57.4,65.4,69.3,45.6,87.0,34.3,73.4,65.0,54.0,60.9,70.5,67.7,5,97.4,1,1,1,0,44,97.3,59.83,63.28,81.1,100.0,72.93
20,Female,Electronics,B.Tech,8,7.02,0,96.0,76.0,72.7,70.0,50.8,10.3,35.3,73.1,77.2,65.8,50.2,79.0,73.9,0,23.4,2,0,0,0,54,59.8,52.52,67.22,77.94,19.02,58.06
22,Male,Electronics,B.Tech,8,7.04,1,71.8,55.7,56.0,73.2,80.3,52.3,46.3,62.2,60.8,95.6,67.2,75.6,72.1,5,98.0,0,1,2,2,50,98.0,60.63,77.62,60.82,100.0,69.99
22,Male,Electronics,B.Tech,8,7.52,0,92.0,56.9,56.7,53.9,56.6,79.4,24.1,82.2,57.0,75.8,48.0,85.4,79.3,3,70.1,0,0,0,0,28,53.0,54.6,72.12,80.24,45.03,64.36
21,Male,Information Technology,B.Tech,8,5.54,0,98.0,41.1,51.1,56.6,76.8,70.0,20.5,62.2,41.0,54.9,68.9,57.7,60.9,3,53.4,1,1,1,0,105,80.6,52.68,60.6,68.18,74.02,62.12
21,Male,Computer Science,B.Tech,8,6.69,0,76.7,60.6,60.8,50.7,51.7,70.8,41.2,48.1,59.2,84.0,76.5,84.9,65.4,5,94.0,0,0,0,1,219,68.0,55.97,77.7,69.84,72.2,66.91
23,Female,Information Technology,B.Tech,8,8.43,3,82.1,67.3,77.7,61.1,66.7,35.4,51.9,72.9,73.6,57.8,81.4,53.0,77.0,2,67.9,1,1,2,0,20,79.8,60.02,67.3,53.64,78.37,62.31
22,Male,Information Technology,B.Tech,8,6.62,0,78.8,40.0,46.7,41.6,56.9,53.1,48.0,46.0,52.7,79.9,47.8,77.0,63.7,3,55.3,3,0,0,0,255,83.2,47.72,67.1,69.98,58.59,59.9
24,Male,Electrical,B.Tech,8,6.82,0,98.0,73.7,52.6,71.4,61.4,70.3,29.8,80.7,61.0,58.3,64.9,76.6,62.4,2,53.3,0,0,0,1,82,56.2,59.87,65.55,77.14,35.99,62.6
20,Female,Civil,B.Tech,8,6.27,3,73.9,56.9,55.5,44.5,68.8,57.7,42.9,46.3,52.5,72.7,75.8,75.7,53.2,2,65.9,0,0,0,1,163,44.6,54.38,69.35,36.06,39.77,49.69
23,Male,Computer Science,B.Tech,8,7.43,0,92.0,76.6,80.8,77.1,62.5,69.3,55.3,64.5,83.3,66.8,74.5,65.1,67.6,2,49.5,3,0,0,2,36,77.3,70.27,68.5,79.61,56.85,70.7
21,Female,Computer Science,B.Tech,8,8.13,0,77.0,79.3,69.7,81.1,52.0,63.9,42.2,69.6,69.9,71.8,59.4,83.4,68.8,1,41.9,1,1,2,1,77,80.8,64.7,70.85,80.01,66.57,70.8
21,Male,Civil,B.Tech,8,6.69,0,73.7,58.6,61.2,57.1,26.0,46.2,71.7,60.5,59.2,64.6,72.9,80.5,59.0,1,29.5,1,0,0,2,238,55.0,53.47,69.25,68.94,30.85,57.87
21,Female,Electronics,B.Tech,8,7.1,1,78.3,60.8,63.1,64.4,82.4,10.0,52.2,69.4,59.9,56.9,37.2,84.8,56.3,2,59.9,0,1,1,1,1,64.9,55.48,58.8,63.19,65.97,60.03
21,Female,Information Technology,B.Tech,8,7.13,0,67.8,49.2,58.3,63.6,64.0,34.6,42.9,80.5,53.7,65.2,45.0,60.8,63.3,1,40.9,0,1,2,2,7,62.3,52.1,58.58,70.25,64.27,60.67
20,Female,Information Technology,B.Tech,8,6.3,0,78.6,54.1,46.8,54.2,72.0,41.1,64.7,59.3,59.4,49.5,88.3,70.0,61.4,3,65.8,2,1,1,0,36,75.9,55.48,67.3,67.68,83.74,65.74
20,Female,Computer Science,B.Tech,8,7.73,0,74.5,70.7,72.7,79.9,43.3,29.0,56.5,95.6,71.7,98.0,88.8,75.4,88.9,2,44.8,1,0,0,3,221,72.2,58.68,87.78,76.46,47.44,68.15
22,Male,Information Technology,B.Tech,8,7.65,0,86.2,75.3,61.2,74.9,81.5,64.3,16.2,49.6,70.2,78.3,56.5,56.8,70.8,4,76.0,2,1,1,0,136,98.0,62.23,65.6,79.41,94.8,72.94
22,Male,Electrical,B.Tech,8,6.01,0,75.8,49.8,50.5,59.5,68.6,72.4,40.5,84.6,49.4,68.4,67.5,78.8,59.7,4,87.4,2,0,0,0,24,79.4,56.88,68.6,64.81,70.22,63.6
21,Female,Information Technology,B.Tech,8,5.83,0,89.0,45.7,53.1,67.9,77.6,81.6,49.3,44.7,43.8,59.1,53.6,64.5,44.1,3,52.0,1,1,3,3,160,74.5,62.53,55.32,67.51,100.0,68.2
21,Male,Electrical,B.Tech,8,7.04,0,75.1,46.0,46.9,66.5,89.9,47.5,72.1,68.2,50.4,69.0,73.2,80.7,56.1,2,45.6,0,0,0,0,84,62.2,61.48,69.75,71.81,29.68,61.46
22,Male,Computer Science,B.Tech,8,8.57,2,70.4,55.8,57.0,49.6,58.5,77.2,47.4,70.0,54.1,66.5,67.4,80.5,69.1,3,68.9,3,1,1,1,224,94.7,57.58,70.88,61.11,94.67,66.86
22,Female,Computer Science,B.Tech,8,6.27,0,84.6,53.9,58.4,56.2,53.6,28.5,10.0,69.9,61.1,55.3,51.1,68.8,70.1,1,30.4,1,0,0,0,4,62.6,43.43,61.32,69.27,23.12,51.71
22,Female,Computer Science,B.Tech,8,7.72,1,80.0,83.0,74.8,81.9,47.9,35.3,54.2,58.7,73.2,66.4,69.0,68.7,64.4,1,27.9,2,0,0,4,264,74.8,62.85,67.12,68.04,44.37,62.49
22,Male,Mechanical,B.Tech,8,6.83,3,92.1,56.3,53.4,82.4,46.4,82.6,52.8,62.5,52.6,60.7,53.2,83.4,63.0,2,45.0,2,0,0,0,109,59.7,62.32,65.08,45.44,41.5,54.68
20,Male,Information Technology,B.Tech,8,8.08,3,82.9,53.6,50.8,60.4,76.2,38.1,42.6,78.5,49.6,76.9,91.1,82.1,69.4,3,72.0,2,1,3,4,88,89.8,53.62,79.88,51.43,100.0,65.17
20,Female,Computer Science,B.Tech,8,7.88,3,63.3,66.2,69.8,69.2,74.4,90.3,43.9,89.9,66.4,64.9,69.3,71.7,75.9,2,36.0,1,0,0,1,208,64.1,68.97,70.45,44.15,36.8,56.99
22,Male,Computer Science,B.Tech,8,5.58,0,87.5,35.8,61.3,60.4,47.6,51.0,58.6,71.0,40.5,50.7,50.2,74.1,69.7,4,75.1,2,0,0,0,64,60.4,52.45,61.18,65.31,66.53,60.17
22,Male,Computer Science,B.Tech,8,8.58,0,86.7,62.1,69.9,80.7,66.0,46.3,36.9,67.0,61.8,58.8,40.3,76.7,58.8,2,39.2,1,0,0,0,20,73.7,60.32,58.65,86.07,33.76,63.73
24,Male,Computer Science,B.Tech,8,6.39,0,74.3,50.9,67.9,60.4,89.1,79.7,28.6,55.2,56.0,76.8,40.5,59.3,72.9,1,36.7,2,1,1,0,3,62.0,62.77,62.38,67.02,59.01,63.4
21,Female,Computer Science,B.Tech,8,7.66,0,87.2,73.2,80.3,76.0,57.7,26.8,36.0,71.7,79.6,83.9,81.3,86.6,78.4,4,89.4,2,1,1,0,28,88.2,58.33,82.55,79.78,98.82,75.68
22,Female,Civil,B.Tech,8,8.21,0,94.9,73.5,73.0,78.8,54.7,53.5,75.9,59.7,74.7,71.5,68.4,49.8,65.2,2,60.3,2,0,0,2,44,58.1,68.23,63.72,85.94,54.09,70.52
20,Female,Electrical,B.Tech,8,7.76,0,74.9,63.1,51.4,77.0,79.5,64.1,29.8,58.5,64.1,72.2,51.8,62.9,63.8,3,58.0,0,0,0,0,5,63.0,60.82,62.68,76.79,41.4,63.07
22,Male,Computer Science,B.Tech,8,6.56,0,90.5,63.3,51.1,42.8,48.0,54.9,35.1,63.5,53.3,62.1,48.4,82.5,64.1,2,54.9,1,1,1,1,43,84.5,49.2,64.28,73.07,70.47,62.57
20,Male,Electrical,B.Tech,8,8.38,1,95.7,57.9,66.5,67.4,81.3,26.0,66.3,70.3,65.7,78.1,50.0,66.8,77.9,3,74.6,0,1,1,0,133,92.3,60.9,68.2,77.37,74.38,69.32
22,Female,Electronics,B.Tech,8,7.11,0,86.5,68.2,62.1,65.0,83.3,69.1,59.4,57.0,63.2,81.8,82.4,67.7,70.0,1,26.9,0,1,3,0,19,62.2,67.85,75.47,75.72,60.07,70.57
21,Female,Information Technology,B.Tech,8,7.21,1,84.7,34.8,44.4,31.2,72.6,40.5,62.6,59.5,33.9,68.7,52.4,54.1,61.9,3,69.4,0,0,0,2,126,66.5,47.68,59.28,65.88,52.82,56.23
22,Female,Computer Science,B.Tech,8,8.31,0,63.6,71.3,70.5,84.8,72.6,43.6,57.7,70.2,74.5,82.9,79.8,72.4,80.3,2,44.7,3,1,1,0,35,84.6,66.75,78.85,77.25,75.41,73.62
20,Female,Computer Science,B.Tech,8,6.96,0,75.6,70.2,64.2,80.0,15.0,59.4,21.3,71.2,76.1,80.1,71.7,73.9,66.2,5,98.0,0,1,1,0,14,82.4,51.68,72.98,71.4,97.4,68.71
21,Female,Computer Science,B.Tech,8,7.81,0,98.0,70.9,66.3,65.0,80.0,54.7,70.1,72.8,60.7,67.0,47.3,90.1,68.5,2,46.4,0,0,0,0,27,53.0,67.83,68.22,84.07,29.92,67.09
21,Female,Computer Science,B.Tech,8,7.57,0,82.7,75.1,72.6,85.9,56.5,68.3,57.2,74.7,70.9,54.2,61.8,76.7,59.2,4,73.2,0,1,1,2,90,85.8,69.27,62.97,77.8,89.96,73.67
21,Female,Electronics,B.Tech,8,7.07,0,74.6,48.8,42.1,46.1,65.7,62.0,54.1,74.3,42.0,81.0,70.5,59.6,73.8,2,66.1,4,1,1,0,19,89.9,53.13,71.22,71.87,87.83,67.58
21,Male,Information Technology,B.Tech,8,5.9,0,74.6,46.7,55.7,59.7,55.1,55.4,36.3,82.4,46.6,66.5,72.5,94.9,63.2,2,51.6,1,0,0,0,35,58.8,51.48,74.28,63.68,37.48,57.6
21,Male,Information Technology,B.Tech,8,6.12,4,69.2,59.7,55.1,52.2,66.2,84.0,27.4,86.8,59.8,73.9,80.3,69.3,82.6,2,50.8,3,1,1,0,18,80.8,57.43,76.53,23.6,77.24,54.07
21,Female,Electronics,B.Tech,8,7.06,0,85.3,72.5,58.5,72.6,61.0,51.2,74.4,62.0,64.8,67.1,93.8,65.9,69.7,1,40.2,0,1,3,2,29,66.9,65.03,74.12,75.01,72.06,70.9
20,Female,Information Technology,B.Tech,8,6.59,0,83.5,68.5,64.6,53.8,86.8,44.6,63.5,63.1,57.9,64.9,55.2,62.3,59.9,5,95.4,1,1,1,2,450,97.6,63.63,60.58,71.18,100.0,70.74
22,Male,Electrical,B.Tech,8,7.03,1,77.1,60.2,66.6,60.7,80.6,65.4,39.5,73.1,70.7,53.4,74.4,73.3,64.0,1,50.9,1,1,1,0,91,63.2,62.17,66.28,62.34,57.27,62.31
21,Female,Computer Science,B.Tech,8,7.41,0,90.5,74.6,79.4,77.2,70.3,56.9,33.1,82.0,74.1,53.9,50.9,50.8,68.0,2,58.2,0,1,1,2,300,77.5,65.25,55.9,79.02,69.46,68.14
24,Male,Information Technology,B.Tech,8,8.24,1,93.9,71.4,73.6,71.2,64.7,69.1,39.5,67.4,73.2,72.6,63.6,77.2,75.9,3,68.1,3,1,1,2,9,98.0,64.92,72.32,75.85,98.43,74.71
21,Male,Mechanical,B.Tech,8,7.76,1,78.3,53.8,52.7,56.6,63.3,60.2,69.3,76.7,56.4,54.3,69.2,67.2,54.2,3,39.6,3,0,0,0,19,82.1,59.32,61.22,67.81,53.88,61.43
21,Male,Electrical,B.Tech,8,7.34,0,58.4,61.6,56.6,64.8,42.3,47.7,38.6,83.1,56.1,70.9,66.7,65.8,69.2,1,31.7,0,0,0,0,81,57.8,51.93,68.15,68.9,17.51,55.1
21,Female,Electronics,B.Tech,8,4.76,0,65.7,48.5,42.9,47.0,35.0,38.6,26.6,70.4,40.5,89.4,77.5,73.6,70.9,0,20.0,1,0,0,2,49,49.2,39.77,77.85,53.03,20.0,48.4
20,Female,Computer Science,B.Tech,8,7.62,0,79.1,62.8,56.9,74.0,46.2,30.4,46.4,66.3,54.6,79.4,88.2,55.2,69.1,2,61.6,1,0,0,0,49,72.7,52.78,72.97,77.07,40.48,62.26
22,Female,Mechanical,B.Tech,8,9.0,0,83.3,77.2,78.6,83.3,54.3,51.0,42.9,78.2,77.0,42.4,56.9,80.6,60.0,2,31.5,1,1,1,0,13,78.7,64.55,59.97,87.99,59.45,69.9
21,Female,Information Technology,B.Tech,8,7.04,2,74.0,62.3,68.6,74.0,67.9,74.0,50.7,65.5,64.4,54.0,82.0,73.9,59.8,0,20.0,1,1,3,0,9,70.6,66.25,67.42,51.48,56.0,60.52
21,Male,Information Technology,B.Tech,8,6.68,0,93.5,54.8,60.2,60.6,74.1,38.7,49.1,67.9,56.5,50.4,50.9,96.2,58.6,4,77.9,1,1,2,4,97,98.0,56.25,64.03,74.81,100.0,69.94
22,Female,Electronics,B.Tech,8,6.53,2,85.3,54.7,64.4,68.2,60.2,77.9,54.9,79.0,69.2,66.8,85.4,74.1,69.8,3,61.0,4,0,0,1,26,81.4,63.38,74.02,51.3,70.3,62.92
22,Male,Electrical,B.Tech,8,6.53,0,73.8,56.9,46.3,58.7,49.2,76.4,11.7,72.2,60.0,75.7,61.9,80.9,61.3,0,20.0,1,0,0,0,9,48.2,49.87,69.95,67.85,12.0,53.6
21,Female,Civil,B.Tech,8,6.96,0,85.0,41.7,41.2,55.1,51.6,54.9,59.9,63.5,38.9,54.5,86.2,73.2,53.1,1,51.8,1,1,2,3,43,83.6,50.73,66.75,74.22,77.54,65.0
20,Female,Civil,B.Tech,8,6.28,0,84.4,52.2,31.0,58.8,83.7,47.7,82.7,57.9,35.9,83.3,72.5,87.3,64.6,4,64.4,2,0,0,0,23,67.2,59.35,76.93,69.28,63.32,66.44
21,Male,Computer Science,B.Tech,8,6.42,0,83.4,55.8,41.4,68.5,68.8,67.4,59.8,69.0,41.0,70.0,64.6,55.0,70.2,2,52.4,1,0,0,4,11,49.9,60.28,64.95,69.96,53.72,63.13
21,Male,Electronics,B.Tech,8,7.9,0,83.4,62.5,47.2,72.2,69.0,59.4,38.4,81.1,58.7,75.1,47.8,85.0,67.9,1,39.1,1,1,1,1,5,78.4,58.12,68.95,80.32,57.73,66.89
21,Male,Information Technology,B.Tech,8,6.56,0,69.3,68.5,62.7,77.1,48.8,68.8,61.1,58.5,61.0,67.0,61.4,71.2,60.5,0,36.0,1,1,1,0,59,86.2,64.5,65.03,66.71,44.8,62.31
20,Female,Computer Science,B.Tech,8,9.73,1,91.2,99.0,91.8,84.2,48.2,73.0,42.1,35.1,100.0,85.7,52.5,77.9,81.1,3,56.1,0,1,2,0,14,89.0,73.05,74.3,85.47,76.83,77.59
21,Female,Electronics,B.Tech,8,6.67,3,98.0,56.4,69.1,51.8,77.9,74.8,65.6,40.9,61.1,72.9,56.3,86.6,63.3,2,29.9,2,1,2,0,94,76.4,65.93,69.77,46.09,72.97,61.8
21,Male,Information Technology,B.Tech,8,6.25,0,82.3,59.8,65.8,74.1,84.4,48.6,48.0,53.8,62.2,77.3,68.5,65.2,77.1,3,63.3,2,1,1,1,5,81.2,63.45,72.03,68.44,86.99,70.19
21,Male,Computer Science,B.Tech,8,6.26,0,73.8,40.7,39.3,49.5,90.7,70.5,71.3,33.1,39.9,76.3,68.8,70.1,59.4,2,39.4,0,1,1,2,45,69.6,60.33,68.65,65.96,63.82,64.21
21,Male,Information Technology,B.Tech,8,6.7,0,80.1,60.5,49.6,87.0,63.0,49.5,48.8,81.5,53.9,55.8,62.6,68.6,61.0,2,44.7,0,1,1,2,45,66.1,59.73,62.0,70.93,65.41,64.4
23,Female,Computer Science,B.Tech,8,6.61,0,95.6,58.3,55.5,45.9,52.6,27.4,35.8,82.6,46.3,53.1,78.0,66.6,61.2,2,47.6,3,1,1,0,28,92.6,45.92,64.72,74.95,76.28,62.94
20,Male,Information Technology,B.Tech,8,6.71,1,77.6,57.3,41.7,46.0,61.3,76.4,63.7,65.5,56.2,67.2,72.1,70.0,59.1,2,51.3,1,0,0,1,3,61.2,57.73,67.1,60.25,41.39,57.91
21,Male,Computer Science,B.Tech,8,7.99,0,76.3,59.6,64.4,48.8,61.5,52.3,55.2,63.5,63.4,70.7,57.3,69.9,66.9,3,70.6,0,1,1,0,63,92.4,56.97,66.2,78.82,73.18,67.8
22,Male,Mechanical,B.Tech,8,7.78,0,66.9,79.9,80.7,75.0,64.0,97.1,85.9,65.9,67.6,73.3,55.5,71.7,74.9,2,55.3,1,1,1,0,160,82.6,80.43,68.85,74.53,66.59,74.27
21,Female,Computer Science,B.Tech,8,8.44,0,92.2,58.3,74.4,51.9,71.8,48.5,36.1,53.5,65.6,58.1,66.6,61.2,67.8,3,67.7,1,1,2,0,450,98.0,56.83,63.42,86.74,86.31,71.54
21,Male,Information Technology,B.Tech,8,7.55,2,80.4,57.4,50.7,53.2,68.3,65.6,24.6,60.8,39.7,58.4,61.2,74.2,50.4,2,61.7,1,1,1,2,70,71.2,53.3,61.05,56.97,76.51,59.43
21,Male,Electrical,B.Tech,8,6.49,2,82.3,65.0,58.5,54.9,57.8,68.8,81.2,64.3,60.4,88.8,87.8,86.2,78.1,1,32.1,2,0,0,1,65,60.7,64.37,85.22,50.12,33.63,59.65
22,Female,Electrical,B.Tech,8,8.53,2,71.9,66.4,78.9,73.4,76.4,92.1,43.7,89.4,79.0,53.2,78.5,66.3,73.7,3,46.1,2,1,3,0,118,88.7,71.82,67.92,61.28,93.83,71.18
20,Female,Computer Science,B.Tech,8,5.69,0,73.2,33.1,22.3,37.9,56.0,43.7,29.5,64.2,25.0,63.1,77.1,78.1,58.1,2,41.6,0,0,0,0,123,63.5,37.08,69.1,61.79,28.48,49.61
22,Male,Computer Science,B.Tech,8,8.31,0,91.1,64.0,62.1,61.1,60.3,66.5,34.6,91.7,67.0,74.7,32.1,63.1,72.3,2,63.0,0,0,0,0,24,57.4,58.1,60.55,85.5,34.9,63.33
22,Male,Mechanical,B.Tech,8,7.2,0,74.3,78.0,64.5,64.3,57.2,48.2,57.8,69.2,76.6,63.4,68.0,75.9,64.6,2,41.2,2,0,0,0,76,70.2,61.67,67.97,72.69,40.36,63.04
21,Female,Mechanical,B.Tech,8,8.7,2,69.9,79.0,70.6,89.2,91.1,29.7,45.6,52.8,71.6,66.2,71.2,70.8,55.9,4,92.5,2,1,2,1,164,93.6,67.53,66.02,61.87,100.0,70.4
22,Female,Information Technology,B.Tech,8,9.05,0,79.7,94.9,87.5,99.0,51.9,64.1,67.9,70.1,91.1,54.7,46.4,80.5,64.0,3,76.2,1,1,1,0,52,93.7,77.55,61.4,87.26,80.86,77.73
22,Female,Mechanical,B.Tech,8,7.43,0,81.0,62.5,37.5,57.9,54.5,71.1,35.5,57.0,54.8,80.4,76.9,70.2,54.9,2,62.2,1,0,0,0,23,60.2,53.17,70.6,76.31,40.66,61.72
21,Female,Electronics,B.Tech,8,9.12,1,74.4,57.5,64.6,74.5,46.5,43.9,63.0,91.8,66.6,87.7,61.2,84.3,84.6,2,66.5,1,1,2,2,310,77.4,58.33,79.45,76.16,85.95,72.05
23,Male,Information Technology,B.Tech,8,9.02,0,80.8,75.2,77.2,72.0,51.6,73.3,65.7,50.0,82.3,56.3,80.1,57.2,65.6,0,20.9,1,1,2,1,133,70.9,69.17,64.8,87.38,52.27,71.22
22,Male,Electrical,B.Tech,8,7.54,0,73.9,54.1,41.2,53.6,73.5,45.2,41.5,65.7,38.1,72.7,42.2,70.2,64.9,4,87.9,1,1,1,3,374,90.1,51.52,62.5,74.95,100.0,68.02
21,Female,Civil,B.Tech,8,7.32,0,88.6,59.5,54.6,48.8,54.0,87.3,71.5,63.6,49.7,66.8,71.2,50.2,67.7,2,47.2,1,1,1,0,26,81.2,62.62,63.97,77.82,64.16,67.68
22,Male,Computer Science,B.Tech,8,7.55,0,65.4,57.3,49.1,53.1,81.4,56.8,47.5,59.7,39.8,57.6,79.6,65.2,62.9,2,39.9,2,0,0,0,19,64.3,57.53,66.32,72.47,39.97,61.14
21,Female,Computer Science,B.Tech,8,8.18,2,98.0,67.0,64.7,71.2,79.1,54.7,55.6,67.7,68.9,66.0,82.0,46.5,58.9,3,51.5,0,1,2,0,43,93.9,65.38,63.35,66.66,75.45,66.87
21,Male,Computer Science,B.Tech,8,5.42,0,86.5,54.2,43.3,60.7,82.4,48.8,69.5,96.0,49.1,72.4,76.9,73.3,68.1,1,46.1,2,0,0,0,21,63.4,59.82,72.68,63.89,33.83,59.71
21,Female,Mechanical,B.Tech,8,6.77,0,68.4,74.9,69.6,79.7,52.7,86.4,88.2,70.7,66.4,,76.0,72.8,61.0,3,73.5,1,1,1,1,35,80.6,75.25,69.93,67.91,84.05,73.3
22,Female,Computer Science,B.Tech,8,,0,79.9,80.5,80.6,70.1,60.9,62.4,56.0,70.7,79.7,63.8,59.6,58.6,78.2,4,79.1,0,1,1,0,174,86.4,68.42,65.05,74.3,83.73,71.81
22,Male,Civil,B.Tech,8,5.44,2,90.1,30.1,40.7,49.1,80.5,72.3,28.5,66.3,35.0,71.7,54.1,73.1,59.3,2,61.0,2,0,0,0,112,52.0,50.2,64.55,45.11,46.3,50.96
22,Female,Electronics,B.Tech,8,6.39,0,91.4,43.5,54.5,61.5,57.8,98.0,47.6,47.3,54.9,63.1,69.0,71.6,64.2,2,49.8,3,1,1,1,80,72.9,60.48,66.97,72.15,80.94,68.35
22,Male,Electronics,B.Tech,8,6.22,0,88.6,48.9,27.0,46.5,81.7,49.3,52.9,72.0,42.8,57.0,59.5,76.7,44.9,3,74.2,1,1,3,0,121,72.1,51.05,59.52,70.12,96.26,65.25
20,Male,Computer Science,B.Tech,8,9.28,0,69.5,92.7,73.4,93.5,49.0,48.2,48.3,68.6,90.9,65.7,33.8,57.2,69.7,1,55.9,0,1,1,2,94,71.2,67.52,56.6,85.81,60.77,69.81
23,Female,Information Technology,B.Tech,8,6.73,1,85.0,68.5,64.6,67.7,73.6,69.2,20.4,71.2,69.7,65.7,67.2,61.7,78.5,3,67.3,1,1,1,0,6,78.0,60.67,68.28,62.61,78.19,65.4
20,Female,Electrical,B.Tech,8,7.59,0,84.4,75.0,65.7,82.1,59.3,55.5,40.6,98.0,68.1,60.6,43.8,70.2,70.6,4,75.0,2,0,0,0,51,76.9,63.03,61.3,78.45,66.5,67.83
21,Male,Mechanical,B.Tech,8,6.74,2,92.3,66.5,61.1,66.3,75.8,65.8,68.1,61.4,62.6,70.3,66.5,70.0,60.1,2,44.6,1,1,2,1,28,72.3,67.27,66.73,54.87,75.38,64.66
22,Male,Information Technology,B.Tech,8,7.22,0,79.2,43.5,51.0,59.9,71.1,59.5,30.0,59.5,49.9,84.1,70.3,58.6,61.9,3,72.8,1,0,0,4,20,63.6,52.5,68.72,74.3,67.84,64.58
22,Male,Civil,B.Tech,8,7.99,0,76.9,62.0,57.1,54.8,62.2,33.8,64.9,98.0,57.6,89.2,56.2,59.7,79.3,3,58.8,4,1,3,2,43,92.2,55.8,71.1,79.0,100.0,72.45
22,Female,Electronics,B.Tech,8,9.02,0,80.3,80.8,89.8,85.1,50.4,40.8,51.9,47.3,79.9,65.9,50.5,73.8,83.2,2,58.7,4,1,3,0,251,87.1,66.47,68.35,87.23,100.0,78.1
20,Female,Mechanical,B.Tech,8,7.41,0,67.1,52.8,57.1,74.1,35.8,66.1,46.1,81.9,52.5,89.5,55.1,69.6,70.0,2,55.5,0,0,0,1,24,77.7,55.33,71.05,72.0,36.65,60.67
21,Male,Electrical,B.Tech,8,5.37,0,90.3,39.7,40.9,40.5,47.8,32.7,69.4,63.3,45.0,58.9,66.2,80.0,51.2,3,89.0,2,0,0,0,148,65.1,45.17,64.08,64.68,62.7,57.43
21,Male,Computer Science,B.Tech,8,8.33,0,82.5,90.6,75.8,80.8,76.1,72.9,54.7,84.3,75.3,71.0,88.8,57.0,66.2,2,41.8,0,1,1,0,258,72.8,75.15,70.75,83.06,56.54,73.85
21,Female,Information Technology,B.Tech,8,6.71,0,86.6,57.8,59.9,80.4,75.8,45.4,73.5,65.8,56.7,46.5,48.1,78.0,53.6,3,50.3,0,1,1,0,180,67.9,65.47,56.55,72.95,67.09,66.17
23,Female,Computer Science,B.Tech,8,7.74,0,96.7,73.1,56.7,78.4,47.5,29.8,43.3,89.0,62.1,70.9,84.7,98.0,62.4,3,54.8,2,1,2,0,450,89.2,54.8,79.0,83.19,88.44,73.2
20,Female,Electrical,B.Tech,8,8.26,1,90.7,67.5,57.6,66.4,77.1,93.6,22.0,61.4,70.4,67.9,82.3,77.3,69.2,4,84.3,2,1,1,2,20,95.4,64.03,74.18,75.03,100.0,74.76
21,Female,Information Technology,B.Tech,8,6.39,0,85.2,53.6,54.3,69.0,62.6,49.3,55.1,65.0,51.4,81.5,61.5,80.6,67.2,0,21.8,0,1,1,4,66,67.0,57.32,72.7,70.29,50.54,63.27
20,Female,Computer Science,B.Tech,8,8.61,0,77.0,88.5,75.2,93.2,83.8,56.1,30.5,79.3,76.8,41.0,38.4,74.6,65.0,1,51.5,1,1,1,0,87,81.0,71.22,54.75,83.37,57.45,69.51
20,Male,Computer Science,B.Tech,8,8.23,0,81.4,81.4,76.6,80.2,46.5,48.5,49.3,55.9,65.0,84.9,71.3,84.2,81.2,0,20.0,0,1,1,2,185,61.1,63.75,80.4,82.03,42.0,69.3
22,Male,Computer Science,B.Tech,8,6.32,2,84.9,53.2,51.7,66.7,60.2,10.0,56.5,54.1,52.1,58.0,76.0,74.6,46.5,4,78.5,4,0,0,2,150,78.0,49.72,63.78,49.71,87.55,58.2
22,Male,Computer Science,B.Tech,8,4.5,0,72.7,35.0,34.2,44.8,39.2,73.6,46.3,70.4,37.0,66.7,52.7,91.0,57.5,1,44.0,3,0,0,0,31,41.8,45.52,66.97,53.31,39.2,51.2
22,Male,Computer Science,B.Tech,8,7.58,0,89.1,62.1,58.6,59.1,70.4,87.9,63.3,54.4,57.1,63.5,80.9,54.6,45.3,4,81.4,0,1,3,0,155,92.5,66.9,61.08,79.79,100.0,74.57
21,Female,Computer Science,B.Tech,8,6.95,0,80.1,67.7,66.8,86.7,60.8,49.6,71.2,72.8,74.3,72.2,72.1,80.3,72.5,3,69.8,0,1,1,0,15,82.3,67.13,74.28,72.68,72.94,71.1
22,Male,Civil,B.Tech,8,9.0,0,81.2,86.6,81.3,82.1,60.2,82.4,46.7,57.0,81.0,47.8,62.7,70.3,67.1,1,42.8,1,1,1,1,65,83.0,73.22,61.98,87.36,58.84,73.06
20,Male,Electronics,B.Tech,8,8.59,0,77.1,57.9,62.0,67.3,73.1,58.1,52.9,82.0,58.6,78.1,43.5,91.0,68.7,2,27.5,4,0,0,1,34,74.0,61.88,70.32,83.26,52.25,68.54
21,Female,Information Technology,B.Tech,8,7.95,0,59.4,56.7,68.5,90.5,47.2,52.4,51.8,51.3,71.0,66.4,67.9,70.5,60.4,1,20.3,2,1,2,1,161,89.6,61.18,66.3,73.47,66.09,66.63
23,Male,Civil,B.Tech,8,7.41,0,73.9,76.0,76.8,84.9,55.0,40.3,63.1,51.7,75.7,44.8,76.8,55.7,48.9,3,63.5,3,1,2,1,20,94.8,66.02,56.55,74.04,100.0,71.63
21,Male,Computer Science,B.Tech,8,5.89,0,72.5,47.9,51.5,49.9,72.3,38.9,57.7,87.4,45.7,58.1,47.2,74.7,66.5,3,78.6,0,0,0,2,39,60.7,53.03,61.62,62.98,55.58,58.12
21,Female,Computer Science,B.Tech,8,7.66,0,80.2,81.3,62.7,85.8,91.2,54.6,55.3,58.2,81.9,52.6,78.9,69.9,64.3,2,36.1,2,1,1,1,17,77.6,71.82,66.42,77.68,70.83,72.35
23,Female,Electrical,B.Tech,8,5.47,0,70.9,66.7,55.5,65.4,67.6,79.6,49.9,48.4,60.0,83.6,72.2,57.8,69.6,5,97.0,1,0,0,1,325,67.8,64.12,70.8,59.56,79.1,66.33
22,Male,Computer Science,B.Tech,8,7.46,0,92.5,75.8,65.0,65.9,68.8,29.0,46.1,45.6,71.2,66.4,56.7,77.7,72.0,5,98.0,2,1,1,1,116,98.0,58.43,68.2,79.97,100.0,73.08
22,Female,Computer Science,B.Tech,8,7.54,0,76.8,66.8,52.6,73.3,82.8,68.4,20.1,56.8,67.1,91.7,45.6,71.8,74.4,2,62.6,2,1,1,1,44,76.2,60.67,70.88,75.82,78.78,69.97
21,Male,Information Technology,B.Tech,8,6.54,0,68.1,43.2,33.8,68.4,60.6,39.6,71.7,58.5,38.2,70.0,63.4,83.6,59.6,2,50.7,2,0,0,0,21,61.3,52.88,69.15,66.21,43.21,58.68
22,Female,Information Technology,B.Tech,8,7.34,0,77.0,52.4,69.3,68.7,47.1,33.8,67.4,53.2,67.3,64.1,66.2,75.3,55.9,1,32.5,0,1,1,3,119,52.2,56.45,65.38,74.48,57.75,63.84
21,Female,Civil,B.Tech,8,4.89,0,72.2,36.6,24.7,48.6,45.1,54.5,41.8,90.0,33.7,48.4,61.5,68.6,47.1,1,30.4,0,1,1,1,116,38.5,41.88,56.4,55.89,49.12,50.07
21,Male,Information Technology,B.Tech,8,6.37,0,77.6,46.9,59.3,61.0,79.2,56.4,43.4,45.4,55.6,71.1,53.0,91.5,58.9,2,46.7,0,1,1,2,21,59.3,57.7,68.62,67.87,66.01,64.18
21,Male,Electrical,B.Tech,8,5.52,0,88.5,28.1,43.3,42.5,81.2,34.2,31.2,55.6,30.3,76.3,80.1,73.1,62.4,3,61.1,0,0,0,0,240,54.1,43.42,72.97,65.19,42.33,55.7
23,Female,Civil,B.Tech,8,7.67,0,81.6,70.4,65.3,67.7,52.8,55.5,60.0,73.4,71.8,65.8,33.4,76.2,77.3,2,43.3,3,1,1,0,138,97.7,61.95,63.18,78.17,74.99,69.02
21,Male,Electronics,B.Tech,8,7.58,0,89.9,56.8,49.4,78.1,66.2,48.9,53.7,79.7,53.6,55.9,71.0,72.9,60.9,4,69.9,1,1,2,1,150,79.4,58.85,65.18,80.03,98.97,72.49
22,Male,Electrical,B.Tech,8,6.04,0,82.5,50.4,41.6,42.3,47.8,24.4,53.8,43.9,52.2,78.2,58.9,62.1,59.1,0,29.0,1,0,0,0,11,52.6,43.38,64.58,67.03,14.7,50.41
20,Male,Information Technology,B.Tech,8,6.79,0,77.7,77.4,79.9,92.4,53.0,33.5,75.8,89.4,80.7,86.1,77.7,78.8,88.4,3,70.8,0,1,1,0,22,98.0,68.67,82.75,70.84,73.24,72.82
21,Female,Electronics,B.Tech,8,7.97,0,86.4,67.1,62.2,71.7,78.8,65.0,41.0,52.8,55.3,43.5,65.9,77.4,55.4,1,37.9,0,1,1,1,82,78.6,64.3,60.55,81.71,51.37,66.83
20,Female,Mechanical,B.Tech,8,6.76,0,90.4,54.8,58.0,64.8,90.8,85.3,49.8,79.5,58.6,69.5,52.9,59.1,70.5,4,78.1,0,1,1,2,35,91.4,67.25,63.0,74.44,91.43,72.18
20,Female,Electronics,B.Tech,8,6.92,0,70.9,53.4,56.5,51.0,71.1,31.0,37.5,69.4,49.5,74.5,49.9,65.5,62.7,2,62.1,1,0,0,2,31,60.6,50.08,63.15,69.71,48.63,58.37
22,Male,Electronics,B.Tech,8,5.46,1,82.3,38.7,29.9,60.0,79.8,50.6,79.1,75.1,28.7,76.8,59.2,68.3,64.1,1,40.3,1,0,0,4,153,44.5,56.35,67.1,52.91,42.09,55.33
20,Male,Electronics,B.Tech,8,4.81,0,95.1,34.2,21.7,46.4,56.0,64.2,79.0,54.0,34.2,55.2,69.7,68.2,47.1,2,32.5,1,0,0,0,20,48.5,50.25,60.05,62.2,31.75,53.02
22,Male,Electrical,B.Tech,8,6.27,0,76.1,52.1,42.0,51.9,52.3,89.3,63.4,48.3,50.6,55.9,46.6,82.6,44.5,4,85.8,0,0,0,1,111,52.2,58.5,57.4,66.72,61.74,61.23
22,Male,Information Technology,B.Tech,8,6.72,0,91.4,62.5,56.2,51.9,71.9,65.8,68.7,70.8,56.0,57.9,59.5,67.1,49.7,2,66.8,2,1,1,0,204,80.6,62.83,58.55,74.46,76.04,67.44
22,Female,Computer Science,B.Tech,8,5.97,0,65.0,51.1,40.6,45.8,55.8,64.9,61.9,68.1,39.5,60.2,94.8,74.8,47.7,1,45.2,0,1,2,3,193,62.2,53.35,69.38,61.29,69.56,61.37
20,Male,Computer Science,B.Tech,8,6.44,0,75.0,50.0,71.1,55.9,45.0,14.7,66.9,64.9,58.1,76.0,65.1,74.7,69.8,0,20.0,3,1,1,0,8,71.9,50.6,71.4,67.58,52.0,60.06
21,Female,Computer Science,B.Tech,8,7.92,0,74.2,69.9,69.8,67.5,72.1,55.0,42.1,83.6,76.0,75.2,52.7,66.0,81.7,5,71.8,3,0,0,0,58,94.3,62.73,68.9,77.7,79.54,70.98
22,Other,Computer Science,B.Tech,8,4.9,0,98.0,45.4,39.2,52.1,63.5,40.4,57.8,55.7,46.9,94.3,57.8,77.4,63.6,2,59.8,1,0,0,0,244,49.8,49.73,73.28,63.7,39.94,57.16
23,Male,Computer Science,B.Tech,8,7.11,0,98.0,58.6,60.3,43.2,64.4,45.5,74.4,47.8,50.4,35.4,56.9,98.0,42.1,5,86.7,2,0,0,0,54,75.0,57.73,58.1,79.17,78.01,67.28
21,Female,Computer Science,B.Tech,8,7.53,0,81.0,55.8,56.8,67.7,84.6,67.9,64.6,60.8,60.2,75.7,80.1,71.6,57.3,1,31.5,4,1,1,2,17,79.8,66.23,71.18,77.01,77.45,72.14
21,Male,Computer Science,B.Tech,8,7.93,0,89.4,79.3,75.1,66.9,49.0,43.4,69.2,55.4,85.9,88.8,75.3,63.9,77.3,3,78.1,1,0,0,1,13,73.7,63.82,76.32,82.33,57.43,70.91
23,Female,Electronics,B.Tech,8,5.91,0,92.0,58.4,46.7,50.9,62.5,59.5,82.3,60.8,49.1,46.0,70.0,64.1,56.3,2,44.5,2,0,0,3,29,60.4,60.05,59.1,68.97,53.35,61.53
22,Male,Electronics,B.Tech,8,8.6,0,63.9,67.3,62.7,74.2,76.8,75.6,77.4,56.6,66.1,75.9,79.1,72.6,61.4,5,98.0,3,1,1,1,39,98.0,72.33,72.25,79.37,100.0,78.58
21,Female,Computer Science,B.Tech,8,7.51,1,74.6,73.3,82.7,95.1,48.1,67.8,68.1,60.7,86.0,85.2,67.0,65.8,74.4,2,42.0,3,1,1,0,23,85.1,72.52,73.1,64.95,74.6,70.68
21,Female,Computer Science,B.Tech,8,8.06,0,98.0,80.0,79.9,87.5,65.4,54.9,51.1,60.7,80.4,56.3,60.5,90.7,70.2,1,36.9,1,1,1,0,20,76.2,69.8,69.42,85.82,53.07,72.02
21,Male,Computer Science,B.Tech,8,9.03,0,73.4,68.6,68.8,76.1,69.1,72.4,73.4,85.7,75.5,68.3,37.8,71.4,64.6,2,46.1,1,1,1,0,13,89.9,71.4,60.52,85.23,63.83,72.24
20,Male,Civil,B.Tech,8,7.41,0,78.3,53.6,50.6,76.1,70.5,68.0,57.7,60.8,51.2,53.6,66.0,54.9,49.5,1,39.9,2,1,1,2,54,89.2,62.75,56.0,75.36,67.97,65.97
24,Male,Electronics,B.Tech,8,6.47,0,77.7,70.3,53.4,57.6,30.9,38.8,46.4,72.2,69.7,81.0,65.2,57.8,74.5,3,66.9,2,1,1,0,53,72.5,49.57,69.62,68.6,84.07,64.46
20,Male,Civil,B.Tech,8,7.28,0,85.9,51.3,55.5,73.1,46.1,47.0,47.6,74.4,52.6,73.2,79.1,76.2,69.2,1,35.4,0,0,0,3,47,53.2,53.43,74.42,76.73,30.62,61.2
22,Female,Electrical,B.Tech,8,7.11,0,72.1,62.6,47.6,47.0,26.3,34.4,27.3,47.0,51.1,61.6,59.1,84.5,54.6,2,43.6,0,0,0,0,144,49.0,40.87,64.95,71.4,29.08,53.08
23,Male,Computer Science,B.Tech,8,9.57,3,88.9,73.3,70.2,73.5,52.0,56.3,48.7,58.9,64.7,65.5,69.5,79.0,65.2,0,23.5,2,1,2,1,8,63.8,62.33,69.8,63.66,59.05,63.73
20,Male,Civil,B.Tech,8,5.97,0,98.0,45.1,41.3,40.1,47.2,40.2,48.9,90.5,41.8,74.8,67.9,66.6,68.4,2,56.8,1,0,0,0,37,56.4,43.8,69.42,71.19,39.04,56.43
20,Other,Information Technology,B.Tech,8,6.55,0,79.3,73.4,67.8,81.8,80.0,54.9,18.7,60.8,73.4,81.9,60.2,79.7,74.8,2,43.2,1,0,0,0,20,48.0,62.77,74.15,69.64,34.96,62.94
23,Female,Information Technology,B.Tech,8,8.62,0,75.7,77.5,74.1,73.6,79.7,44.6,74.8,54.1,78.8,80.5,70.3,76.0,68.6,4,78.5,1,0,0,3,81,71.8,70.72,73.85,83.05,73.55,75.47
22,Female,Information Technology,B.Tech,8,9.74,0,75.7,74.5,76.4,71.5,60.8,48.7,37.1,66.9,71.8,62.8,60.1,62.6,68.9,4,64.2,1,1,1,1,59,98.0,61.5,63.6,90.89,89.26,74.9
21,Male,Computer Science,B.Tech,8,6.09,0,72.5,45.5,43.5,40.1,84.6,62.5,72.4,79.0,52.2,59.5,75.9,75.7,58.8,2,56.9,3,0,0,0,35,73.6,58.1,67.48,64.38,51.07,60.81
21,Female,Electronics,B.Tech,8,7.19,1,79.3,79.8,75.7,81.8,50.2,87.7,91.7,60.5,89.4,74.1,61.1,73.7,76.3,3,66.1,2,0,0,0,450,79.6,77.82,71.3,64.12,55.83,69.11
21,Male,Computer Science,B.Tech,8,6.95,0,84.9,63.7,57.1,59.6,59.5,40.1,19.6,80.6,62.0,90.0,65.4,49.2,83.8,3,49.5,0,1,3,0,87,88.8,49.93,72.1,74.12,82.85,66.56
20,Female,Electronics,B.Tech,8,7.84,4,97.1,61.9,62.2,52.4,53.2,30.8,41.5,86.7,71.0,71.3,66.8,74.7,65.9,3,59.3,0,1,1,0,110,91.3,50.33,69.68,44.01,69.79,55.22
22,Female,Mechanical,B.Tech,8,6.23,1,59.7,61.0,40.1,48.4,84.1,66.6,48.1,50.8,44.7,57.5,84.1,66.9,63.5,2,43.3,2,1,1,3,73,85.3,58.05,68.0,51.52,80.99,61.52
22,Male,Mechanical,B.Tech,8,5.58,0,86.8,52.4,42.6,50.4,53.2,41.0,49.5,69.4,51.2,71.0,52.8,72.1,52.9,3,63.7,1,0,0,2,202,61.3,48.18,62.2,65.1,57.11,57.4
20,Male,Computer Science,B.Tech,8,6.29,0,73.1,65.2,66.4,65.0,48.2,55.9,67.9,72.0,62.9,71.6,68.0,64.3,70.9,3,79.5,1,0,0,2,57,57.3,61.43,68.7,65.96,61.85,64.31
22,Male,Information Technology,B.Tech,8,7.62,0,88.3,65.3,69.4,59.6,87.0,52.6,72.5,66.4,71.9,79.8,60.5,56.1,70.2,1,32.8,1,0,0,1,3,46.1,67.73,66.65,79.83,27.84,65.16
21,Male,Mechanical,B.Tech,8,6.52,1,98.0,60.6,46.3,56.4,75.8,46.4,33.7,74.5,46.8,86.2,65.3,93.3,80.2,2,26.5,0,1,2,0,36,80.9,53.2,81.25,65.04,59.95,63.37
21,Male,Electronics,B.Tech,8,7.37,0,83.6,55.8,41.9,62.7,29.6,87.7,56.0,65.0,37.3,84.8,88.5,75.4,58.2,4,86.5,2,1,3,0,450,80.7,55.62,76.73,76.67,100.0,72.81
21,Male,Electronics,B.Tech,8,7.38,1,80.9,67.5,74.0,48.6,43.9,17.8,62.0,64.3,70.1,57.9,60.4,67.1,66.0,2,65.0,0,1,1,2,114,72.4,52.3,62.85,65.93,71.5,61.38
21,Male,Mechanical,B.Tech,8,6.32,0,84.1,66.9,62.3,43.6,47.2,22.7,38.8,69.9,65.3,58.6,64.3,52.4,69.7,4,79.9,2,0,0,1,137,80.2,46.92,61.25,69.47,71.97,60.31
22,Male,Civil,B.Tech,8,7.18,0,80.3,68.3,58.8,68.8,59.7,73.5,68.5,90.0,52.4,74.2,72.5,71.9,70.7,3,72.5,3,0,0,0,407,61.1,66.27,72.32,74.35,63.75,69.53
20,Other,Civil,B.Tech,8,4.5,0,88.8,44.2,41.6,46.7,59.2,67.3,60.3,62.9,47.4,75.7,43.7,76.3,64.6,2,54.6,4,0,0,1,122,60.1,53.22,65.07,58.14,60.38,58.14
21,Male,Electronics,B.Tech,8,9.26,0,86.0,77.0,77.2,98.6,75.1,74.6,73.9,75.7,87.2,89.1,71.0,87.6,90.7,2,54.6,1,0,0,1,66,77.7,79.4,84.6,90.62,42.38,78.25
22,Female,Information Technology,B.Tech,8,5.34,0,75.9,25.4,32.7,36.2,78.2,80.2,57.9,72.8,35.9,67.6,43.8,67.3,58.4,1,41.6,2,0,0,1,64,54.1,51.77,59.28,60.15,36.48,53.49
22,Male,Computer Science,B.Tech,8,8.29,0,94.5,70.6,57.4,57.8,55.7,81.6,45.8,46.5,67.4,86.5,64.2,71.2,59.4,4,84.7,0,1,1,0,450,78.3,61.48,70.32,86.38,85.41,74.31
22,Female,Information Technology,B.Tech,8,7.06,0,92.5,60.2,55.7,60.9,57.7,43.8,41.6,76.3,53.2,94.1,51.9,77.7,71.0,2,38.2,1,1,1,2,365,83.0,53.32,73.68,77.17,69.46,66.97
21,Male,Mechanical,B.Tech,8,7.36,0,94.5,69.5,69.1,56.9,69.5,44.0,84.6,67.6,73.7,91.6,27.6,98.0,66.2,3,73.1,1,0,0,3,163,61.3,65.6,70.85,79.87,63.93,70.68
23,Male,Computer Science,B.Tech,8,7.43,2,59.4,56.0,60.5,63.3,52.4,78.8,36.1,56.4,53.2,68.1,80.6,88.5,63.5,3,49.5,2,0,0,1,3,71.4,57.85,75.18,49.83,54.85,58.46
21,Male,Civil,B.Tech,8,6.39,2,74.4,62.5,59.8,67.6,70.9,79.0,38.4,77.1,58.8,55.2,52.4,85.0,63.1,4,84.9,2,0,0,1,219,65.0,63.03,63.92,47.05,73.47,59.98
23,Female,Civil,B.Tech,8,7.36,0,62.5,57.3,61.8,64.7,70.3,45.5,36.6,76.3,66.0,63.2,71.9,74.0,66.4,2,47.5,4,1,1,0,92,83.0,56.03,68.88,70.27,82.25,66.81
22,Male,Electrical,B.Tech,8,7.03,0,91.0,59.8,56.5,65.7,68.6,87.1,53.8,53.6,44.7,40.6,73.6,73.0,43.4,1,52.8,1,1,2,1,31,71.9,65.25,57.65,76.51,69.84,67.8
21,Female,Electronics,B.Tech,8,6.13,3,81.1,43.8,53.9,51.5,59.9,56.9,20.5,42.4,41.7,71.7,73.2,98.0,52.3,2,50.9,2,0,0,0,29,69.8,47.75,73.8,37.24,43.27,49.14
24,Male,Electronics,B.Tech,8,7.4,0,79.9,72.1,88.9,80.9,58.5,11.8,55.9,46.4,79.0,79.1,76.1,69.1,72.8,1,47.9,0,1,1,0,10,54.0,61.35,74.27,75.77,50.37,66.61
22,Male,Computer Science,B.Tech,8,5.18,0,79.5,35.3,44.3,48.5,79.9,43.4,74.0,54.7,41.1,83.1,49.7,89.1,55.3,2,46.9,4,0,0,0,12,81.5,54.23,69.3,60.11,54.07,58.98
21,Male,Mechanical,B.Tech,8,6.74,0,81.9,65.0,60.7,65.8,43.0,51.1,64.5,68.3,59.5,73.3,81.1,78.6,64.9,3,54.0,1,1,1,1,31,74.5,58.35,74.47,71.75,78.2,68.57
22,Male,Information Technology,B.Tech,8,6.34,0,60.6,59.4,54.4,67.3,98.0,71.8,43.2,79.1,59.2,73.6,43.0,84.8,68.9,2,60.9,2,0,0,1,22,72.3,65.68,67.57,62.56,50.27,62.81
20,Male,Civil,B.Tech,8,8.51,2,82.1,67.3,65.7,64.3,68.5,70.4,52.1,65.3,69.4,56.1,64.1,85.3,56.1,3,51.5,1,1,1,3,40,79.0,64.72,65.4,64.2,85.45,67.81
21,Female,Computer Science,B.Tech,8,9.6,0,79.7,82.7,74.2,99.0,73.9,60.4,64.7,58.9,79.5,78.5,74.9,65.3,81.4,3,63.4,1,1,2,0,107,94.6,75.82,75.03,91.11,85.02,81.63
23,Female,Information Technology,B.Tech,8,7.48,0,87.0,56.2,62.6,75.6,47.3,44.4,40.6,77.9,65.9,73.4,73.1,80.4,60.0,3,85.6,1,0,0,0,153,58.0,54.45,71.72,78.46,55.68,65.29
20,Female,Information Technology,B.Tech,8,7.85,0,85.0,63.2,61.2,82.1,45.3,57.7,62.6,68.4,58.5,61.4,80.2,71.7,62.7,1,42.7,0,1,1,1,115,73.0,62.02,69.0,80.45,52.81,67.56
20,Female,Computer Science,B.Tech,8,5.23,2,68.4,44.4,35.9,39.6,46.0,42.1,75.7,80.4,43.1,77.4,78.3,72.9,80.1,1,51.9,1,0,0,0,16,55.4,47.28,77.18,37.13,29.57,47.56
21,Female,Computer Science,B.Tech,8,8.41,0,73.5,80.3,74.6,86.2,58.8,36.3,40.3,55.4,83.5,74.3,60.0,84.8,67.9,4,62.4,0,0,0,4,84,77.2,62.75,71.75,80.92,66.72,70.6
21,Male,Computer Science,B.Tech,8,4.98,1,77.8,46.2,42.7,44.8,51.9,52.3,58.2,46.1,46.1,85.3,95.0,71.9,57.7,0,20.0,3,0,0,1,11,54.6,49.35,77.48,48.2,28.0,51.43
22,Female,Computer Science,B.Tech,8,6.23,0,87.7,60.4,58.9,60.5,63.2,65.5,44.5,64.7,56.0,50.7,61.2,73.8,61.3,3,61.8,1,1,1,1,53,87.3,58.83,61.75,69.92,80.54,66.0
21,Male,Computer Science,B.Tech,8,9.5,0,82.9,91.2,99.0,86.9,69.1,45.9,29.3,71.7,92.6,77.5,68.2,53.0,81.1,1,47.9,2,1,2,0,14,81.5,70.23,69.95,91.37,70.37,76.54
22,Male,Mechanical,B.Tech,8,5.34,2,70.1,58.7,48.5,63.5,68.6,67.5,35.5,63.7,52.7,77.1,72.3,85.6,65.3,2,47.0,1,0,0,3,19,72.0,57.05,75.07,38.41,48.1,53.72
21,Male,Computer Science,B.Tech,8,8.3,1,95.7,73.7,68.5,82.5,65.7,32.3,95.0,80.3,68.2,58.1,68.5,86.9,72.4,1,21.7,0,1,1,3,162,90.1,69.62,71.47,76.81,54.51,69.88
21,Female,Computer Science,B.Tech,8,8.3,0,78.5,76.1,80.9,73.8,50.3,48.6,36.5,98.0,83.2,70.5,73.6,76.6,81.3,5,92.0,1,1,1,0,193,79.8,61.03,75.5,81.65,100.0,75.96
22,Male,Computer Science,B.Tech,8,7.93,0,87.4,70.9,72.0,86.0,60.4,32.2,25.6,63.6,63.6,65.7,62.7,82.5,71.1,2,58.5,4,1,1,3,16,95.8,57.85,70.5,81.73,97.55,73.5
22,Male,Information Technology,B.Tech,8,5.67,0,73.9,64.9,64.5,53.0,44.8,60.0,47.4,95.3,64.2,52.9,78.5,70.9,69.8,0,20.0,0,0,0,3,45,39.8,55.77,68.03,61.86,18.0,54.38
20,Male,Computer Science,B.Tech,8,6.36,0,89.5,70.0,76.0,77.2,79.6,70.8,71.9,71.7,67.5,53.7,65.3,73.9,53.4,2,69.6,1,1,1,3,185,75.4,74.25,61.58,71.37,82.88,72.15
22,Female,Computer Science,B.Tech,8,7.07,0,81.1,59.2,65.0,61.9,83.3,68.8,38.5,76.4,52.9,71.4,68.0,79.1,66.7,4,77.5,4,1,2,0,6,90.6,62.78,71.3,73.82,100.0,73.38
20,Male,Electronics,B.Tech,8,5.69,0,91.0,55.8,47.1,48.0,61.2,65.1,62.1,64.2,48.8,72.9,69.7,77.9,60.7,4,68.6,0,0,0,0,55,80.6,56.55,70.3,67.13,52.58,61.88
21,Female,Electronics,B.Tech,8,6.31,0,70.3,51.5,49.2,41.1,75.2,66.7,58.5,73.0,51.0,75.3,69.8,86.4,68.9,1,54.8,3,1,1,0,42,75.5,57.03,75.1,65.26,70.44,65.12
21,Female,Electrical,B.Tech,8,9.07,0,88.7,73.3,77.2,67.9,70.1,61.2,43.6,94.8,69.1,81.3,80.0,77.4,89.2,0,24.0,2,0,0,1,2,64.8,65.55,81.98,90.1,23.2,69.85
24,Female,Information Technology,B.Tech,8,7.31,1,94.5,68.4,70.4,77.3,42.1,57.0,31.2,61.8,67.3,49.9,55.0,69.1,59.0,2,37.2,2,1,1,0,34,79.6,57.73,58.25,69.52,67.16,62.79
21,Female,Information Technology,B.Tech,8,7.6,1,98.0,69.5,60.5,65.6,65.3,81.8,67.2,83.0,60.2,82.4,41.2,75.0,80.3,0,20.0,1,1,1,1,82,74.3,68.32,69.73,72.6,44.0,66.24
22,Male,Computer Science,B.Tech,8,6.15,0,93.3,53.5,52.1,55.3,55.9,28.8,50.0,77.1,50.0,53.6,54.6,75.1,70.7,2,42.2,1,0,0,1,149,66.7,49.27,63.5,71.04,38.66,57.06
23,Male,Electrical,B.Tech,8,8.06,0,86.5,54.1,39.0,62.9,61.9,89.6,59.2,73.8,46.6,87.2,66.3,81.7,63.7,2,49.0,3,1,2,0,450,97.4,61.12,74.72,82.37,84.7,73.75
20,Male,Computer Science,B.Tech,8,7.05,2,71.6,49.1,53.9,52.7,84.6,78.5,50.0,52.9,49.6,91.1,47.1,79.4,61.0,3,68.7,0,1,1,0,6,74.6,61.47,69.65,50.83,72.61,61.58
23,Female,Computer Science,B.Tech,8,7.08,0,97.7,58.4,59.8,55.2,67.7,53.4,64.7,53.3,55.6,63.4,40.3,68.4,64.7,5,94.3,1,1,1,0,197,91.9,59.87,59.2,78.87,100.0,71.46
21,Female,Information Technology,B.Tech,8,7.97,0,81.7,64.2,67.6,58.0,42.9,43.3,53.3,54.5,65.9,68.9,57.5,73.7,61.2,1,58.8,2,0,0,1,83,55.9,54.88,65.32,80.3,41.64,62.61
23,Male,Electrical,B.Tech,8,8.14,2,81.2,62.7,62.0,79.8,60.0,53.3,56.7,86.5,56.2,72.7,94.6,80.4,80.2,1,29.8,0,1,2,4,91,75.4,62.42,81.98,61.34,68.94,66.99
22,Male,Computer Science,B.Tech,8,6.15,0,98.0,70.7,64.3,86.4,76.9,56.2,43.2,91.0,70.4,76.2,78.1,64.5,87.7,3,70.8,1,1,2,0,154,77.6,66.28,76.62,72.45,87.24,73.34
23,Male,Computer Science,B.Tech,8,6.43,0,80.5,50.1,42.2,58.3,56.6,76.9,48.1,96.3,53.9,63.3,54.2,79.0,78.6,1,32.2,1,0,0,0,35,45.8,55.37,68.78,69.16,23.66,57.43
21,Female,Electronics,B.Tech,8,7.19,0,77.1,52.7,59.6,54.5,74.7,54.0,32.9,75.1,62.2,76.1,52.4,50.6,87.0,2,45.9,3,1,1,0,10,98.0,54.73,66.53,73.46,75.77,65.86
22,Other,Electronics,B.Tech,8,8.55,0,98.0,68.4,72.9,82.9,86.0,71.0,61.9,72.8,66.2,82.5,64.7,68.9,65.2,3,68.8,3,1,2,0,91,94.2,73.85,70.32,89.25,98.64,81.48
21,Female,Electronics,B.Tech,8,6.7,1,74.2,38.7,37.8,60.4,77.0,51.9,39.9,74.5,28.3,61.4,72.7,77.7,57.9,3,66.6,0,0,0,0,37,59.5,50.95,67.42,59.16,43.98,55.66
20,Female,Information Technology,B.Tech,8,7.57,0,94.1,59.1,59.4,52.5,58.9,57.4,73.7,43.4,58.6,88.9,66.3,71.9,63.0,3,62.9,0,0,0,0,450,66.0,60.17,72.53,81.22,42.87,66.36
20,Female,Electrical,B.Tech,8,7.2,0,83.7,68.6,59.3,65.4,59.8,66.3,56.8,98.0,57.8,69.4,44.5,82.1,88.1,1,20.0,2,1,2,0,182,86.3,62.7,71.03,75.51,62.0,68.1
21,Male,Computer Science,B.Tech,8,6.22,2,75.2,69.4,73.0,57.3,35.9,26.2,51.3,76.0,67.9,63.6,42.8,72.4,59.9,2,51.8,1,0,0,0,103,61.9,52.18,59.68,46.1,37.54,49.66
23,Male,Computer Science,B.Tech,8,6.73,0,80.0,73.9,51.4,67.4,63.9,39.5,85.8,44.4,68.8,70.8,88.1,61.8,61.6,0,27.3,2,1,1,0,12,63.5,63.65,70.58,71.11,48.19,64.96
20,Male,Computer Science,B.Tech,8,7.15,0,76.7,65.0,46.3,58.4,66.8,69.8,38.3,65.3,59.7,50.7,45.7,80.5,68.0,0,21.4,1,1,2,1,20,73.6,57.43,61.22,73.06,52.42,62.13
21,Female,Computer Science,B.Tech,8,8.48,0,98.0,69.1,58.0,76.4,68.7,71.4,55.6,83.8,57.9,58.7,65.9,59.0,77.6,2,57.6,1,0,0,1,192,68.0,66.53,65.3,88.76,43.28,69.47
21,Male,Computer Science,B.Tech,8,7.54,0,67.1,67.4,78.1,87.1,65.7,63.5,65.4,82.9,71.7,72.6,40.1,53.1,80.6,5,98.0,0,1,2,1,24,97.7,71.2,61.6,72.91,100.0,74.11
21,Male,Computer Science,B.Tech,8,6.31,0,86.8,70.6,46.2,70.4,80.1,56.8,45.8,71.4,57.5,91.4,61.1,72.1,82.9,2,66.0,2,0,0,1,72,69.9,61.65,76.88,70.21,51.8,65.79
21,Female,Information Technology,B.Tech,8,9.78,0,87.9,78.1,71.0,91.2,37.0,78.1,24.1,44.7,70.2,86.5,57.6,84.1,77.5,2,37.0,0,1,2,4,301,68.4,63.25,76.42,94.83,79.1,77.74
21,Female,Computer Science,B.Tech,8,8.24,0,68.6,69.3,70.0,76.1,68.7,64.5,64.0,69.2,70.2,61.8,60.8,65.9,66.4,3,58.2,1,1,1,0,159,95.0,68.77,63.72,78.26,75.46,71.61
21,Male,Electrical,B.Tech,8,7.31,0,81.6,62.0,62.9,74.5,49.9,35.5,75.8,65.9,58.1,64.2,72.3,66.1,59.1,3,52.7,0,0,0,1,35,71.9,60.1,65.42,75.65,43.81,63.39
21,Female,Computer Science,B.Tech,8,7.71,0,78.4,62.8,37.7,51.2,52.0,27.1,26.5,81.3,49.7,68.7,75.0,81.4,60.9,1,43.9,1,0,0,1,157,47.9,42.88,71.5,77.49,31.17,57.23
20,Female,Information Technology,B.Tech,8,9.45,0,80.5,82.6,86.7,81.7,73.9,49.4,59.4,69.3,90.5,75.5,73.7,72.5,68.3,0,20.0,1,1,1,1,50,86.3,72.28,72.5,90.3,44.0,73.49
21,Female,Electronics,B.Tech,8,5.91,0,83.2,46.0,46.1,49.8,62.6,64.7,65.3,82.8,48.8,67.4,36.9,61.2,59.2,0,26.9,1,0,0,0,15,48.6,55.75,56.18,66.33,14.07,52.76
22,Female,Electronics,B.Tech,8,5.02,0,78.7,44.6,42.1,40.6,84.2,13.6,63.4,66.3,46.7,98.0,74.0,76.9,70.4,1,52.6,1,0,0,0,201,49.0,48.08,79.82,58.75,29.78,54.88
21,Female,Computer Science,B.Tech,8,7.74,0,81.8,64.5,64.0,69.7,47.4,59.9,35.6,81.8,64.7,92.3,54.8,63.3,73.6,3,56.8,1,1,2,0,258,87.0,56.85,71.0,78.72,83.04,70.17
22,Male,Electronics,B.Tech,8,8.11,0,73.3,84.7,85.2,79.1,34.8,10.0,38.9,66.2,78.2,52.9,36.6,73.6,71.2,2,27.2,0,0,0,2,38,57.3,55.45,58.58,78.76,32.16,59.58
23,Female,Electronics,B.Tech,8,6.95,0,85.4,69.7,61.8,64.8,65.6,37.9,60.0,70.0,74.3,70.6,62.6,78.8,63.7,4,73.8,0,0,0,0,108,64.0,59.97,68.92,74.27,54.14,65.18
21,Male,Information Technology,B.Tech,8,7.54,0,68.3,55.8,55.1,84.2,48.8,67.0,42.6,64.5,58.9,51.1,68.9,79.8,59.4,2,34.6,2,1,1,4,77,75.8,58.92,64.8,73.27,82.38,67.92
21,Male,Information Technology,B.Tech,8,6.17,0,77.8,60.9,55.0,45.3,36.2,59.1,80.5,46.3,54.9,67.7,75.9,62.6,68.0,4,71.2,2,0,0,1,1,69.5,56.17,68.55,66.53,69.36,63.73
21,Male,Computer Science,B.Tech,8,7.84,0,60.4,67.0,59.2,82.7,76.9,52.0,77.7,70.5,54.1,72.1,67.2,81.8,67.8,3,67.9,1,1,1,0,11,88.4,69.25,72.23,73.0,78.37,72.34
22,Male,Computer Science,B.Tech,8,5.66,2,96.6,50.2,45.7,64.6,78.3,65.9,51.7,86.0,41.4,72.7,51.5,73.6,72.8,1,49.1,2,0,0,1,168,65.5,59.4,67.65,48.6,38.73,54.71
21,Male,Information Technology,B.Tech,8,5.06,0,93.3,38.2,51.2,38.0,62.9,85.1,57.3,35.2,47.8,88.6,80.5,72.6,57.0,5,88.1,3,0,0,0,260,79.9,55.45,74.68,63.41,84.43,66.03
20,Female,Mechanical,B.Tech,8,7.08,0,79.9,68.2,52.2,62.9,77.3,70.4,58.6,64.3,66.1,73.0,62.3,64.3,64.6,3,62.7,0,0,0,0,23,62.0,64.93,66.05,73.53,42.81,64.42
23,Male,Electronics,B.Tech,8,7.24,1,85.8,60.6,56.8,74.8,59.8,23.3,51.6,72.1,59.1,58.6,70.7,76.9,60.2,2,53.9,1,0,0,4,11,62.2,54.48,66.6,66.42,54.17,60.44
21,Male,Computer Science,B.Tech,8,8.29,0,86.2,62.6,69.2,79.3,66.9,54.4,54.0,56.2,59.6,97.6,94.0,56.7,75.7,1,28.7,0,1,1,1,7,75.1,64.4,81.0,83.89,48.61,71.2
22,Male,Civil,B.Tech,8,7.75,0,98.0,72.8,66.0,74.3,78.5,45.0,41.4,74.7,71.9,58.4,63.8,57.7,69.0,0,20.0,1,1,2,1,121,66.0,63.0,62.22,83.65,52.0,67.39
22,Male,Electronics,B.Tech,8,5.93,2,95.0,39.5,50.4,66.6,64.1,70.9,56.1,81.2,44.9,73.9,68.4,70.4,78.0,4,82.1,0,1,1,1,59,74.6,57.93,72.68,50.01,88.63,63.11
21,Female,Information Technology,B.Tech,8,8.51,0,93.0,63.3,49.2,53.2,49.3,60.6,32.7,67.9,54.4,57.2,49.3,65.8,73.1,4,83.5,0,1,1,2,252,98.0,51.38,61.35,87.47,93.05,70.45
21,Female,Information Technology,B.Tech,8,8.16,0,83.5,69.5,67.2,71.0,67.4,45.6,52.7,78.0,78.5,79.2,59.8,65.8,73.3,2,46.0,0,1,1,0,12,73.9,62.23,69.53,82.17,57.8,69.01
21,Male,Computer Science,B.Tech,8,7.52,0,89.2,76.9,61.8,64.3,54.5,28.6,18.8,74.0,77.2,75.2,48.7,65.6,59.1,0,31.9,0,1,1,0,2,60.4,50.82,62.15,79.4,37.57,59.67
21,Male,Computer Science,B.Tech,8,6.87,4,87.1,72.0,66.5,74.8,26.3,61.6,71.1,55.4,64.9,61.8,77.2,56.2,63.0,3,65.2,2,1,3,0,89,90.4,62.05,64.55,34.22,99.56,59.83
22,Male,Information Technology,B.Tech,8,5.81,0,79.1,61.8,49.1,48.0,58.1,62.2,36.5,66.1,54.1,68.8,55.1,68.0,65.0,1,21.6,1,1,1,0,13,80.8,52.62,64.22,64.4,48.48,57.85
20,Female,Electrical,B.Tech,8,8.07,1,76.6,76.5,62.9,62.1,79.8,39.6,79.1,66.5,71.2,46.6,63.7,82.2,58.7,2,40.9,1,1,1,1,8,77.1,66.67,62.8,69.47,66.27,66.68
21,Male,Mechanical,B.Tech,8,7.27,0,92.2,66.3,60.2,79.3,65.2,42.7,56.6,66.2,62.1,61.1,51.4,65.1,60.1,2,53.6,1,1,2,2,59,80.2,61.72,59.42,78.55,82.08,69.36
20,Female,Information Technology,B.Tech,8,6.23,0,87.3,37.1,41.4,46.1,72.2,53.7,35.0,62.0,46.9,89.6,54.9,83.2,77.3,0,20.0,2,0,0,1,55,56.0,47.58,76.25,69.8,22.0,56.14
23,Female,Electronics,B.Tech,8,6.91,0,78.9,50.9,54.4,63.4,62.3,55.4,32.0,81.0,52.1,65.0,53.1,74.8,77.8,2,48.6,0,0,0,1,110,58.7,53.07,67.68,72.04,34.58,58.91
20,Female,Electronics,B.Tech,8,7.22,0,77.1,54.5,70.9,49.1,68.6,43.8,52.7,65.4,66.3,67.8,82.4,78.7,64.9,3,69.3,4,0,0,1,18,84.2,56.6,73.45,73.67,72.79,67.52
21,Male,Computer Science,B.Tech,8,6.89,0,86.1,57.4,56.1,70.8,65.2,41.2,82.2,71.8,57.0,74.8,90.4,64.5,62.7,2,47.0,0,1,1,3,165,67.5,62.15,73.1,74.06,70.1,69.11
22,Female,Computer Science,B.Tech,8,8.15,0,84.8,69.0,65.4,66.1,68.9,80.0,53.4,51.5,71.2,52.9,71.5,72.8,52.2,2,45.2,1,1,2,2,272,65.3,67.13,62.35,82.49,79.56,72.65
20,Male,Electronics,B.Tech,8,6.08,0,81.7,39.6,43.5,49.4,77.6,98.0,64.8,77.9,43.2,67.0,58.1,93.0,62.8,2,32.7,2,0,0,0,17,71.7,62.15,70.22,67.07,37.81,61.59
20,Female,Computer Science,B.Tech,8,9.6,0,76.4,75.0,73.2,84.9,66.3,20.3,49.6,57.7,81.2,57.2,59.3,78.7,47.9,2,53.8,2,1,2,1,3,93.7,61.55,60.78,90.12,84.14,73.36
22,Male,Electrical,B.Tech,8,5.28,0,98.0,26.3,27.3,28.3,84.9,33.0,67.1,75.6,23.3,79.1,72.2,73.9,59.9,2,47.5,0,0,0,0,77,51.0,44.48,71.28,66.36,30.25,54.27
21,Male,Electrical,B.Tech,8,6.68,0,77.9,63.6,53.2,53.0,62.7,45.3,32.3,56.9,65.3,53.6,48.4,55.8,53.1,3,55.7,1,0,0,1,39,72.0,51.68,52.72,70.13,50.71,57.28
21,Female,Computer Science,B.Tech,8,7.1,2,70.8,65.2,67.4,81.4,57.9,51.0,60.4,41.2,62.3,46.1,78.2,72.6,49.5,1,31.1,0,1,2,0,45,64.9,63.88,61.6,50.94,53.33,57.96
21,Female,Information Technology,B.Tech,8,5.85,0,78.9,37.8,31.0,48.0,60.5,27.4,47.9,80.9,27.4,57.9,41.7,84.0,58.4,2,44.0,0,0,0,0,16,57.1,42.1,60.5,64.62,29.2,50.6
21,Male,Computer Science,B.Tech,8,6.26,2,83.7,57.5,50.8,58.3,83.8,46.1,26.1,40.9,51.1,81.1,80.5,67.5,66.5,1,27.3,3,0,0,1,77,50.5,53.77,73.9,48.93,38.19,54.01
22,Female,Computer Science,B.Tech,8,7.81,0,78.2,74.7,62.3,79.6,64.8,42.7,67.3,51.1,79.1,68.6,58.6,52.5,56.9,3,65.1,1,0,0,0,242,66.1,65.23,59.15,78.13,49.53,65.53
20,Female,Electronics,B.Tech,8,5.71,1,98.0,39.2,32.1,53.5,52.7,70.2,55.0,66.8,35.7,51.8,77.0,66.2,42.0,1,32.1,1,0,0,1,10,53.8,50.45,59.25,59.37,27.63,51.46
21,Female,Electrical,B.Tech,8,5.93,1,87.6,57.4,77.5,69.0,58.9,36.1,63.7,77.4,63.0,81.1,74.4,66.2,78.6,2,65.8,1,0,0,2,9,63.1,60.43,75.07,57.79,49.74,60.96
24,Male,Information Technology,B.Tech,8,8.03,0,88.7,69.0,64.6,57.4,93.3,82.5,56.8,60.3,67.2,62.6,66.6,60.9,57.2,2,54.8,1,1,1,0,284,80.1,70.6,61.82,82.82,66.44,71.89
22,Female,Computer Science,B.Tech,8,6.93,0,71.0,56.8,69.2,65.3,82.2,85.1,57.8,69.1,63.7,53.9,58.9,71.5,63.7,1,28.3,2,1,1,0,88,74.4,69.4,62.0,69.81,56.49,66.11
21,Male,Computer Science,B.Tech,8,8.99,0,94.3,70.0,78.0,71.9,67.5,39.2,10.0,80.0,83.6,67.5,63.9,71.7,74.9,2,43.0,1,1,1,0,224,81.6,56.1,69.5,91.22,62.9,70.34
22,Male,Information Technology,B.Tech,8,6.28,0,91.1,50.2,47.0,60.4,98.0,64.4,52.8,49.5,51.7,89.2,42.4,77.7,69.4,1,43.0,0,0,0,0,47,49.6,62.13,69.68,71.29,20.9,60.2
20,Male,Computer Science,B.Tech,8,8.76,1,84.7,66.3,69.6,70.4,74.9,39.0,55.1,81.5,63.5,63.6,75.1,71.9,61.5,2,34.6,0,1,1,0,90,71.2,62.55,68.03,76.73,54.38,66.67
21,Female,Computer Science,B.Tech,8,6.48,0,71.1,48.2,44.3,47.4,61.4,72.2,63.1,76.7,49.9,53.1,62.0,95.1,55.9,2,57.2,0,1,1,0,201,66.2,56.1,66.52,66.69,61.16,62.12
23,Female,Computer Science,B.Tech,8,8.05,1,81.6,69.8,67.9,71.3,67.2,34.0,78.8,95.1,67.3,77.1,59.3,71.8,75.8,2,56.5,4,1,3,3,1,98.0,64.83,71.0,70.83,100.0,73.14
21,Male,Civil,B.Tech,8,5.57,0,86.7,54.1,68.7,53.5,63.4,38.6,65.5,67.9,62.2,81.7,48.8,73.7,80.2,1,29.7,1,1,1,0,142,66.5,57.3,71.1,65.0,50.91,61.41
20,Female,Information Technology,B.Tech,8,7.12,2,88.5,80.6,64.7,85.7,70.9,45.9,62.6,80.9,65.1,79.5,95.0,70.0,70.2,3,61.6,2,1,1,1,8,78.1,68.4,78.68,56.39,86.48,69.56
21,Male,Information Technology,B.Tech,8,7.17,2,71.9,58.9,48.6,47.4,72.5,57.8,46.9,76.9,50.0,68.4,69.7,54.6,68.6,2,66.1,1,0,0,0,7,53.6,55.35,65.32,51.76,41.83,54.24
22,Male,Electronics,B.Tech,8,6.94,0,81.3,73.4,65.6,79.5,85.8,10.0,67.7,82.7,74.7,69.7,59.5,70.7,71.3,2,55.8,1,1,1,2,251,82.0,63.67,67.8,72.97,74.74,68.95
24,Other,Electronics,B.Tech,8,7.16,0,84.6,70.3,71.1,81.7,71.3,48.7,46.0,56.4,76.6,83.6,62.6,43.7,82.0,4,76.0,1,0,0,1,160,71.0,64.85,67.97,75.5,64.8,68.66
22,Female,Information Technology,B.Tech,8,6.58,0,82.2,64.1,78.4,64.0,66.7,51.0,63.7,59.7,67.0,60.2,72.0,77.6,69.4,2,44.4,3,0,0,1,17,75.4,64.65,69.8,70.72,51.32,65.5
22,Female,Information Technology,B.Tech,8,7.14,0,74.0,64.9,54.7,67.0,56.4,45.5,63.5,56.9,60.6,72.2,52.0,55.2,58.7,2,40.3,2,1,2,2,61,67.6,58.67,59.53,72.18,84.09,66.71
21,Male,Electronics,B.Tech,8,6.76,0,91.5,67.5,60.4,70.4,68.2,90.0,68.9,80.2,70.8,85.3,70.0,78.1,79.6,1,21.3,4,1,1,1,145,75.7,70.9,78.25,74.77,70.39,73.45
22,Male,Computer Science,B.Tech,8,7.15,0,81.4,74.4,77.5,75.5,64.9,74.9,64.0,84.1,84.5,81.5,63.7,60.4,71.5,3,61.1,1,1,1,1,246,90.7,71.87,69.28,74.47,80.33,73.4
23,Female,Information Technology,B.Tech,8,7.76,0,60.7,62.5,67.8,68.6,47.6,98.0,84.3,84.9,59.8,69.9,66.1,85.9,81.6,1,38.1,0,1,1,2,2,88.6,71.47,75.88,72.53,55.43,70.26
21,Female,Mechanical,B.Tech,8,8.36,0,77.9,79.1,79.0,85.2,72.1,33.1,43.1,74.2,76.1,93.8,64.2,72.6,88.2,4,80.9,2,0,0,0,3,92.8,65.27,79.7,81.89,68.27,73.59
22,Male,Information Technology,B.Tech,8,7.25,1,68.7,62.7,46.3,61.3,62.1,39.7,46.4,69.8,53.2,76.7,89.4,91.5,50.5,2,49.0,1,1,1,3,158,82.8,53.08,77.03,61.36,76.7,63.9
21,Female,Computer Science,B.Tech,8,7.08,0,89.7,60.0,55.7,57.5,70.5,43.3,64.8,80.2,52.3,71.8,80.8,61.9,71.0,1,20.9,1,1,2,2,223,66.6,58.63,71.38,76.47,64.27,67.38
21,Female,Computer Science,B.Tech,8,7.64,0,95.8,46.2,54.2,58.1,54.0,74.0,46.2,68.1,43.0,98.0,44.5,75.2,71.1,4,77.0,2,1,1,1,13,94.1,55.45,72.2,82.22,99.1,73.38
22,Male,Information Technology,B.Tech,8,5.67,0,98.0,64.6,53.7,59.0,45.4,75.1,71.1,64.5,63.7,71.7,90.1,60.7,63.1,5,95.9,1,0,0,0,196,62.1,61.48,71.4,69.09,74.77,67.74
23,Female,Information Technology,B.Tech,8,7.33,0,86.6,56.9,57.0,68.1,73.0,27.7,54.4,68.5,51.0,64.4,69.2,67.5,61.4,2,56.5,2,1,1,0,23,72.8,56.18,65.62,77.29,72.95,66.92
21,Male,Information Technology,B.Tech,8,7.6,1,69.1,68.7,70.5,74.7,66.1,40.5,65.1,79.6,71.0,66.3,57.5,76.2,80.6,2,54.3,2,1,1,1,137,81.4,64.27,70.15,63.93,76.29,67.15
22,Female,Computer Science,B.Tech,8,8.11,0,98.0,71.0,85.7,80.2,71.4,50.4,24.5,55.6,81.2,71.1,56.9,83.2,61.5,4,91.6,2,1,2,2,23,89.6,63.87,68.18,86.17,100.0,76.84
22,Male,Computer Science,B.Tech,8,6.98,0,94.1,59.4,54.9,63.1,60.7,60.0,60.2,70.2,47.2,72.8,65.0,66.2,61.4,0,20.0,1,1,1,1,61,68.6,59.72,66.35,77.09,44.0,63.9
21,Female,Computer Science,B.Tech,8,6.52,0,85.1,47.8,35.0,52.6,61.2,57.3,58.0,46.6,42.0,71.5,70.4,62.6,50.1,0,39.2,1,0,0,0,15,57.4,51.98,63.65,71.17,17.76,54.94
21,Female,Mechanical,B.Tech,8,6.7,0,82.4,60.3,49.6,90.7,48.5,44.5,56.1,70.9,49.0,57.3,46.4,66.8,74.0,4,69.0,2,1,1,1,40,80.8,58.28,61.12,71.62,96.7,68.61
22,Male,Computer Science,B.Tech,8,8.1,0,75.2,64.2,59.8,58.4,79.1,25.4,63.8,56.5,61.8,54.5,74.3,55.1,59.4,2,69.6,1,0,0,1,89,60.3,58.45,60.82,79.26,46.88,63.43
21,Male,Information Technology,B.Tech,8,6.11,0,79.8,52.7,63.4,59.0,63.7,27.2,55.0,39.8,52.5,65.4,73.5,74.5,68.4,2,56.8,1,1,1,0,33,77.5,53.5,70.45,66.71,67.04,62.88
22,Male,Electrical,B.Tech,8,6.5,0,78.3,48.2,61.1,70.2,59.3,56.8,54.6,53.8,52.8,76.1,84.8,55.3,60.3,2,58.6,1,1,1,2,19,76.6,58.37,69.12,68.99,75.58,66.29
22,Male,Electronics,B.Tech,8,7.3,3,83.9,58.9,62.0,71.7,64.8,59.2,66.6,67.7,50.1,70.5,84.3,59.4,62.3,1,25.6,1,0,0,1,42,60.0,63.87,69.12,46.27,25.68,53.91
22,Female,Electrical,B.Tech,8,8.16,0,82.8,70.7,70.4,90.0,70.4,53.4,67.5,88.9,75.1,56.8,68.9,81.5,76.9,2,58.1,2,1,1,0,56,68.0,70.4,71.03,81.96,73.43,74.45
20,Female,Electronics,B.Tech,8,6.94,0,82.8,54.0,47.8,57.4,46.9,60.9,43.5,40.5,52.8,74.2,75.9,85.8,49.3,1,37.5,1,1,1,3,40,55.9,51.75,71.3,73.42,65.25,64.19
22,Male,Electronics,B.Tech,8,6.92,3,68.0,71.0,75.8,77.8,49.3,90.6,56.4,77.0,75.8,74.8,53.5,71.1,77.8,2,40.0,0,0,0,0,101,59.2,70.15,69.3,38.84,28.0,54.26
22,Female,Computer Science,B.Tech,8,7.67,0,55.0,41.4,43.1,47.8,52.1,53.2,35.7,73.5,45.5,73.8,66.1,68.5,63.2,2,61.1,2,1,2,2,0,77.2,45.55,67.9,70.19,90.33,64.13
20,Female,Computer Science,B.Tech,8,8.59,0,78.6,89.1,86.8,67.0,66.5,51.6,37.8,65.1,82.1,80.0,86.1,70.8,89.3,1,32.7,0,1,1,2,6,82.5,66.47,81.55,83.71,53.81,72.76
20,Female,Information Technology,B.Tech,8,7.35,0,71.0,62.6,51.3,59.5,54.7,27.7,35.4,76.1,52.4,54.5,72.2,70.5,58.5,0,41.5,1,1,1,2,65,72.9,48.53,63.92,72.75,54.45,59.76
21,Female,Civil,B.Tech,8,6.56,0,67.1,65.6,40.5,72.0,72.4,75.6,45.0,67.5,58.0,73.8,95.0,57.7,60.7,4,90.4,0,1,3,2,58,74.1,61.85,71.8,66.05,100.0,70.82
22,Male,Mechanical,B.Tech,8,6.39,0,68.6,78.5,64.8,75.9,60.8,54.7,48.4,57.1,72.9,63.0,53.3,66.2,68.2,2,29.7,1,0,0,0,86,61.4,63.85,62.68,65.31,30.91,59.11
21,Female,Civil,B.Tech,8,6.0,0,75.0,35.4,48.4,53.1,91.2,52.9,30.4,52.1,33.6,77.9,83.8,55.4,58.5,3,59.9,3,1,1,0,56,97.3,51.9,68.9,64.5,87.97,64.49
22,Female,Information Technology,B.Tech,8,6.76,0,72.3,46.2,40.6,55.7,57.5,35.7,42.5,47.4,48.2,72.1,87.1,49.1,50.7,3,70.8,2,0,0,1,47,50.1,46.37,64.75,69.01,61.24,59.07
23,Male,Electrical,B.Tech,8,6.53,0,96.6,71.0,63.7,66.6,56.8,49.3,80.1,56.3,72.9,64.5,65.6,72.0,61.4,0,28.0,1,1,2,0,27,51.3,64.58,65.88,74.69,50.4,65.75
20,Male,Electrical,B.Tech,8,8.61,0,56.8,70.5,69.0,81.6,48.2,80.8,53.0,71.8,72.3,61.6,58.6,59.5,69.8,2,64.4,2,0,0,0,131,77.0,67.18,62.38,77.31,47.32,66.28
21,Male,Electrical,B.Tech,8,5.51,3,79.3,39.9,46.3,42.1,60.8,71.5,62.0,94.5,46.0,65.5,57.2,80.1,77.3,2,54.9,3,0,0,1,48,61.3,53.77,70.03,32.36,54.47,50.7
21,Male,Computer Science,B.Tech,8,7.93,1,84.4,73.7,95.4,84.7,74.8,76.3,40.5,53.0,82.2,60.5,74.9,93.6,67.7,5,93.3,0,1,3,1,107,84.6,74.23,74.18,70.83,100.0,77.07
20,Female,Information Technology,B.Tech,8,7.18,0,63.3,59.7,58.5,61.3,72.7,71.3,91.7,69.7,69.2,63.5,77.1,58.4,73.5,3,70.5,1,0,0,1,298,69.2,69.2,68.12,69.25,55.15,66.89
21,Female,Electrical,B.Tech,8,6.98,0,82.6,58.6,56.6,58.0,75.0,57.8,56.6,70.5,61.3,69.2,91.1,69.4,67.9,3,57.0,3,0,0,2,10,82.0,60.43,74.4,73.64,67.1,68.19
20,Female,Civil,B.Tech,8,6.59,0,72.7,48.2,55.0,65.5,95.1,51.8,35.3,66.7,51.2,84.2,58.2,82.5,73.3,0,20.0,2,0,0,3,36,54.0,58.48,74.55,67.94,30.0,60.26
20,Male,Computer Science,B.Tech,8,5.66,0,71.7,57.2,58.4,59.5,52.6,24.8,59.8,86.3,48.5,80.2,68.4,68.2,63.9,2,26.0,1,0,0,4,287,60.7,52.05,70.18,61.13,45.8,57.46
22,Male,Civil,B.Tech,8,5.5,0,63.5,51.4,50.0,41.8,73.2,65.1,59.9,60.7,55.1,58.0,95.0,77.6,52.7,1,49.3,1,1,3,0,5,78.4,56.9,70.82,57.55,72.79,62.26
22,Female,Computer Science,B.Tech,8,8.0,0,70.8,65.9,59.6,78.6,66.3,63.9,32.5,74.2,60.7,75.5,52.5,68.4,61.6,2,66.8,2,1,1,2,14,93.5,61.13,64.5,77.24,84.04,70.07
22,Male,Computer Science,B.Tech,8,5.2,1,71.4,55.5,40.5,50.4,58.3,40.5,50.7,79.0,50.8,69.4,71.8,65.4,65.1,2,57.8,3,0,0,2,59,57.5,49.32,67.92,47.82,59.34,54.09
20,Female,Information Technology,B.Tech,8,7.81,0,87.9,71.1,64.6,48.2,57.4,28.0,68.3,76.5,63.7,54.8,49.1,70.2,56.6,2,47.3,2,1,1,0,2,78.8,56.27,57.68,81.04,70.19,66.07
21,Male,Civil,B.Tech,8,9.9,0,79.2,69.4,69.1,77.7,63.2,50.5,73.7,58.0,71.6,,68.8,78.5,63.3,0,20.6,2,1,1,0,37,69.1,67.27,70.2,93.06,46.18,72.43
21,Female,Civil,B.Tech,8,8.38,0,82.2,72.9,52.6,91.6,55.4,37.7,48.1,44.6,66.9,75.4,90.4,72.2,51.8,3,57.8,0,0,0,3,64,71.5,59.72,72.45,83.32,53.34,68.39
20,Male,Computer Science,B.Tech,8,8.28,0,56.3,86.1,76.0,97.5,55.8,67.5,54.8,67.5,76.3,70.7,81.4,87.1,74.9,4,87.6,1,0,0,0,229,86.2,72.95,78.53,74.85,64.28,73.34
21,Male,Information Technology,B.Tech,8,6.57,1,93.2,64.9,69.3,65.9,56.5,66.5,54.1,68.1,69.0,66.1,55.4,73.1,50.0,3,62.1,1,1,1,0,78,86.8,62.87,61.15,63.95,76.63,64.91
22,Female,Electronics,B.Tech,8,7.04,1,92.6,29.2,33.6,31.6,34.6,48.0,43.9,76.6,26.7,54.1,58.5,57.2,62.6,2,47.2,1,1,1,0,76,77.8,36.82,58.1,67.06,64.16,54.25
23,Female,Computer Science,B.Tech,8,7.65,0,81.9,71.6,72.0,75.3,56.9,67.0,52.2,57.8,68.1,83.4,83.6,60.5,78.7,2,40.5,0,1,1,0,27,77.4,65.83,76.55,78.12,56.15,70.21
21,Female,Computer Science,B.Tech,8,6.04,1,98.0,51.1,35.9,47.2,39.9,60.3,27.9,69.7,38.6,80.3,48.9,90.7,59.9,1,34.9,1,0,0,0,52,58.7,43.72,69.95,61.68,24.47,51.47
21,Female,Electrical,B.Tech,8,6.01,2,88.7,61.5,40.0,58.6,79.0,88.5,54.9,70.9,52.4,58.2,80.9,77.3,50.0,4,80.9,2,0,0,3,118,64.1,63.75,66.6,48.68,80.27,62.28
20,Male,Computer Science,B.Tech,8,7.69,0,95.2,68.2,61.0,67.0,65.4,55.7,71.7,84.3,64.0,41.8,71.4,74.8,55.2,3,68.6,1,0,0,0,83,69.0,64.83,60.8,82.39,50.58,67.15
21,Female,Electronics,B.Tech,8,6.44,0,85.2,47.5,65.6,57.3,76.1,40.7,59.3,44.7,57.5,79.8,40.4,86.5,64.0,1,39.3,1,1,3,2,47,69.0,57.75,67.68,70.64,77.79,66.61
20,Female,Electronics,B.Tech,8,7.19,0,76.4,59.8,63.3,69.3,50.4,73.5,27.7,75.0,68.3,52.1,64.0,81.3,73.9,5,83.6,0,0,0,1,49,75.5,57.33,67.82,73.25,69.08,65.97
21,Female,Mechanical,B.Tech,8,7.66,2,79.6,71.8,66.2,77.4,46.8,52.1,65.6,52.1,66.0,86.7,56.0,54.6,71.2,1,32.8,0,1,2,4,9,82.8,63.32,67.12,57.5,69.84,63.31
20,Male,Information Technology,B.Tech,8,6.9,0,76.5,53.8,81.5,66.0,48.0,68.3,65.2,54.2,77.2,78.2,50.1,63.7,74.8,2,53.8,2,0,0,0,387,52.1,63.8,66.7,71.25,44.14,63.67
22,Other,Information Technology,B.Tech,8,,0,88.2,52.8,64.5,60.4,49.8,10.0,52.0,60.5,58.1,85.3,75.8,75.6,71.9,1,52.9,1,0,0,1,35,62.1,48.25,77.15,76.79,33.87,60.44
21,Male,Computer Science,B.Tech,8,5.45,0,81.5,34.1,29.0,35.2,80.1,53.7,28.4,72.4,33.6,85.0,61.6,46.3,60.5,4,85.9,1,0,0,0,46,71.8,43.42,63.35,62.6,63.77,56.21
22,Male,Computer Science,B.Tech,8,5.89,0,78.4,56.7,57.7,46.9,69.7,31.5,59.9,66.0,58.3,63.9,46.3,72.5,71.6,1,32.7,3,1,1,1,18,77.2,53.73,63.58,64.75,67.81,61.12
21,Female,Information Technology,B.Tech,8,7.52,3,83.4,64.8,72.5,67.3,54.4,61.8,33.8,73.4,67.5,78.4,61.9,74.3,65.0,4,70.9,1,1,1,0,32,92.7,59.1,69.9,47.66,87.27,62.05
22,Female,Computer Science,B.Tech,8,5.88,0,96.4,61.1,51.2,71.9,56.9,44.0,52.8,59.1,53.0,81.8,77.1,70.0,60.8,2,38.9,2,0,0,1,102,87.8,56.32,72.42,70.08,43.67,61.77
22,Female,Computer Science,B.Tech,8,5.48,0,77.7,35.4,23.3,30.6,91.9,58.6,65.7,59.7,29.8,71.9,59.5,69.4,59.6,2,51.3,1,0,0,0,294,50.6,50.92,65.1,61.67,37.39,54.95
21,Male,Computer Science,B.Tech,8,6.74,0,76.1,42.6,62.2,65.6,78.5,28.6,44.0,63.4,63.7,69.3,54.8,60.1,57.5,5,98.0,1,1,3,0,92,98.0,53.58,60.42,70.01,100.0,66.84
21,Male,Computer Science,B.Tech,8,7.01,1,79.2,61.3,50.7,55.4,65.2,39.5,49.3,94.2,51.1,61.3,65.2,65.5,72.6,1,20.0,2,1,2,0,82,68.6,53.57,66.15,62.83,62.0,60.13
20,Female,Computer Science,B.Tech,8,9.78,0,98.0,75.7,64.5,79.8,50.2,46.9,59.4,52.9,80.1,53.2,73.6,53.6,54.3,3,65.3,1,1,1,1,37,98.0,62.75,58.68,97.86,81.59,75.3
20,Female,Information Technology,B.Tech,8,6.95,0,71.4,61.6,49.2,86.5,96.6,74.7,79.2,72.2,60.4,72.9,69.9,73.3,66.9,1,20.0,0,0,0,0,53,66.3,74.63,70.75,70.07,14.0,63.39
20,Male,Electronics,B.Tech,8,6.45,1,93.3,25.0,28.5,25.7,41.0,60.7,56.3,45.7,24.8,63.4,54.5,78.6,56.6,3,70.8,0,0,0,0,120,61.3,39.53,63.28,63.14,45.24,52.22
22,Female,Computer Science,B.Tech,8,7.34,0,93.1,61.3,54.5,62.5,59.5,98.0,40.1,60.8,52.6,73.6,59.5,59.4,65.9,2,54.9,1,0,0,0,52,58.3,62.65,64.6,79.31,38.47,64.41
22,Male,Electronics,B.Tech,8,5.44,1,73.4,61.6,45.9,51.8,67.0,70.9,50.7,75.8,48.6,67.2,63.2,55.6,53.3,0,20.0,0,1,1,0,108,53.7,57.98,59.82,50.1,34.0,52.39
22,Female,Computer Science,B.Tech,8,8.14,0,77.4,88.8,64.9,73.4,68.3,35.2,32.9,63.5,86.4,55.2,57.5,75.2,56.3,0,20.0,2,1,1,1,58,87.6,60.58,61.05,80.2,50.0,64.97
21,Female,Information Technology,B.Tech,8,8.76,0,84.4,72.6,69.6,76.0,42.7,42.7,58.0,75.7,81.8,59.0,40.4,81.5,65.5,0,20.1,2,1,1,3,48,62.1,60.27,61.6,86.64,58.03,68.11
22,Female,Information Technology,B.Tech,8,7.73,0,70.3,57.5,51.7,51.0,81.4,66.3,58.8,44.9,53.5,68.3,74.1,88.3,53.9,2,44.5,0,1,1,2,26,76.4,61.12,71.15,75.2,65.35,67.98
21,Female,Computer Science,B.Tech,8,6.51,0,81.5,51.8,51.7,46.8,52.9,97.8,58.5,73.5,55.5,54.2,53.3,62.5,70.6,3,59.2,3,1,3,0,20,92.8,59.92,60.15,70.02,100.0,69.01
21,Female,Information Technology,B.Tech,8,7.15,0,62.9,60.8,61.7,64.7,88.6,41.2,60.6,54.9,68.4,50.4,79.4,87.7,52.6,1,28.0,2,0,0,0,35,60.1,62.93,67.53,68.92,28.4,60.47
21,Male,Computer Science,B.Tech,8,7.42,1,95.7,72.7,73.2,68.1,44.5,57.0,69.8,70.5,64.7,55.8,72.8,63.9,82.3,3,85.5,1,1,2,0,83,87.4,64.22,68.7,70.65,91.65,71.16
21,Female,Information Technology,B.Tech,8,6.67,0,74.2,65.6,69.2,78.1,69.2,90.2,36.3,67.5,62.0,78.9,70.0,60.3,70.6,2,59.0,2,0,0,1,171,66.2,68.1,69.95,68.95,49.7,65.96
21,Male,Information Technology,B.Tech,8,7.4,0,83.3,73.9,69.4,83.1,87.2,40.3,69.4,62.9,70.5,83.4,66.6,79.2,86.7,1,22.5,0,0,0,1,28,67.7,70.55,78.97,76.79,18.75,66.34
21,Male,Electronics,B.Tech,8,7.39,0,92.6,64.9,53.8,63.4,51.1,75.8,47.2,65.3,64.9,82.1,48.3,75.8,66.7,1,22.0,1,1,2,2,21,75.7,59.37,68.22,79.51,64.6,67.97
20,Male,Computer Science,B.Tech,8,7.55,0,86.7,59.3,49.5,71.9,73.6,49.3,44.0,98.0,54.7,89.1,62.6,65.7,71.1,4,70.4,1,0,0,0,340,74.5,57.93,72.12,78.86,59.12,67.23
22,Male,Electronics,B.Tech,8,7.98,0,77.5,45.0,60.0,51.2,66.0,66.9,45.8,72.0,46.6,73.1,68.6,72.5,70.2,2,49.4,2,1,1,1,14,87.7,55.82,71.1,79.11,74.82,68.71
20,Female,Computer Science,B.Tech,8,4.94,0,81.1,50.7,41.9,39.5,77.8,37.6,49.6,65.6,46.0,63.7,61.2,65.0,57.1,0,30.6,2,0,0,1,71,47.6,49.52,61.75,58.91,25.18,51.13
21,Male,Electronics,B.Tech,8,4.5,0,90.2,45.6,27.8,55.1,64.5,22.5,68.1,34.1,39.2,67.1,54.3,82.7,46.8,0,20.0,1,0,0,0,134,36.2,47.27,62.72,58.56,12.0,48.46
20,Female,Information Technology,B.Tech,8,5.58,0,92.5,51.4,35.2,58.7,70.9,75.3,49.7,77.0,40.7,85.1,64.7,48.3,65.6,1,24.3,1,0,0,0,31,62.2,56.87,65.93,66.81,21.29,56.33
22,Female,Information Technology,B.Tech,8,5.84,0,97.0,58.3,61.9,49.3,69.4,73.9,53.1,69.0,58.0,55.5,73.3,57.7,61.6,3,79.3,1,0,0,0,3,61.1,60.98,62.02,69.98,53.79,62.81
21,Female,Electrical,B.Tech,8,7.4,2,63.2,37.7,45.1,38.7,63.7,41.2,47.3,69.0,31.0,70.5,68.0,59.2,66.5,1,25.5,2,1,2,0,46,81.6,45.62,66.05,50.76,63.65,53.95
20,Female,Electronics,B.Tech,8,7.81,0,90.2,70.6,57.1,68.5,63.7,58.9,55.2,58.1,67.6,85.8,88.4,60.6,70.3,4,68.5,3,0,0,0,88,84.1,62.33,76.27,81.73,70.55,72.17
20,Male,Computer Science,B.Tech,8,7.13,0,72.5,53.3,66.9,63.0,52.0,64.3,47.1,66.6,62.7,72.5,56.5,55.7,67.5,3,72.5,0,0,0,0,84,54.0,57.77,63.05,71.66,45.75,61.19
23,Female,Computer Science,B.Tech,8,7.95,1,93.6,70.3,81.0,83.1,39.4,75.2,51.9,70.6,72.1,71.8,53.7,56.5,75.9,1,41.8,0,0,0,0,48,48.7,66.82,64.47,73.73,20.54,61.48
21,Female,Electronics,B.Tech,8,7.8,0,76.1,69.2,61.5,89.1,56.0,78.3,41.8,74.7,69.7,71.3,64.5,70.5,65.3,1,38.6,0,0,0,0,103,47.3,65.98,67.9,77.43,19.58,62.84
21,Male,Information Technology,B.Tech,8,9.9,0,76.2,80.2,86.0,87.7,71.4,50.7,71.7,63.3,80.7,87.5,68.5,88.4,69.0,2,39.3,2,1,1,0,63,88.5,74.62,78.35,92.16,67.79,79.6
22,Female,Electrical,B.Tech,8,8.5,0,92.1,93.6,88.1,84.4,98.0,35.8,37.8,83.8,83.4,69.4,76.8,98.0,82.4,2,45.7,0,1,1,0,48,78.6,72.95,81.65,87.13,57.71,76.66
21,Female,Electrical,B.Tech,8,6.41,0,69.8,62.7,50.0,51.0,18.3,40.0,43.4,92.0,62.8,71.6,70.6,61.1,71.3,3,69.6,0,1,1,1,0,56.0,44.23,68.65,65.81,76.88,60.49
21,Female,Computer Science,B.Tech,8,6.62,0,86.3,62.9,69.4,63.3,44.9,51.2,55.1,92.0,70.1,61.5,73.8,82.2,78.4,3,72.9,4,0,0,2,224,71.4,57.8,73.97,72.23,77.87,68.37
21,Male,Information Technology,B.Tech,8,5.1,1,94.2,38.2,41.3,39.7,48.3,32.9,28.6,74.7,35.4,49.7,59.0,72.8,46.5,1,39.0,2,0,0,0,11,54.1,38.17,57.0,53.96,31.7,45.7
