student_id,age,gender,branch,degree,semester,cgpa,backlogs,attendance_percentage,programming_score,dsa_score,sql_score,web_dev_score,ml_score,cloud_score,aptitude_score,coding_test_score,communication_score,leadership_score,teamwork_score,interview_score,number_of_projects,project_quality_score,number_of_certifications,internship_experience,internship_count,hackathons_attended,github_contributions,resume_score,placement_status
STU1000,21,Male,Electronics,B.Tech,8,7.58,0,89.9,56.8,49.4,78.1,66.2,48.9,53.7,79.7,53.6,55.9,71.0,72.9,60.9,4,69.9,1,1,2,1,150,79.4,1
STU1001,23,Male,Electrical,B.Tech,8,9.9,2,76.0,85.6,75.7,82.7,67.6,53.7,34.9,78.1,83.0,64.9,44.3,58.5,65.8,1,31.4,2,1,1,0,151,96.7,1
STU1002,22,Male,Computer Science,B.Tech,8,5.18,0,84.8,56.1,43.4,61.8,66.1,55.5,46.4,60.8,47.9,80.8,84.6,62.5,65.3,1,31.0,1,0,0,0,13,52.4,1
STU1003,21,Male,Electronics,B.Tech,8,7.16,2,78.5,66.7,63.2,70.2,61.2,49.5,48.6,80.7,65.1,57.7,48.3,82.3,73.9,4,69.9,1,0,0,1,68,69.3,1
STU1004,21,Male,Information Technology,B.Tech,8,7.9,0,80.3,64.3,58.3,60.0,84.7,51.3,30.4,51.7,60.6,63.9,75.8,74.1,57.6,2,59.2,1,1,1,0,42,68.3,1
STU1005,21,Male,Electrical,B.Tech,8,7.34,0,58.4,61.6,56.6,64.8,42.3,47.7,38.6,83.1,56.1,70.9,66.7,65.8,69.2,1,31.7,0,0,0,0,81,57.8,0
STU1006,20,Female,Mechanical,B.Tech,8,7.08,0,79.9,68.2,52.2,62.9,77.3,70.4,58.6,64.3,66.1,73.0,62.3,64.3,64.6,3,62.7,0,0,0,0,23,62.0,1
STU1007,22,Female,Computer Science,B.Tech,8,5.77,3,91.2,27.8,20.0,34.3,74.3,58.5,52.2,91.6,20.0,64.0,61.2,78.8,65.8,4,66.7,0,0,0,0,405,64.3,0
STU1008,22,Female,Electronics,B.Tech,8,7.46,0,76.0,88.3,93.7,99.0,72.5,95.6,47.1,46.7,100.0,79.4,56.1,74.3,68.5,3,85.7,1,1,1,1,149,71.2,1
STU1009,22,Female,Computer Science,B.Tech,8,6.37,0,82.5,48.3,49.3,55.2,78.8,57.9,37.4,92.7,53.2,77.1,83.1,58.6,82.1,3,89.3,0,0,0,2,354,57.1,1
STU1010,20,Female,Information Technology,B.Tech,8,4.79,1,74.8,37.4,37.5,53.4,60.6,45.1,77.2,62.9,28.6,83.7,65.2,50.6,66.1,1,27.2,0,0,0,0,25,48.0,0
STU1011,23,Female,Computer Science,B.Tech,8,8.51,0,85.4,70.0,65.1,77.1,34.0,98.0,38.6,62.7,66.4,69.0,47.2,92.7,66.1,1,47.3,2,1,1,0,69,97.1,1
STU1012,22,Female,Computer Science,B.Tech,8,11.5,0,79.9,80.5,80.6,70.1,60.9,62.4,56.0,70.7,79.7,63.8,59.6,58.6,78.2,4,79.1,0,1,1,0,174,86.4,1
STU1013,21,Male,Information Technology,B.Tech,8,7.26,0,73.1,60.2,59.6,64.4,47.1,72.8,44.2,58.2,61.9,61.8,66.8,77.8,53.0,2,66.0,0,1,3,2,119,85.6,1
STU1014,21,Male,Electronics,B.Tech,8,7.45,0,94.7,58.2,50.5,66.5,51.0,65.7,52.6,67.0,49.4,73.7,77.6,88.6,67.9,1,38.4,3,1,1,2,2,88.1,1
STU1015,21,Male,Computer Science,B.Tech,8,8.38,2,90.8,69.4,71.3,86.4,43.4,66.2,59.3,57.7,70.5,65.5,56.5,73.6,67.5,2,51.0,2,0,0,1,450,73.4,1
STU1016,21,Female,Electronics,B.Tech,8,7.45,1,76.3,64.6,76.2,81.9,54.8,64.6,30.1,58.2,69.8,63.2,57.5,65.4,60.0,3,40.0,0,1,1,2,300,71.7,1
STU1017,21,Female,Information Technology,B.Tech,8,8.19,0,86.7,58.6,60.6,89.7,53.1,35.2,51.9,74.8,55.9,64.6,65.3,56.3,69.2,1,26.2,0,1,2,2,10,65.0,1
STU1018,21,Male,Computer Science,B.Tech,8,6.87,4,87.1,72.0,66.5,74.8,26.3,61.6,71.1,55.4,64.9,61.8,77.2,56.2,63.0,3,65.2,2,1,3,0,89,90.4,0
STU1019,21,Female,Electrical,B.Tech,8,8.64,0,88.1,69.8,67.2,73.5,72.5,31.2,80.2,57.2,73.1,72.4,45.8,76.1,65.2,0,22.0,1,1,3,0,23,69.3,1
STU1020,22,Male,Computer Science,B.Tech,8,7.55,0,65.9,78.0,54.8,76.6,95.3,51.9,49.9,48.8,57.9,53.0,72.1,88.0,57.5,2,37.9,0,0,0,0,203,55.3,1
STU1021,20,Female,Information Technology,B.Tech,8,7.41,0,91.6,64.1,71.0,75.0,71.1,41.9,52.7,60.9,69.9,73.6,58.5,67.6,65.6,3,57.7,0,1,1,0,136,78.2,1
STU1022,21,Male,Electronics,B.Tech,8,5.8,0,76.6,44.6,49.8,59.9,59.0,61.4,87.4,86.4,51.2,78.1,60.5,65.9,73.7,1,40.5,3,0,0,1,20,58.9,0
STU1023,21,Male,Computer Science,B.Tech,8,7.52,0,78.6,76.5,72.2,59.1,61.2,61.0,70.2,56.2,73.3,63.0,93.0,79.7,62.9,1,21.2,1,1,1,1,3,81.3,1
STU1024,21,Male,Computer Science,B.Tech,8,6.28,3,98.0,57.2,42.1,81.8,55.7,63.7,42.1,57.8,49.9,93.1,62.2,64.5,63.5,4,81.3,1,1,1,1,46,80.1,0
STU1025,22,Male,Information Technology,B.Tech,8,6.5,1,110.0,41.6,39.6,59.3,63.4,60.2,42.1,70.7,46.4,70.2,75.6,75.0,64.2,3,77.4,1,0,0,0,4,71.4,0
STU1026,21,Male,Civil,B.Tech,8,6.3,0,78.3,55.3,47.9,43.5,61.4,44.1,67.3,62.8,48.1,51.3,75.1,72.5,52.5,2,53.9,0,0,0,2,15,58.7,0
STU1027,21,Male,Electronics,B.Tech,8,6.03,0,61.0,49.4,50.2,49.6,49.4,50.3,35.8,98.0,46.8,66.6,48.5,67.5,62.3,1,38.4,1,1,1,0,79,54.7,1
STU1028,21,Female,Electronics,B.Tech,8,9.54,1,95.2,68.4,70.4,83.0,87.2,71.6,69.4,65.7,66.9,70.8,39.2,71.8,58.3,2,29.8,3,1,1,0,131,97.5,1
STU1029,20,Female,Electronics,B.Tech,8,8.66,3,69.2,85.6,89.3,99.0,39.7,74.2,57.3,72.7,93.3,75.4,76.5,91.4,83.5,2,41.8,0,1,1,4,61,58.3,1
STU1030,22,Male,Computer Science,B.Tech,8,9.31,2,72.5,84.5,68.7,60.7,72.8,34.4,60.3,81.2,83.1,66.9,49.8,78.6,64.4,1,55.5,4,1,1,0,72,86.1,1
STU1031,21,Female,Information Technology,B.Tech,8,5.85,0,78.9,37.8,31.0,48.0,60.5,27.4,47.9,80.9,27.4,57.9,41.7,84.0,58.4,2,44.0,0,0,0,0,16,57.1,0
STU1032,20,Female,Electrical,B.Tech,8,7.28,1,95.5,60.8,76.9,59.8,90.5,41.9,41.9,71.3,73.9,56.9,79.4,61.9,67.5,2,62.6,1,1,1,1,37,78.0,1
STU1033,23,Male,Computer Science,B.Tech,8,5.78,0,89.3,63.8,55.9,57.1,67.1,73.8,75.4,65.7,63.9,62.2,50.7,84.1,59.1,2,43.9,0,0,0,2,120,39.0,1
STU1034,23,Male,Computer Science,B.Tech,8,6.43,0,80.5,50.1,42.2,58.3,56.6,76.9,48.1,96.3,53.9,63.3,54.2,79.0,78.6,1,32.2,1,0,0,0,35,45.8,1
STU1035,22,Male,Computer Science,B.Tech,8,6.19,0,84.9,52.9,66.7,56.1,58.3,38.4,45.4,66.6,61.7,56.4,92.6,55.5,63.6,1,40.2,1,1,1,1,33,47.9,1
STU1036,21,Male,Information Technology,B.Tech,8,8.56,0,76.3,78.9,93.4,75.4,62.6,60.5,50.7,61.8,85.9,61.2,41.8,77.9,75.6,5,96.0,2,1,1,3,32,91.5,1
STU1037,20,Female,Civil,B.Tech,8,6.76,0,83.3,61.3,61.7,61.4,44.9,88.0,55.1,59.0,67.2,77.9,47.4,66.4,69.1,5,98.0,1,1,1,0,136,95.7,1
STU1038,22,Male,Computer Science,B.Tech,8,8.38,0,82.7,90.5,68.9,90.2,50.5,62.5,35.5,43.8,83.2,89.8,58.6,55.0,68.3,2,41.8,1,1,2,0,159,78.1,1
STU1039,21,Female,Information Technology,B.Tech,8,7.86,0,91.2,41.5,62.1,61.1,35.2,80.6,43.0,79.5,63.0,79.1,61.6,73.4,74.0,3,53.6,2,1,1,1,72,90.8,1
STU1040,20,Female,Computer Science,B.Tech,8,9.73,1,91.2,99.0,91.8,84.2,48.2,73.0,42.1,35.1,100.0,85.7,52.5,77.9,81.1,3,56.1,0,1,2,0,14,89.0,1
STU1041,21,Male,Civil,B.Tech,8,5.57,0,86.7,54.1,68.7,53.5,63.4,38.6,65.5,67.9,62.2,81.7,48.8,73.7,80.2,1,29.7,1,1,1,0,142,66.5,1
STU1042,20,Female,Computer Science,B.Tech,8,8.59,0,78.6,89.1,86.8,67.0,66.5,51.6,37.8,65.1,82.1,80.0,86.1,70.8,89.3,1,32.7,0,1,1,2,6,82.5,1
STU1043,23,Male,Information Technology,B.Tech,8,8.46,0,89.0,77.9,79.3,74.6,32.3,55.6,23.9,98.0,75.7,65.9,68.7,68.4,80.9,2,60.4,1,1,1,1,61,81.2,1
STU1044,21,Female,Electronics,B.Tech,8,6.13,3,81.1,43.8,53.9,51.5,59.9,56.9,20.5,42.4,41.7,71.7,73.2,98.0,52.3,2,50.9,2,0,0,0,29,69.8,0
STU1045,22,Male,Electronics,B.Tech,8,8.31,0,71.7,-5.0,81.6,67.7,70.5,71.5,28.5,55.4,79.9,65.0,63.1,59.0,64.5,2,54.8,0,1,1,0,264,58.4,1
STU1046,21,Female,Information Technology,B.Tech,8,7.57,0,78.2,67.0,82.8,75.4,59.6,62.4,73.8,66.1,79.5,67.4,69.1,81.6,64.5,4,81.4,3,1,1,1,177,98.0,1
STU1047,21,Female,Computer Science,B.Tech,8,6.95,0,82.8,52.7,63.4,75.1,52.5,10.0,52.3,65.2,58.0,70.8,78.1,72.2,71.5,3,53.8,3,1,2,0,95,79.5,1
STU1048,21,Male,Information Technology,B.Tech,8,6.29,1,90.6,59.2,48.8,63.1,55.8,31.4,60.0,60.3,59.1,78.6,51.1,62.6,60.7,4,80.2,1,1,1,1,145,75.6,1
STU1049,21,Female,Computer Science,B.Tech,8,6.41,4,80.3,48.7,42.2,51.5,53.9,15.6,60.6,66.9,47.1,75.1,68.7,71.5,44.4,4,81.3,0,0,0,2,100,60.0,0
STU1050,23,Female,Computer Science,B.Tech,8,9.45,0,70.5,75.7,79.2,83.7,52.4,58.2,52.9,50.4,75.4,68.1,74.7,56.7,80.9,3,72.6,2,1,3,0,18,98.0,1
STU1051,22,Female,Information Technology,B.Tech,8,7.2,0,82.5,51.8,52.2,47.0,64.6,59.3,50.8,73.0,52.4,70.7,86.6,65.4,62.4,2,39.3,3,1,1,4,119,78.7,1
STU1052,23,Female,Computer Science,B.Tech,8,8.06,2,83.1,72.3,54.7,84.9,96.6,60.1,68.7,35.5,65.9,75.2,92.3,71.5,53.7,1,20.0,0,1,1,3,53,67.0,1
STU1053,22,Female,Computer Science,B.Tech,8,6.33,0,83.8,62.6,48.5,61.2,50.8,37.7,54.3,67.6,56.2,78.0,66.0,54.9,76.1,2,51.8,3,1,1,0,97,74.6,1
STU1054,21,Male,Electronics,B.Tech,8,6.34,0,90.7,49.7,47.6,63.0,57.2,67.1,74.4,59.6,49.4,51.8,80.9,77.6,45.6,3,68.5,3,0,0,0,5,74.4,0
STU1055,23,Male,Civil,B.Tech,8,8.39,0,91.7,96.4,95.8,99.0,61.2,67.9,61.9,82.2,92.3,57.1,27.6,61.4,83.1,2,48.2,1,1,1,0,15,88.5,1
STU1056,20,Female,Electronics,B.Tech,8,5.72,0,76.4,51.4,59.2,52.1,51.7,32.4,42.1,92.6,53.1,83.3,86.7,56.0,75.3,3,65.3,2,1,1,0,101,94.5,1
STU1057,21,Male,Computer Science,B.Tech,8,6.74,0,76.1,42.6,62.2,65.6,78.5,28.6,44.0,63.4,63.7,69.3,54.8,60.1,57.5,5,98.0,1,1,3,0,92,98.0,1
STU1058,20,Female,Computer Science,B.Tech,8,7.24,0,72.1,65.0,67.8,67.4,26.4,55.0,40.4,87.5,72.5,64.9,61.6,95.9,82.8,2,45.4,1,0,0,0,25,68.2,1
STU1059,21,Female,Civil,B.Tech,8,7.32,0,88.6,59.5,54.6,48.8,54.0,87.3,71.5,63.6,49.7,66.8,71.2,50.2,67.7,2,47.2,1,1,1,0,26,81.2,1
STU1060,21,Male,Computer Science,B.Tech,8,7.0,3,95.8,59.2,44.8,59.4,74.3,85.6,45.5,54.5,40.2,66.8,62.9,76.8,62.0,3,65.8,0,0,0,0,114,53.3,0
STU1061,21,Male,Computer Science,B.Tech,8,7.64,0,79.0,79.3,68.8,72.1,57.6,65.1,39.2,92.4,74.4,76.7,67.8,63.7,81.2,0,20.0,2,0,0,0,4,73.8,1
STU1062,22,Female,Information Technology,B.Tech,8,7.96,1,79.7,64.5,64.8,67.9,49.7,41.9,57.1,75.3,69.1,56.7,87.2,68.1,68.3,1,33.5,0,0,0,0,44,58.6,1
STU1063,21,Male,Electronics,B.Tech,8,8.01,0,95.9,63.8,56.3,54.3,68.6,71.0,50.4,68.1,57.5,70.3,59.6,78.6,58.0,3,64.4,1,1,1,0,84,83.7,1
STU1064,21,Female,Electronics,B.Tech,8,6.12,0,86.8,35.2,43.0,56.6,75.6,46.9,56.7,77.6,44.2,73.0,49.8,78.1,66.0,3,81.4,3,0,0,0,42,74.6,0
STU1065,21,Male,Computer Science,B.Tech,8,6.89,0,86.1,57.4,56.1,70.8,65.2,41.2,82.2,71.8,57.0,74.8,90.4,64.5,62.7,2,47.0,0,1,1,3,165,67.5,1
STU1066,20,Female,Computer Science,B.Tech,8,8.51,2,70.7,84.6,76.9,83.7,50.0,16.4,66.6,67.0,79.9,72.7,72.4,57.1,63.9,4,82.0,1,1,1,0,8,74.3,1
STU1067,22,Male,Civil,B.Tech,8,8.18,1,88.4,73.1,75.1,92.2,68.8,56.8,52.4,49.4,77.9,76.2,91.9,78.8,70.3,2,59.2,1,0,0,3,193,71.3,1
STU1068,20,Female,Computer Science,B.Tech,8,5.69,0,73.2,33.1,22.3,37.9,56.0,43.7,29.5,64.2,25.0,63.1,77.1,78.1,58.1,2,41.6,0,0,0,0,123,63.5,0
STU1069,24,Male,Electronics,B.Tech,8,7.59,1,71.2,57.7,56.6,59.9,73.2,56.7,44.0,76.7,55.7,58.7,46.5,68.9,61.2,2,63.8,2,1,1,1,57,87.8,1
STU1070,22,Female,Electronics,B.Tech,8,5.02,0,78.7,44.6,42.1,40.6,84.2,13.6,63.4,66.3,46.7,98.0,74.0,76.9,70.4,1,52.6,1,0,0,0,201,49.0,0
STU1071,21,Male,Electronics,B.Tech,8,7.25,3,76.4,40.6,53.5,55.1,22.9,58.1,33.3,80.6,46.9,66.4,51.2,67.1,60.0,1,34.7,1,0,0,2,94,58.1,0
STU1072,20,Female,Computer Science,B.Tech,8,9.29,0,79.9,74.8,66.3,77.1,63.7,11.2,86.3,73.4,80.1,67.8,65.1,62.9,69.1,4,74.6,0,1,1,0,353,93.5,1
STU1073,22,Female,Computer Science,B.Tech,8,6.16,2,68.3,52.0,48.5,49.3,36.0,74.6,52.2,55.7,53.7,78.1,63.9,72.0,67.1,1,51.3,0,0,0,3,50,50.8,0
STU1074,22,Male,Information Technology,B.Tech,8,6.28,0,91.1,50.2,47.0,60.4,98.0,64.4,52.8,49.5,51.7,89.2,42.4,77.7,69.4,1,43.0,0,0,0,0,47,49.6,1
STU1075,22,Male,Mechanical,B.Tech,8,8.04,0,92.7,59.3,68.2,76.1,55.0,50.0,41.3,65.8,63.5,63.5,53.6,75.4,68.9,2,50.8,0,1,1,0,73,77.4,1
STU1076,22,Male,Civil,B.Tech,8,5.5,0,63.5,51.4,50.0,41.8,73.2,65.1,59.9,60.7,55.1,58.0,95.0,77.6,52.7,1,49.3,1,1,3,0,5,78.4,1
STU1077,20,Female,Computer Science,B.Tech,8,6.5,0,91.3,56.4,44.2,48.4,61.5,37.4,33.5,72.7,48.7,55.1,68.3,63.6,53.2,4,93.2,1,1,1,2,316,88.8,0
STU1078,21,Female,Computer Science,B.Tech,8,7.86,0,74.3,75.2,64.2,78.7,50.0,56.3,86.6,57.9,71.1,89.1,62.5,89.4,77.0,1,31.6,0,1,1,3,86,72.3,1
STU1079,20,Female,Civil,B.Tech,8,6.5,0,90.1,71.3,67.0,80.4,48.2,69.3,73.1,59.4,64.6,57.5,90.4,68.2,65.8,2,52.5,0,1,1,0,92,76.3,0
STU1080,22,Male,Electronics,B.Tech,8,6.94,0,81.3,73.4,65.6,79.5,85.8,10.0,67.7,82.7,74.7,69.7,59.5,70.7,71.3,2,55.8,1,1,1,2,251,82.0,1
STU1081,22,Male,Mechanical,B.Tech,8,8.02,0,82.3,59.0,54.3,71.0,76.3,46.9,29.8,70.1,58.1,58.3,63.7,57.5,58.1,3,65.3,2,0,0,1,450,82.6,1
STU1082,21,Female,Computer Science,B.Tech,8,7.66,0,80.2,81.3,62.7,85.8,91.2,54.6,55.3,58.2,81.9,52.6,78.9,69.9,64.3,2,36.1,2,1,1,1,17,77.6,1
STU1083,20,Male,Information Technology,B.Tech,8,7.49,0,93.5,56.5,61.8,68.8,62.8,51.5,71.3,68.2,71.1,66.5,59.4,77.9,63.4,2,40.6,0,1,1,1,133,71.1,1
STU1084,21,Other,Electronics,B.Tech,8,6.83,3,70.2,65.8,56.6,55.6,66.3,81.2,61.5,87.3,65.0,58.7,54.5,80.4,71.1,5,81.4,3,1,2,0,130,92.8,1
STU1085,21,Male,Electronics,B.Tech,8,7.61,0,87.8,61.0,61.0,54.0,58.0,34.8,36.0,72.1,61.3,61.7,33.4,89.2,63.8,0,24.9,3,0,0,0,37,68.6,0
STU1086,22,Female,Information Technology,B.Tech,8,7.06,0,92.5,60.2,55.7,60.9,57.7,43.8,41.6,76.3,53.2,94.1,51.9,77.7,71.0,2,38.2,1,1,1,2,365,83.0,1
STU1087,22,Male,Computer Science,B.Tech,8,7.7,0,88.8,57.4,62.3,75.7,46.4,20.5,44.8,57.5,64.4,75.1,51.8,75.0,75.7,5,96.9,2,0,0,0,285,73.6,1
STU1088,22,Male,Information Technology,B.Tech,8,6.65,0,98.0,50.2,50.6,69.5,63.3,82.2,42.3,82.4,51.5,81.2,67.2,67.1,73.1,3,83.3,1,0,0,2,136,68.7,1
STU1089,21,Female,Computer Science,B.Tech,8,7.0,0,77.0,46.3,51.7,58.7,50.2,50.6,76.5,98.0,51.7,79.9,56.5,64.7,72.6,3,79.3,3,0,0,2,55,86.0,1
STU1090,20,Female,Information Technology,B.Tech,8,6.11,0,91.1,45.6,46.3,60.7,68.6,47.1,21.3,56.9,54.6,68.8,95.0,82.7,50.1,0,20.0,1,1,3,2,66,61.6,0
STU1091,22,Other,Civil,B.Tech,8,7.16,0,81.0,56.1,72.7,63.8,64.6,54.1,62.5,51.5,60.3,64.7,50.2,82.5,55.4,0,20.0,4,0,0,0,46,67.2,1
STU1092,22,Male,Information Technology,B.Tech,8,6.31,3,93.7,55.7,49.5,66.4,66.3,66.5,31.3,70.5,48.0,73.0,84.6,60.2,63.0,0,20.0,0,1,1,0,17,66.1,0
STU1093,21,Male,Electrical,B.Tech,8,5.97,0,81.9,55.1,55.1,67.2,87.1,61.3,36.6,80.3,53.9,72.0,68.1,80.0,81.0,5,83.3,1,0,0,0,90,62.3,1
STU1094,22,Female,Computer Science,B.Tech,8,7.48,0,78.3,60.2,46.6,46.8,61.4,98.0,19.8,66.7,57.5,63.2,76.3,79.2,55.8,5,78.5,2,1,1,4,36,98.0,1
STU1095,21,Female,Electronics,B.Tech,8,7.43,0,94.4,55.7,66.0,65.1,73.4,63.2,43.2,53.3,63.6,71.6,75.4,59.7,73.1,2,49.9,2,1,2,0,67,92.9,1
STU1096,21,Male,Civil,B.Tech,8,8.06,0,77.3,67.5,66.4,86.8,92.8,46.6,76.2,66.5,62.5,61.5,33.9,77.9,63.7,1,42.1,2,1,2,0,99,75.5,1
STU1097,21,Male,Computer Science,B.Tech,8,6.73,1,68.6,68.7,62.6,71.7,81.6,44.9,56.2,76.4,69.4,67.9,64.8,60.5,61.8,1,44.5,3,1,1,0,3,85.6,1
STU1098,20,Male,Computer Science,B.Tech,8,7.65,0,77.1,59.8,59.9,58.0,79.3,47.9,32.8,62.3,53.8,66.0,61.3,45.3,60.2,2,45.3,2,1,2,0,139,83.8,1
STU1099,20,Female,Information Technology,B.Tech,8,7.81,0,87.9,71.1,64.6,48.2,57.4,28.0,68.3,76.5,63.7,54.8,49.1,70.2,56.6,2,47.3,2,1,1,0,2,78.8,1
STU1100,20,Male,Computer Science,B.Tech,8,7.69,0,95.2,68.2,61.0,67.0,65.4,55.7,71.7,84.3,64.0,41.8,71.4,74.8,55.2,3,68.6,1,0,0,0,83,69.0,1
STU1101,22,Male,Electronics,B.Tech,8,6.29,0,83.1,47.9,38.1,46.7,42.2,69.1,53.7,71.4,40.2,58.7,89.0,70.7,51.0,4,78.9,1,0,0,0,112,65.0,0
STU1102,21,Male,Mechanical,B.Tech,8,7.36,0,94.5,69.5,69.1,56.9,69.5,44.0,84.6,67.6,73.7,91.6,27.6,98.0,66.2,3,73.1,1,0,0,3,163,61.3,1
STU1103,21,Male,Information Technology,B.Tech,8,7.6,1,69.1,68.7,70.5,74.7,66.1,40.5,65.1,79.6,71.0,66.3,57.5,76.2,80.6,2,54.3,2,1,1,1,137,81.4,1
STU1104,23,Male,Computer Science,B.Tech,8,7.21,1,77.8,63.0,60.5,73.5,62.4,82.3,62.9,56.0,70.6,79.3,47.6,73.6,67.9,3,61.2,1,1,1,1,62,83.4,1
STU1105,21,Male,Information Technology,B.Tech,8,4.9,2,79.3,44.7,35.7,47.9,77.4,29.3,39.1,54.6,39.0,44.5,66.0,76.7,40.8,3,46.4,0,1,1,0,8,68.3,0
STU1106,21,Male,Electronics,B.Tech,8,7.38,1,80.9,67.5,74.0,48.6,43.9,17.8,62.0,64.3,70.1,57.9,60.4,67.1,66.0,2,65.0,0,1,1,2,114,72.4,1
STU1107,22,Female,Computer Science,B.Tech,8,9.63,0,82.8,74.1,71.6,67.7,86.5,34.2,55.5,61.1,78.9,53.7,56.5,82.2,56.3,2,43.1,3,0,0,3,69,82.3,1
STU1108,21,Male,Information Technology,B.Tech,8,6.8,0,88.6,71.8,56.6,64.0,75.5,27.3,60.3,56.8,63.7,67.6,74.7,76.0,45.0,1,38.6,0,1,1,3,32,71.5,1
STU1109,20,Female,Electronics,B.Tech,8,6.4,1,77.8,52.5,47.0,61.4,60.9,62.0,41.0,93.6,57.2,98.0,87.9,75.5,99.0,3,45.8,0,0,0,0,31,51.4,1
STU1110,21,Female,Electronics,B.Tech,8,7.61,1,83.3,62.7,56.6,69.4,59.8,48.5,54.0,98.0,62.4,75.5,95.0,65.1,77.7,5,94.9,1,0,0,2,19,77.4,1
STU1111,21,Female,Computer Science,B.Tech,8,7.54,1,81.6,61.3,55.0,68.0,69.2,51.0,38.9,63.0,46.4,90.3,54.6,54.8,68.0,2,51.0,1,0,0,0,34,48.4,0
STU1112,23,Female,Electronics,B.Tech,8,8.51,0,73.2,66.2,60.9,71.8,84.8,75.8,17.6,69.3,69.4,66.9,39.5,66.5,54.2,4,81.5,1,0,0,0,81,76.7,1
STU1113,22,Male,Computer Science,B.Tech,8,5.82,0,80.9,46.4,36.0,46.3,63.5,42.6,68.0,65.4,45.8,86.4,72.8,75.1,56.0,0,50.1,0,1,2,0,39,59.5,1
STU1114,22,Male,Computer Science,B.Tech,8,8.0,1,80.6,81.6,65.5,70.4,64.2,69.0,28.0,83.5,78.3,94.9,87.5,67.1,92.6,3,58.7,0,1,3,1,100,86.6,1
STU1115,22,Female,Mechanical,B.Tech,8,7.85,1,80.4,66.2,65.7,72.7,62.3,82.2,53.7,86.3,56.4,68.7,76.4,75.2,82.1,4,88.2,2,0,0,1,59,80.6,1
STU1116,22,Other,Electronics,B.Tech,8,7.04,4,82.3,72.8,67.9,68.2,88.7,46.8,57.3,43.1,67.0,63.5,87.5,69.4,63.2,2,55.2,2,1,3,0,242,85.5,0
STU1117,21,Female,Computer Science,B.Tech,8,7.57,0,82.7,75.1,72.6,85.9,56.5,68.3,57.2,74.7,70.9,54.2,61.8,76.7,59.2,4,73.2,0,1,1,2,90,85.8,1
STU1118,22,Female,Computer Science,B.Tech,8,8.33,0,77.9,65.7,70.6,68.3,61.6,50.6,47.5,49.7,63.9,66.3,56.5,61.3,71.7,2,58.1,2,1,1,0,53,80.9,1
STU1119,21,Female,Computer Science,B.Tech,8,8.16,0,94.1,74.4,77.0,72.6,84.0,71.6,56.3,92.6,84.4,71.0,66.6,74.1,82.0,1,33.4,2,1,2,0,4,71.7,1
STU1120,22,Male,Computer Science,B.Tech,8,5.94,1,70.9,48.9,41.3,43.0,64.2,26.7,59.5,74.2,45.0,94.4,60.4,64.9,76.3,1,43.8,2,1,1,0,71,69.7,1
STU1121,22,Male,Computer Science,B.Tech,8,8.1,0,75.2,64.2,59.8,58.4,79.1,25.4,63.8,56.5,61.8,54.5,74.3,55.1,59.4,2,69.6,1,0,0,1,89,60.3,0
STU1122,21,Female,Computer Science,B.Tech,8,7.13,0,98.0,78.6,68.6,74.4,48.3,48.0,79.7,64.6,76.4,70.7,78.6,70.2,59.2,4,81.5,1,1,3,0,116,86.6,1
STU1123,20,Female,Information Technology,B.Tech,8,7.28,4,72.1,62.3,62.3,59.8,58.9,39.0,55.7,64.0,65.1,48.2,79.7,88.9,50.0,0,20.0,2,0,0,0,131,53.2,0
STU1124,21,Male,Electronics,B.Tech,8,7.28,0,69.1,58.7,61.3,48.8,84.3,45.7,53.0,75.4,43.3,64.9,72.1,56.0,63.9,2,60.5,1,0,0,4,138,66.5,1
STU1125,21,Female,Electronics,B.Tech,8,7.03,1,89.0,65.1,59.4,65.5,51.9,51.0,37.5,82.6,59.0,73.7,68.4,73.3,75.9,3,79.0,0,0,0,2,230,63.5,1
STU1126,22,Male,Electronics,B.Tech,8,8.51,0,62.3,51.4,56.6,74.7,59.7,68.0,59.0,51.9,46.9,76.2,76.1,80.8,54.7,1,26.2,1,1,2,0,5,81.6,1
STU1127,22,Female,Computer Science,B.Tech,8,7.11,1,79.8,56.5,46.2,61.1,65.9,47.7,62.7,93.7,53.4,77.1,37.5,97.3,71.8,1,30.5,2,0,0,1,30,65.0,1
STU1128,20,Male,Civil,B.Tech,8,5.97,0,98.0,45.1,41.3,40.1,47.2,40.2,48.9,90.5,41.8,74.8,67.9,66.6,68.4,2,56.8,1,0,0,0,37,56.4,0
STU1129,21,Male,Electrical,B.Tech,8,6.77,2,67.3,54.9,39.2,53.8,55.8,48.7,60.7,55.7,47.1,77.0,65.7,65.0,64.0,1,33.7,1,0,0,1,83,55.1,0
STU1130,21,Female,Electrical,B.Tech,8,7.4,2,63.2,37.7,45.1,38.7,63.7,41.2,47.3,69.0,31.0,70.5,68.0,59.2,66.5,1,25.5,2,1,2,0,46,81.6,0
STU1131,21,Male,Electrical,B.Tech,8,8.55,0,67.8,78.9,71.3,81.2,62.7,38.2,62.7,92.0,73.6,57.4,63.8,84.5,65.9,1,40.4,3,1,1,0,117,98.0,1
STU1132,20,Female,Civil,B.Tech,8,7.86,0,90.5,91.8,80.2,98.6,81.2,26.0,66.6,85.3,91.6,47.8,71.0,62.5,77.5,1,41.7,1,1,1,0,38,67.5,1
STU1133,21,Female,Information Technology,B.Tech,8,6.26,0,92.7,62.9,43.0,65.1,85.1,56.3,66.4,63.3,60.0,63.4,57.0,67.9,50.3,2,46.7,1,1,1,0,24,74.4,0
STU1134,23,Female,Computer Science,B.Tech,8,9.9,0,77.1,72.6,70.7,80.0,49.2,44.8,53.9,79.4,75.2,68.4,80.8,51.7,78.9,3,65.6,2,1,1,0,39,88.0,1
STU1135,21,Male,Electronics,B.Tech,8,7.49,2,88.5,59.4,54.2,57.6,63.7,72.4,35.4,98.0,50.1,85.0,71.6,81.7,76.4,3,59.2,0,1,3,3,23,79.8,1
STU1136,21,Male,Electronics,B.Tech,8,8.6,0,95.2,76.1,67.1,78.4,72.1,28.9,42.2,69.5,77.9,68.8,67.1,84.7,69.5,2,39.0,2,1,1,4,21,82.0,1
STU1137,22,Male,Electronics,B.Tech,8,7.03,0,98.0,42.6,59.9,41.1,84.7,45.2,61.5,59.1,54.9,67.6,55.2,81.3,64.1,5,90.0,2,1,1,3,37,95.2,1
STU1138,21,Other,Information Technology,B.Tech,8,7.79,0,79.7,71.2,72.3,74.1,72.8,87.6,91.2,70.4,71.2,74.6,76.4,54.3,73.8,4,80.7,1,1,2,4,2,91.4,1
STU1139,24,Female,Computer Science,B.Tech,8,8.12,1,60.1,83.5,67.9,83.2,66.4,38.1,46.5,71.5,65.6,66.8,67.9,78.7,72.6,5,80.2,0,0,0,0,189,73.6,1
STU1140,23,Female,Information Technology,B.Tech,8,8.54,3,74.2,69.2,56.4,72.3,72.0,50.7,59.3,60.7,67.6,79.7,54.4,53.6,69.4,2,45.8,0,0,0,1,49,49.9,0
STU1141,21,Female,Mechanical,B.Tech,8,8.36,0,77.9,79.1,79.0,85.2,72.1,33.1,43.1,74.2,76.1,93.8,64.2,72.6,88.2,4,80.9,2,0,0,0,3,92.8,1
STU1142,21,Female,Information Technology,B.Tech,8,8.16,0,79.5,72.5,88.7,86.9,48.1,30.7,36.4,50.4,82.3,96.3,73.8,74.3,83.0,3,76.9,1,1,1,2,53,93.4,1
STU1143,21,Female,Information Technology,B.Tech,8,6.85,0,80.2,73.1,73.4,74.9,64.9,82.9,41.2,58.7,73.6,71.2,72.7,75.4,60.5,2,46.9,1,0,0,2,226,60.4,1
STU1144,21,Male,Computer Science,B.Tech,8,6.57,0,92.6,75.2,81.6,86.1,83.9,58.1,18.7,78.6,86.1,74.0,71.8,77.9,79.3,1,22.5,1,0,0,0,56,48.1,1
STU1145,20,Female,Information Technology,B.Tech,8,7.57,0,94.1,59.1,59.4,52.5,58.9,57.4,73.7,43.4,58.6,88.9,66.3,71.9,63.0,3,62.9,0,0,0,0,450,66.0,1
STU1146,22,Male,Mechanical,B.Tech,8,8.23,0,80.4,87.7,99.0,88.8,63.9,24.5,16.3,80.6,93.3,68.2,79.4,50.4,74.5,1,29.3,1,0,0,0,61,64.8,1
STU1147,21,Female,Electronics,B.Tech,8,6.96,0,92.4,50.2,40.7,59.8,58.4,61.5,47.8,39.8,53.3,78.2,82.3,77.9,53.7,1,40.5,1,1,1,0,257,78.0,0
STU1148,20,Female,Electrical,B.Tech,8,8.37,0,85.4,54.0,69.1,70.8,27.3,75.8,33.1,43.8,58.3,56.4,75.3,73.1,57.5,2,46.6,2,0,0,4,22,78.4,1
STU1149,21,Female,Information Technology,B.Tech,8,8.8,0,82.6,84.7,82.3,65.8,62.3,75.7,37.8,61.0,87.6,66.3,56.8,62.1,71.0,3,37.9,1,1,1,2,39,97.6,1
STU1150,23,Male,Electronics,B.Tech,8,6.19,0,90.6,45.6,36.6,54.6,66.5,67.0,74.0,72.0,40.1,83.9,50.2,54.7,72.5,4,98.0,0,1,3,0,159,65.8,1
STU1151,21,Male,Computer Science,B.Tech,8,6.28,0,82.7,57.5,48.4,65.8,54.3,34.7,55.2,86.6,47.9,61.4,57.4,88.9,72.9,2,51.4,2,1,1,0,416,75.7,1
STU1152,20,Male,Electronics,B.Tech,8,7.05,1,98.0,49.4,41.4,51.7,44.7,60.6,36.6,68.8,45.4,68.5,92.4,85.5,62.5,3,65.9,2,0,0,0,199,79.1,0
STU1153,21,Male,Information Technology,B.Tech,8,7.54,0,68.3,55.8,55.1,84.2,48.8,67.0,42.6,64.5,58.9,51.1,68.9,79.8,59.4,2,34.6,2,1,1,4,77,75.8,1
STU1154,24,Male,Information Technology,B.Tech,8,6.62,0,77.1,59.0,61.2,64.1,73.5,22.7,39.8,76.1,66.9,94.1,94.8,64.6,79.4,3,50.4,0,0,0,3,10,71.2,1
STU1155,21,Female,Electronics,B.Tech,8,8.69,0,80.8,67.4,73.1,73.5,91.6,34.8,51.3,55.8,77.6,85.2,63.3,44.3,77.4,2,49.1,0,1,3,1,44,94.2,1
STU1156,22,Female,Civil,B.Tech,8,7.67,1,86.2,62.0,70.4,66.2,82.7,71.0,54.8,70.0,64.7,72.3,61.4,80.4,74.0,4,83.4,1,1,1,1,12,98.0,1
STU1157,22,Male,Computer Science,B.Tech,8,7.24,3,94.0,67.5,70.9,67.7,41.8,70.8,82.3,51.2,64.3,76.1,64.0,76.0,66.7,2,57.0,3,1,2,1,36,91.3,0
STU1158,21,Male,Electrical,B.Tech,8,5.62,0,81.8,52.4,49.3,57.5,74.8,27.1,21.3,69.2,49.3,74.8,63.7,67.9,78.4,2,52.4,3,0,0,0,29,60.9,0
STU1159,22,Male,Computer Science,B.Tech,8,5.75,0,68.5,46.1,27.7,27.4,52.1,69.3,51.4,66.2,31.0,86.6,54.2,84.4,59.5,2,38.1,2,0,0,3,47,63.3,0
STU1160,21,Female,Information Technology,B.Tech,8,7.51,0,90.0,74.7,75.7,67.1,53.3,56.7,47.0,56.7,74.1,63.8,48.9,81.3,74.0,3,40.0,0,1,2,1,207,69.3,1
STU1161,22,Male,Computer Science,B.Tech,8,4.85,0,89.2,43.9,41.6,41.3,55.1,69.1,67.1,70.3,41.0,78.8,72.0,73.9,57.0,5,94.0,2,1,1,0,24,81.2,1
STU1162,22,Female,Computer Science,B.Tech,8,8.31,0,63.6,71.3,70.5,84.8,72.6,43.6,57.7,70.2,74.5,82.9,79.8,72.4,80.3,2,44.7,3,1,1,0,35,84.6,1
STU1163,21,Male,Information Technology,B.Tech,8,7.03,0,82.0,77.3,69.5,88.9,76.4,66.6,61.4,84.5,62.4,84.6,95.0,72.6,88.7,2,37.4,0,1,3,1,29,73.6,1
STU1164,20,Other,Computer Science,B.Tech,8,9.9,0,66.9,73.3,72.4,88.3,60.5,70.2,57.5,45.5,69.2,42.9,58.9,79.5,41.1,3,73.3,1,0,0,0,40,75.5,1
STU1165,22,Female,Information Technology,B.Tech,8,9.74,0,75.7,74.5,76.4,71.5,60.8,48.7,37.1,66.9,71.8,62.8,60.1,62.6,68.9,4,64.2,1,1,1,1,59,98.0,1
STU1166,21,Male,Mechanical,B.Tech,8,7.0,0,73.4,45.0,39.7,41.5,69.0,55.3,71.4,57.4,48.3,57.8,54.2,76.7,56.5,2,56.2,0,1,1,2,27,80.0,0
STU1167,21,Female,Computer Science,B.Tech,8,7.08,0,89.7,60.0,55.7,57.5,70.5,43.3,64.8,80.2,52.3,71.8,80.8,61.9,71.0,1,20.9,1,1,2,2,223,66.6,1
STU1168,20,Male,Electrical,B.Tech,8,8.3,0,83.1,85.0,68.6,98.5,79.6,84.7,66.6,78.6,77.9,45.8,76.4,86.7,64.7,2,51.3,3,0,0,1,52,76.4,1
STU1169,21,Female,Information Technology,B.Tech,8,9.07,0,69.8,73.3,69.3,77.8,42.7,52.8,72.2,75.1,70.7,45.5,52.7,77.9,62.3,2,59.3,3,1,1,1,12,90.0,1
STU1170,22,Male,Electronics,B.Tech,8,5.4,0,90.4,32.0,28.4,27.6,62.3,38.4,58.7,58.1,35.4,96.0,52.4,64.4,57.8,2,46.6,3,1,3,0,61,80.1,0
STU1171,20,Female,Computer Science,B.Tech,8,5.23,2,68.4,44.4,35.9,39.6,46.0,42.1,75.7,80.4,43.1,77.4,78.3,72.9,80.1,1,51.9,1,0,0,0,16,55.4,0
STU1172,21,Female,Computer Science,B.Tech,8,6.52,0,85.1,47.8,35.0,52.6,61.2,57.3,58.0,46.6,42.0,71.5,70.4,62.6,50.1,0,39.2,1,0,0,0,15,57.4,0
STU1173,21,Female,Computer Science,B.Tech,8,7.84,0,74.3,55.3,51.9,66.2,58.6,68.6,48.5,43.7,50.8,74.4,75.6,88.5,61.0,3,67.4,2,0,0,3,38,79.7,1
STU1174,22,Female,Computer Science,B.Tech,8,7.75,2,78.5,59.5,56.4,70.4,61.3,31.0,51.9,50.1,48.7,71.8,52.6,89.9,56.8,5,98.0,1,1,3,3,20,98.0,1
STU1175,21,Male,Computer Science,B.Tech,8,8.38,0,86.8,60.6,63.7,70.3,50.0,88.3,51.6,67.5,63.4,82.0,38.7,79.7,58.5,4,90.6,0,1,1,0,169,77.2,1
STU1176,22,Male,Electronics,B.Tech,8,5.88,0,87.0,62.6,56.3,43.7,39.7,60.6,43.7,77.5,62.1,62.4,52.8,89.1,59.6,3,70.4,2,0,0,2,179,57.9,1
STU1177,21,Male,Mechanical,B.Tech,8,4.65,0,94.7,49.8,25.0,42.8,30.6,63.4,78.1,30.0,29.5,72.2,74.6,73.7,36.7,3,69.4,1,0,0,1,57,51.0,0
STU1178,23,Male,Electrical,B.Tech,8,8.14,2,81.2,62.7,62.0,79.8,60.0,53.3,56.7,86.5,56.2,72.7,94.6,80.4,80.2,1,29.8,0,1,2,4,91,75.4,1
STU1179,20,Female,Electronics,B.Tech,8,6.29,3,84.9,48.7,51.6,47.6,55.5,55.3,53.5,69.8,51.4,57.4,59.0,85.5,55.7,2,33.1,0,1,1,0,47,59.8,0
STU1180,21,Male,Computer Science,B.Tech,8,4.98,1,77.8,46.2,42.7,44.8,51.9,52.3,58.2,46.1,46.1,85.3,95.0,71.9,57.7,0,20.0,3,0,0,1,11,54.6,0
STU1181,20,Female,Computer Science,B.Tech,8,7.36,0,83.7,77.0,61.9,56.9,81.8,73.3,95.0,69.4,64.5,64.7,76.6,72.8,58.9,3,88.8,1,0,0,1,58,70.6,1
STU1182,23,Female,Computer Science,B.Tech,8,8.07,0,86.2,71.1,68.8,87.0,49.1,54.9,33.9,83.3,67.1,82.2,45.5,82.3,79.1,5,98.0,1,1,1,0,122,80.8,1
STU1183,22,Female,Computer Science,B.Tech,8,7.07,0,81.1,59.2,65.0,61.9,83.3,68.8,38.5,76.4,52.9,71.4,68.0,79.1,66.7,4,77.5,4,1,2,0,6,90.6,1
STU1184,21,Male,Information Technology,B.Tech,8,6.7,0,64.9,58.6,43.2,60.2,86.4,47.2,29.9,83.4,57.8,89.6,77.1,63.7,79.8,2,62.6,1,0,0,0,102,69.2,1
STU1185,22,Female,Information Technology,B.Tech,8,7.02,0,85.1,61.6,65.9,71.8,32.7,58.5,48.3,48.9,57.3,57.5,31.0,47.9,59.3,3,57.5,0,1,1,0,155,83.7,1
STU1186,22,Female,Information Technology,B.Tech,8,6.79,0,85.5,47.7,47.4,70.1,63.4,40.5,55.9,62.2,50.3,57.0,74.0,70.1,52.2,4,85.8,1,1,1,0,259,79.4,0
STU1187,21,Male,Information Technology,B.Tech,8,5.72,1,75.5,43.3,46.5,50.4,56.0,76.9,44.6,55.1,44.7,59.1,81.4,48.9,59.2,1,35.8,0,0,0,1,8,39.6,0
STU1188,21,Female,Electrical,B.Tech,8,6.41,0,69.8,62.7,50.0,51.0,18.3,40.0,43.4,92.0,62.8,71.6,70.6,61.1,71.3,3,69.6,0,1,1,1,0,56.0,1
STU1189,21,Female,Electrical,B.Tech,8,7.77,0,96.0,64.7,56.7,66.8,40.3,49.2,54.3,77.0,56.7,88.5,64.1,62.4,75.6,1,31.6,3,1,2,4,6,94.9,1
STU1190,20,Male,Computer Science,B.Tech,8,7.55,0,86.7,59.3,49.5,71.9,73.6,49.3,44.0,98.0,54.7,89.1,62.6,65.7,71.1,4,70.4,1,0,0,0,340,74.5,1
STU1191,22,Male,Mechanical,B.Tech,8,7.38,1,79.8,65.0,62.5,68.1,92.3,48.6,57.0,61.5,55.3,42.3,61.8,81.0,53.7,1,26.8,2,1,3,3,113,92.6,1
STU1192,23,Male,Civil,B.Tech,8,6.11,1,71.2,64.2,71.8,57.8,75.5,68.0,69.8,57.9,58.3,73.0,48.5,83.4,70.0,1,27.2,1,0,0,1,141,51.9,0
STU1193,22,Male,Computer Science,B.Tech,8,7.0,0,74.2,70.6,57.3,59.5,66.9,49.3,62.8,66.0,66.9,31.4,55.4,77.6,57.6,3,65.0,0,0,0,0,83,65.3,0
STU1194,21,Male,Information Technology,B.Tech,8,4.81,0,94.4,32.6,40.7,24.1,61.7,80.1,66.1,87.3,27.7,79.5,59.2,79.0,65.7,1,20.0,1,0,0,1,58,55.4,0
STU1195,21,Male,Information Technology,B.Tech,8,7.4,0,83.3,73.9,69.4,83.1,87.2,40.3,69.4,62.9,70.5,83.4,66.6,79.2,86.7,1,22.5,0,0,0,1,28,67.7,1
STU1196,22,Male,Civil,B.Tech,8,8.77,2,76.8,77.2,70.2,72.4,94.2,58.0,56.5,69.7,78.8,69.5,57.2,44.5,73.1,2,51.4,1,1,1,0,178,88.1,1
STU1197,22,Male,Mechanical,B.Tech,8,5.58,0,86.8,52.4,42.6,50.4,53.2,41.0,49.5,69.4,51.2,71.0,52.8,72.1,52.9,3,63.7,1,0,0,2,202,61.3,1
STU1198,22,Female,Computer Science,B.Tech,8,6.56,0,74.3,42.6,41.1,45.8,32.0,62.6,39.6,68.6,38.5,70.9,75.6,52.2,56.2,1,36.9,0,0,0,1,39,51.5,0
STU1199,22,Female,Information Technology,B.Tech,8,7.56,0,96.3,61.7,59.9,69.1,30.5,54.7,45.7,58.9,52.9,60.6,70.2,77.6,68.4,3,64.5,2,0,0,4,46,64.9,1
STU1200,22,Female,Information Technology,B.Tech,8,8.58,0,94.9,63.6,66.1,76.5,81.8,52.2,43.6,66.1,67.4,75.2,57.5,49.0,77.2,3,90.2,0,1,1,3,153,81.3,1
STU1201,20,Male,Information Technology,B.Tech,8,6.71,1,77.6,57.3,41.7,46.0,61.3,76.4,63.7,65.5,56.2,67.2,72.1,70.0,59.1,2,51.3,1,0,0,1,3,61.2,1
STU1202,21,Male,Computer Science,B.Tech,8,6.44,0,76.0,64.8,54.8,73.4,64.7,43.2,57.5,67.9,56.5,81.2,58.7,78.0,70.2,2,46.2,2,1,1,1,189,89.8,1
STU1203,22,Male,Mechanical,B.Tech,8,5.03,0,57.1,48.5,64.5,68.8,35.1,65.6,63.1,81.2,52.5,68.6,65.9,59.7,64.2,0,21.0,1,1,1,3,35,55.7,1
STU1204,22,Male,Electronics,B.Tech,8,7.31,0,67.9,59.0,50.6,50.9,50.7,41.2,33.4,92.6,52.2,59.7,78.7,82.6,74.8,2,60.2,3,1,1,3,56,94.7,1
STU1205,20,Male,Electrical,B.Tech,8,9.45,0,69.3,87.4,89.9,96.8,57.6,57.0,74.9,56.2,91.5,51.6,56.5,77.6,58.5,1,34.5,2,1,1,2,86,85.1,1
STU1206,20,Female,Mechanical,B.Tech,8,7.51,2,83.3,71.6,62.1,59.1,65.1,33.5,45.2,62.5,73.0,47.6,48.6,76.2,61.5,1,41.8,4,0,0,2,81,81.0,0
STU1207,22,Male,Electronics,B.Tech,8,7.18,0,78.9,59.3,58.3,68.8,56.0,43.1,34.4,56.4,52.6,85.8,63.0,79.7,76.8,2,54.0,1,0,0,0,30,68.1,1
STU1208,20,Female,Information Technology,B.Tech,8,7.55,1,69.2,47.1,49.2,51.9,46.4,53.5,45.0,70.6,40.7,64.5,45.9,68.0,62.0,2,47.1,3,1,1,2,275,92.1,0
STU1209,21,Female,Electronics,B.Tech,8,7.19,1,79.3,79.8,75.7,81.8,50.2,87.7,91.7,60.5,89.4,74.1,61.1,73.7,76.3,3,66.1,2,0,0,0,450,79.6,1
STU1210,21,Male,Computer Science,B.Tech,8,6.31,0,86.8,70.6,46.2,70.4,80.1,56.8,45.8,71.4,57.5,91.4,61.1,72.1,82.9,2,66.0,2,0,0,1,72,69.9,1
STU1211,22,Male,Electronics,B.Tech,8,8.11,0,87.0,66.0,69.3,75.0,65.7,84.8,46.8,83.5,68.9,63.2,30.5,71.9,72.7,4,82.4,3,0,0,0,109,93.0,1
STU1212,22,Female,Computer Science,B.Tech,8,7.45,0,64.0,37.0,37.7,52.9,71.2,59.0,48.9,32.6,33.9,62.5,72.4,64.6,45.0,1,25.1,1,0,0,0,63,75.9,0
STU1213,21,Male,Electronics,B.Tech,8,7.22,1,80.8,62.2,54.3,61.5,48.5,48.0,49.6,74.9,60.7,68.4,62.4,58.3,65.7,0,20.0,3,1,2,0,40,88.8,1
STU1214,22,Male,Computer Science,B.Tech,8,6.13,0,68.9,34.7,43.4,38.5,17.7,82.7,39.5,61.6,43.9,70.4,81.5,68.3,55.2,2,28.9,1,0,0,2,279,62.3,0
STU1215,21,Other,Computer Science,B.Tech,8,8.63,0,90.6,77.4,72.5,68.4,54.2,62.9,54.3,74.4,76.4,92.7,68.0,67.7,76.6,0,21.4,1,1,1,2,17,70.0,1
STU1216,21,Male,Computer Science,B.Tech,8,7.93,0,89.4,79.3,75.1,66.9,49.0,43.4,69.2,55.4,85.9,88.8,75.3,63.9,77.3,3,78.1,1,0,0,1,13,73.7,1
STU1217,22,Female,Computer Science,B.Tech,8,6.59,1,73.5,38.0,55.0,67.2,67.2,63.5,57.0,84.7,44.9,77.5,81.7,81.4,71.9,2,36.6,0,0,0,1,255,41.0,0
STU1218,22,Other,Electronics,B.Tech,8,8.3,0,74.7,74.7,73.0,76.2,98.0,49.7,34.2,80.8,72.5,87.4,63.2,59.1,83.1,2,51.5,1,0,0,4,23,73.8,1
STU1219,22,Male,Electronics,B.Tech,8,6.65,0,77.6,59.7,66.5,56.4,72.4,19.2,46.5,76.0,64.3,67.9,65.0,70.1,61.0,2,59.9,4,0,0,0,133,64.1,1
STU1220,22,Male,Information Technology,B.Tech,8,6.34,0,60.6,59.4,54.4,67.3,98.0,71.8,43.2,79.1,59.2,73.6,43.0,84.8,68.9,2,60.9,2,0,0,1,22,72.3,1
STU1221,21,Male,Computer Science,B.Tech,8,6.36,0,85.2,58.6,67.8,56.2,70.5,74.7,52.8,57.6,64.3,66.4,82.4,82.0,70.4,2,62.8,2,0,0,1,309,79.3,1
STU1222,20,Male,Computer Science,B.Tech,8,5.25,1,79.4,32.3,26.5,34.7,52.6,88.1,73.3,59.3,23.0,54.5,63.0,85.4,40.8,0,20.0,2,0,0,3,94,37.4,0
STU1223,21,Male,Computer Science,B.Tech,8,7.72,0,91.2,75.9,78.6,87.7,67.2,62.6,49.6,78.5,78.8,84.4,50.9,65.5,81.0,1,40.0,1,1,2,0,196,74.5,1
STU1224,21,Female,Computer Science,B.Tech,8,5.19,1,71.6,38.2,45.9,49.3,88.7,50.5,50.6,57.3,40.2,76.4,75.4,80.6,50.4,2,34.9,0,0,0,4,290,42.2,0
STU1225,21,Male,Mechanical,B.Tech,8,5.85,0,76.1,40.0,38.8,37.4,89.4,70.0,80.4,88.2,36.5,70.2,34.5,60.3,58.3,1,25.0,0,1,1,0,7,49.6,0
STU1226,24,Male,Computer Science,B.Tech,8,4.92,0,67.7,57.3,45.9,52.2,53.4,70.3,66.0,63.5,51.8,70.0,59.0,69.0,65.7,3,73.2,0,0,0,0,65,53.8,1
STU1227,21,Other,Information Technology,B.Tech,8,7.11,0,72.5,72.8,74.2,76.2,65.8,84.5,61.2,75.0,68.7,,77.7,70.0,63.7,1,36.6,2,1,1,0,81,81.5,1
STU1228,22,Female,Computer Science,B.Tech,8,7.03,0,70.8,64.1,42.3,69.4,40.6,54.2,83.3,97.4,47.5,58.3,58.9,65.7,76.2,1,42.3,2,1,3,0,126,82.2,0
STU1229,22,Female,Computer Science,B.Tech,8,6.84,0,91.5,75.7,75.0,75.9,74.4,52.0,59.8,58.1,62.3,74.0,54.9,68.0,72.1,1,25.7,1,0,0,1,22,57.6,1
STU1230,22,Male,Information Technology,B.Tech,8,6.05,0,75.4,58.4,52.6,40.8,85.3,42.1,20.2,69.0,64.2,63.7,59.2,66.6,65.1,2,64.7,0,0,0,1,236,40.9,0
STU1231,21,Female,Electronics,B.Tech,8,5.91,0,83.2,46.0,46.1,49.8,62.6,64.7,65.3,82.8,48.8,67.4,36.9,61.2,59.2,0,26.9,1,0,0,0,15,48.6,0
STU1232,21,Female,Computer Science,B.Tech,8,7.71,0,78.4,62.8,37.7,51.2,52.0,27.1,26.5,81.3,49.7,68.7,75.0,81.4,60.9,1,43.9,1,0,0,1,157,47.9,0
STU1233,21,Male,Computer Science,B.Tech,8,6.59,0,69.9,68.9,58.3,89.6,67.4,69.0,59.2,63.4,60.3,61.8,63.3,70.0,56.8,2,39.2,1,0,0,2,69,48.9,1
STU1234,21,Male,Information Technology,B.Tech,8,7.55,2,80.4,57.4,50.7,53.2,68.3,65.6,24.6,60.8,39.7,58.4,61.2,74.2,50.4,2,61.7,1,1,1,2,70,71.2,0
STU1235,22,Female,Computer Science,B.Tech,8,6.23,0,87.7,60.4,58.9,60.5,63.2,65.5,44.5,64.7,56.0,50.7,61.2,73.8,61.3,3,61.8,1,1,1,1,53,87.3,1
STU1236,21,Male,Computer Science,B.Tech,8,7.4,0,70.5,61.6,58.5,63.5,64.7,57.5,46.2,88.3,63.6,68.2,65.2,72.6,76.5,3,58.9,3,0,0,3,12,81.0,1
STU1237,20,Male,Civil,B.Tech,8,8.63,0,89.7,62.2,66.5,70.4,59.4,82.6,39.7,64.1,69.1,77.4,74.1,73.0,72.5,1,41.3,1,1,1,1,33,81.1,1
STU1238,22,Male,Electronics,B.Tech,8,7.84,1,73.9,83.5,77.3,75.6,76.9,70.7,46.4,69.1,83.6,50.3,64.3,68.6,59.1,1,40.8,2,1,1,0,43,72.5,1
STU1239,21,Male,Information Technology,B.Tech,8,6.75,1,77.4,43.2,45.2,60.7,73.0,44.1,68.5,62.0,45.0,69.7,45.9,87.6,62.0,2,41.5,2,0,0,0,63,61.9,1
STU1240,23,Female,Information Technology,B.Tech,8,7.48,0,87.0,56.2,62.6,75.6,47.3,44.4,40.6,77.9,65.9,73.4,73.1,80.4,60.0,3,85.6,1,0,0,0,153,58.0,1
STU1241,23,Female,Information Technology,B.Tech,8,6.94,2,75.7,67.5,69.4,77.2,46.8,39.2,60.7,70.2,66.8,58.1,72.0,72.2,73.1,5,98.0,2,1,2,1,65,98.0,1
STU1242,23,Female,Information Technology,B.Tech,8,7.21,0,82.4,76.5,74.7,88.9,58.2,64.9,36.5,54.0,81.0,87.1,67.9,67.1,65.7,0,26.1,1,0,0,3,31,70.4,1
STU1243,21,Male,Electronics,B.Tech,8,6.84,0,79.0,72.8,60.0,57.9,73.1,37.0,49.0,54.4,64.5,65.4,80.1,70.7,53.8,2,54.3,0,1,1,2,227,76.8,1
STU1244,20,Male,Electronics,B.Tech,8,7.02,2,83.2,43.3,65.2,60.0,64.2,74.5,57.2,40.0,49.8,68.8,65.4,76.6,59.8,3,68.3,0,1,1,0,159,83.9,0
STU1245,23,Male,Computer Science,B.Tech,8,7.43,2,59.4,56.0,60.5,63.3,52.4,78.8,36.1,56.4,53.2,68.1,80.6,88.5,63.5,3,49.5,2,0,0,1,3,71.4,0
STU1246,21,Male,Information Technology,B.Tech,8,6.11,0,64.6,39.8,43.8,58.4,65.9,39.2,31.0,79.1,36.5,48.8,84.7,56.9,56.0,0,21.1,1,0,0,1,100,35.5,0
STU1247,23,Male,Information Technology,B.Tech,8,6.08,1,87.9,54.4,54.0,68.3,57.0,51.7,59.9,86.5,57.5,82.1,73.2,79.3,68.3,3,66.0,1,1,2,4,450,71.6,1
STU1248,23,Female,Mechanical,B.Tech,8,5.67,0,91.9,41.9,43.6,41.5,75.2,55.3,70.0,77.6,39.0,58.5,54.5,84.4,66.6,1,29.2,0,0,0,0,219,44.0,0
STU1249,22,Male,Electronics,B.Tech,8,5.44,1,73.4,61.6,45.9,51.8,67.0,70.9,50.7,75.8,48.6,67.2,63.2,55.6,53.3,0,20.0,0,1,1,0,108,53.7,0
STU1250,21,Female,Information Technology,B.Tech,8,5.86,0,79.7,51.2,56.1,57.8,57.3,84.0,44.7,66.2,57.2,77.2,82.3,70.0,58.7,2,26.2,2,1,1,4,95,71.5,1
STU1251,21,Male,Computer Science,B.Tech,8,7.38,0,84.8,55.3,49.7,37.8,65.5,24.7,54.5,78.8,54.1,87.5,44.0,60.3,72.9,1,24.0,2,1,2,4,25,77.9,1
STU1252,22,Male,Electronics,B.Tech,8,6.22,0,88.6,48.9,27.0,46.5,81.7,49.3,52.9,72.0,42.8,57.0,59.5,76.7,44.9,3,74.2,1,1,3,0,121,72.1,0
STU1253,21,Male,Computer Science,B.Tech,8,7.76,0,62.7,59.3,62.0,63.9,53.5,50.2,55.9,93.3,63.2,64.6,60.2,68.1,79.8,3,82.3,1,1,1,0,136,98.0,1
STU1254,21,Female,Computer Science,B.Tech,8,7.24,0,73.6,52.5,56.1,56.6,68.0,29.8,11.5,66.6,50.5,86.6,52.9,70.6,64.4,3,55.6,3,0,0,1,38,65.0,1
STU1255,21,Female,Computer Science,B.Tech,8,5.03,0,78.8,59.5,59.6,69.3,60.9,46.3,34.9,86.8,59.9,75.6,77.2,67.5,83.5,2,51.8,2,1,1,2,28,80.2,1
STU1256,23,Female,Electronics,B.Tech,8,7.92,0,88.7,60.3,73.8,63.7,68.4,62.7,38.5,80.2,67.7,78.1,70.3,79.9,83.7,0,31.0,2,1,2,0,30,72.6,1
STU1257,22,Male,Computer Science,B.Tech,8,8.09,0,98.0,69.8,61.4,64.0,52.2,50.0,54.4,78.3,61.0,57.4,55.0,74.5,72.3,1,29.8,0,0,0,3,80,61.1,1
STU1258,21,Male,Information Technology,B.Tech,8,6.11,0,79.8,52.7,63.4,59.0,63.7,27.2,55.0,39.8,52.5,65.4,73.5,74.5,68.4,2,56.8,1,1,1,0,33,77.5,1
STU1259,20,Female,Mechanical,B.Tech,8,7.66,0,68.6,69.5,59.0,76.1,78.6,98.0,62.2,81.0,60.8,68.0,62.8,73.8,69.7,3,64.7,3,0,0,1,92,78.9,1
STU1260,22,Male,Computer Science,B.Tech,8,6.26,0,85.8,52.9,58.2,58.7,47.9,59.8,56.1,66.2,65.7,59.7,52.5,78.3,55.1,2,61.9,1,1,1,1,220,65.0,1
STU1261,24,Female,Information Technology,B.Tech,8,7.31,1,94.5,68.4,70.4,77.3,42.1,57.0,31.2,61.8,67.3,49.9,55.0,69.1,59.0,2,37.2,2,1,1,0,34,79.6,1
STU1262,20,Male,Information Technology,B.Tech,8,5.81,2,83.0,60.3,56.4,67.7,42.6,35.2,75.2,47.2,64.5,63.9,71.1,90.7,53.2,2,39.0,2,0,0,0,325,62.6,0
STU1263,21,Male,Computer Science,B.Tech,8,5.23,1,73.4,44.0,47.7,48.2,44.4,59.7,72.4,67.9,43.5,86.3,78.1,58.4,64.9,1,37.8,0,1,2,0,50,61.8,0
STU1264,22,Male,Electrical,B.Tech,8,6.78,0,91.1,68.1,64.6,65.0,70.9,52.0,31.9,68.5,70.8,70.7,58.2,53.0,69.1,2,51.0,2,1,1,2,10,71.9,1
STU1265,22,Male,Computer Science,B.Tech,8,7.06,1,88.3,69.6,62.3,58.8,40.9,21.0,57.3,49.8,70.5,86.5,72.6,52.1,66.4,2,49.4,0,1,1,0,5,83.6,1
STU1266,22,Female,Information Technology,B.Tech,8,6.76,0,72.3,46.2,40.6,55.7,57.5,35.7,42.5,47.4,48.2,72.1,87.1,49.1,50.7,3,70.8,2,0,0,1,47,50.1,0
STU1267,22,Male,Information Technology,B.Tech,8,5.9,0,85.6,60.6,67.5,66.5,71.3,69.3,54.2,74.8,66.0,60.8,47.4,79.4,65.5,3,55.7,4,0,0,1,34,72.6,1
STU1268,21,Male,Electronics,B.Tech,8,6.76,0,91.5,67.5,60.4,70.4,68.2,90.0,68.9,80.2,70.8,85.3,70.0,78.1,79.6,1,21.3,4,1,1,1,145,75.7,1
STU1269,21,Male,Electronics,B.Tech,8,7.5,1,93.2,61.4,63.3,66.0,56.2,61.6,86.1,70.7,64.2,72.5,76.6,85.3,74.9,2,45.0,2,1,2,3,128,84.5,1
STU1270,22,Male,Computer Science,B.Tech,8,7.15,0,81.4,74.4,77.5,75.5,64.9,74.9,64.0,84.1,84.5,81.5,63.7,60.4,71.5,3,61.1,1,1,1,1,246,90.7,1
STU1271,22,Female,Computer Science,B.Tech,8,7.4,0,78.6,89.5,75.5,73.3,63.6,52.2,56.7,66.8,74.4,57.2,82.3,80.2,63.8,1,32.2,2,1,2,1,69,66.3,1
STU1272,22,Female,Electronics,B.Tech,8,6.46,0,93.7,53.0,44.4,61.7,58.6,53.4,46.6,67.2,50.4,82.5,95.0,72.6,65.6,3,77.7,2,0,0,1,65,87.7,1
STU1273,23,Female,Information Technology,B.Tech,8,8.49,1,70.5,76.1,69.2,63.0,58.8,74.6,54.9,55.2,74.1,82.8,69.8,73.8,63.3,1,42.7,0,0,0,1,25,60.6,1
STU1274,21,Female,Electrical,B.Tech,8,5.91,0,86.2,49.9,54.6,45.8,95.5,84.9,73.8,46.2,47.6,73.5,61.7,78.9,58.9,2,55.3,0,0,0,0,84,56.7,0
STU1275,21,Male,Electrical,B.Tech,8,7.74,0,69.0,65.4,74.8,66.7,74.1,78.4,51.3,94.0,73.0,60.3,78.7,63.7,75.6,4,82.2,1,1,3,2,127,78.4,1
STU1276,22,Female,Electrical,B.Tech,8,8.5,0,92.1,93.6,88.1,84.4,98.0,35.8,37.8,83.8,83.4,69.4,76.8,98.0,82.4,2,45.7,0,1,1,0,48,78.6,1
STU1277,22,Male,Information Technology,B.Tech,8,7.73,0,79.5,76.2,66.8,82.6,54.5,53.8,26.1,48.5,68.2,77.3,29.7,86.7,66.0,2,41.5,3,1,1,1,265,95.7,1
STU1278,22,Male,Computer Science,B.Tech,8,6.98,0,94.1,59.4,54.9,63.1,60.7,60.0,60.2,70.2,47.2,72.8,65.0,66.2,61.4,0,20.0,1,1,1,1,61,68.6,1
STU1279,22,Female,Electrical,B.Tech,8,6.62,0,86.7,72.6,61.1,67.7,42.0,50.3,56.0,66.6,74.6,77.2,59.5,60.0,81.3,1,28.1,1,1,1,0,142,71.6,1
STU1280,22,Male,Information Technology,B.Tech,8,8.34,1,70.4,66.0,66.0,59.2,49.9,62.0,41.7,64.2,64.8,82.1,70.6,71.0,76.9,2,49.6,1,1,1,0,93,81.9,1
STU1281,21,Female,Computer Science,B.Tech,8,5.63,0,95.5,61.1,53.6,63.5,90.5,69.8,68.4,62.3,68.2,62.2,62.3,74.0,63.0,2,38.5,3,1,1,0,37,68.5,1
STU1282,21,Male,Mechanical,B.Tech,8,6.13,0,96.7,35.5,49.2,46.6,54.2,73.1,45.3,73.3,46.4,56.1,63.8,83.7,65.2,2,51.7,3,0,0,0,128,55.5,0
STU1283,20,Female,Mechanical,B.Tech,8,6.76,0,90.4,54.8,58.0,64.8,90.8,85.3,49.8,79.5,58.6,69.5,52.9,59.1,70.5,4,78.1,0,1,1,2,35,91.4,1
STU1284,21,Female,Information Technology,B.Tech,8,8.56,0,74.8,77.7,68.9,72.0,43.3,49.1,51.7,73.6,70.4,66.0,75.3,75.1,76.9,2,46.0,2,1,1,2,87,94.3,1
STU1285,20,Female,Computer Science,B.Tech,8,7.62,0,79.1,62.8,56.9,74.0,46.2,30.4,46.4,66.3,54.6,79.4,88.2,55.2,69.1,2,61.6,1,0,0,0,49,72.7,1
STU1286,21,Female,Information Technology,B.Tech,8,6.14,0,83.4,50.4,53.8,50.9,56.9,61.4,55.8,65.8,54.7,57.1,53.1,76.8,58.7,2,25.4,1,1,1,0,16,67.0,1
STU1287,21,Female,Electrical,B.Tech,8,6.86,0,75.3,61.0,67.6,71.6,61.0,88.9,70.4,81.1,63.9,82.2,45.4,70.8,81.3,2,46.2,2,0,0,2,51,64.2,1
STU1288,21,Male,Mechanical,B.Tech,8,6.52,1,98.0,60.6,46.3,56.4,75.8,46.4,33.7,74.5,46.8,86.2,65.3,93.3,80.2,2,26.5,0,1,2,0,36,80.9,0
STU1289,21,Male,Computer Science,B.Tech,8,6.42,0,83.4,55.8,41.4,68.5,68.8,67.4,59.8,69.0,41.0,70.0,64.6,55.0,70.2,2,52.4,1,0,0,4,11,49.9,0
STU1290,20,Male,Computer Science,B.Tech,8,8.28,0,56.3,86.1,76.0,97.5,55.8,67.5,54.8,67.5,76.3,70.7,81.4,87.1,74.9,4,87.6,1,0,0,0,229,86.2,1
STU1291,20,Female,Mechanical,B.Tech,8,5.69,1,85.2,53.8,63.3,58.5,60.0,58.4,54.5,72.8,67.7,60.8,47.8,53.3,68.2,2,36.5,0,1,1,1,66,63.1,0
STU1292,22,Male,Information Technology,B.Tech,8,8.97,0,78.7,63.3,59.0,60.2,57.2,55.1,65.9,61.4,72.2,63.5,57.5,57.4,65.7,2,37.8,0,0,0,0,41,59.0,1
STU1293,21,Female,Information Technology,B.Tech,8,8.11,1,81.3,76.3,51.0,63.2,48.3,38.4,52.8,79.5,64.7,65.1,34.9,53.6,71.1,3,48.0,0,1,1,0,80,82.2,1
STU1294,20,Male,Civil,B.Tech,8,8.4,0,78.5,62.6,60.2,52.3,48.7,13.9,59.7,52.9,62.1,87.3,84.2,74.8,76.6,0,20.6,2,1,1,0,84,67.7,1
STU1295,21,Male,Computer Science,B.Tech,8,6.69,0,89.7,62.3,53.7,47.8,77.4,35.0,63.5,62.2,56.3,69.1,68.5,59.1,61.0,3,61.6,0,1,1,1,2,61.6,1
STU1296,22,Female,Electronics,B.Tech,8,7.04,1,92.6,29.2,33.6,31.6,34.6,48.0,43.9,76.6,26.7,54.1,58.5,57.2,62.6,2,47.2,1,1,1,0,76,77.8,0
STU1297,21,Male,Computer Science,B.Tech,8,5.62,0,84.7,41.8,55.9,54.9,86.3,74.8,56.8,52.1,55.7,73.1,46.5,74.2,63.7,3,61.3,1,0,0,1,74,65.8,1
STU1298,22,Male,Information Technology,B.Tech,8,6.62,0,78.8,40.0,46.7,41.6,56.9,53.1,48.0,46.0,52.7,79.9,47.8,77.0,63.7,3,55.3,3,0,0,0,255,83.2,1
STU1299,20,Male,Electrical,B.Tech,8,7.74,1,81.6,68.9,54.4,79.9,50.4,45.7,49.9,68.9,57.2,69.7,70.8,72.4,73.2,4,91.3,2,0,0,0,107,83.8,1
STU1300,20,Female,Information Technology,B.Tech,8,8.63,0,82.2,61.4,60.9,69.4,73.1,39.0,46.8,44.2,60.7,87.6,49.5,70.2,71.1,2,52.7,4,1,1,1,14,98.0,1
STU1301,21,Female,Civil,B.Tech,8,5.98,0,74.4,50.6,51.2,54.7,84.3,66.8,59.5,49.8,48.7,79.3,66.5,92.1,67.5,3,53.2,0,0,0,0,56,69.8,0
STU1302,21,Male,Information Technology,B.Tech,8,6.8,0,87.5,59.3,48.3,57.5,78.8,79.5,53.3,78.6,51.7,,93.6,73.6,58.7,1,28.0,2,1,1,0,76,81.1,1
STU1303,22,Male,Computer Science,B.Tech,8,7.03,1,86.4,79.2,73.8,70.3,69.5,74.1,58.3,65.1,82.4,63.4,60.1,80.9,76.0,3,56.3,0,1,1,0,5,81.9,1
STU1304,22,Male,Computer Science,B.Tech,8,5.66,2,96.6,50.2,45.7,64.6,78.3,65.9,51.7,86.0,41.4,72.7,51.5,73.6,72.8,1,49.1,2,0,0,1,168,65.5,0
STU1305,24,Female,Information Technology,B.Tech,8,7.85,0,93.9,69.4,77.9,84.7,36.3,28.4,26.3,51.1,76.0,50.0,70.3,59.9,59.5,0,27.1,1,0,0,3,4,37.7,1
STU1306,21,Female,Information Technology,B.Tech,8,6.4,0,75.5,56.7,43.6,49.2,54.2,48.7,52.5,66.7,53.8,74.0,47.8,78.0,69.3,1,33.7,2,0,0,2,2,54.8,1
STU1307,21,Male,Computer Science,B.Tech,8,6.99,2,89.8,72.5,66.4,66.0,48.3,90.1,53.0,73.6,68.7,48.9,89.1,64.8,77.1,2,67.1,1,1,1,0,0,62.1,1
STU1308,22,Male,Information Technology,B.Tech,8,6.7,0,73.0,39.7,41.7,53.2,80.4,75.2,55.9,51.6,45.2,82.3,84.7,71.0,53.9,0,34.5,0,1,1,0,69,67.1,1
STU1309,21,Male,Information Technology,B.Tech,8,6.33,0,88.6,48.7,43.6,48.2,56.2,27.3,42.5,82.4,46.9,80.9,62.7,75.4,65.3,2,47.7,2,1,1,0,58,72.4,1
STU1310,21,Female,Electronics,B.Tech,8,7.19,0,77.1,52.7,59.6,54.5,74.7,54.0,32.9,75.1,62.2,76.1,52.4,50.6,87.0,2,45.9,3,1,1,0,10,98.0,1
STU1311,20,Female,Electronics,B.Tech,8,6.96,1,72.3,75.4,70.0,74.3,70.0,61.5,62.0,45.5,65.1,61.9,59.0,54.3,62.0,3,61.4,0,1,2,0,221,73.7,1
STU1312,20,Male,Electronics,B.Tech,8,6.79,1,84.7,58.1,50.6,52.2,49.1,41.3,47.6,67.5,52.6,72.0,60.9,82.0,65.4,0,20.0,3,1,1,0,14,75.0,1
STU1313,23,Male,Computer Science,B.Tech,8,6.4,0,56.6,49.5,43.0,50.1,53.2,13.4,54.7,73.4,45.9,63.8,70.4,64.7,59.7,1,52.3,0,0,0,0,31,47.4,0
STU1314,22,Male,Computer Science,B.Tech,8,7.55,0,65.4,57.3,49.1,53.1,81.4,56.8,47.5,59.7,39.8,57.6,79.6,65.2,62.9,2,39.9,2,0,0,0,19,64.3,0
STU1315,22,Female,Electronics,B.Tech,8,9.02,0,80.3,80.8,89.8,85.1,50.4,40.8,51.9,47.3,79.9,65.9,50.5,73.8,83.2,2,58.7,4,1,3,0,251,87.1,1
STU1316,21,Male,Information Technology,B.Tech,8,7.35,0,82.8,78.6,68.1,67.9,63.9,40.9,44.8,71.9,69.3,78.4,79.2,67.8,69.4,1,41.9,0,1,1,0,111,59.2,1
STU1317,21,Female,Computer Science,B.Tech,8,8.3,0,78.5,76.1,80.9,73.8,50.3,48.6,36.5,98.0,83.2,70.5,73.6,76.6,81.3,5,92.0,1,1,1,0,193,79.8,1
STU1318,21,Female,Electrical,B.Tech,8,5.67,1,67.0,47.2,51.3,44.3,57.3,52.6,59.6,62.6,45.7,87.4,57.9,71.4,67.0,1,53.1,1,1,1,1,4,71.0,0
STU1319,21,Male,Electrical,B.Tech,8,7.37,0,74.2,61.5,50.9,61.3,61.3,54.8,42.4,90.0,52.1,79.2,49.8,74.2,78.3,3,49.4,1,1,1,0,84,80.1,1
STU1320,21,Male,Information Technology,B.Tech,8,5.99,1,85.7,36.8,37.3,41.0,50.3,39.1,54.6,57.5,41.1,77.9,66.6,64.3,66.9,1,34.2,2,0,0,0,67,72.4,0
STU1321,22,Male,Computer Science,B.Tech,8,5.58,0,87.5,35.8,61.3,60.4,47.6,51.0,58.6,71.0,40.5,50.7,50.2,74.1,69.7,4,75.1,2,0,0,0,64,60.4,1
STU1322,22,Female,Electrical,B.Tech,8,6.39,0,81.8,47.8,53.8,52.7,66.3,23.4,42.6,78.8,40.4,66.6,79.3,84.2,71.0,2,59.6,4,0,0,0,37,83.4,1
STU1323,21,Female,Information Technology,B.Tech,8,8.51,0,93.0,63.3,49.2,53.2,49.3,60.6,32.7,67.9,54.4,57.2,49.3,65.8,73.1,4,83.5,0,1,1,2,252,98.0,1
STU1324,23,Female,Electrical,B.Tech,8,8.25,0,85.8,70.1,67.4,73.9,49.8,10.0,90.8,63.8,61.5,67.8,72.7,82.1,63.0,2,32.7,1,0,0,0,2,77.2,1
STU1325,22,Female,Electrical,B.Tech,8,7.47,0,74.9,58.2,57.6,67.4,47.9,49.8,43.6,78.2,50.9,,63.9,71.4,60.4,0,32.4,1,1,1,1,59,70.8,1
STU1326,21,Male,Electrical,B.Tech,8,5.51,3,79.3,39.9,46.3,42.1,60.8,71.5,62.0,94.5,46.0,65.5,57.2,80.1,77.3,2,54.9,3,0,0,1,48,61.3,0
STU1327,22,Female,Information Technology,B.Tech,8,6.98,1,68.7,75.1,55.8,54.1,76.2,35.9,83.0,72.2,69.8,82.7,63.6,73.4,72.2,2,39.6,0,1,1,1,105,83.1,1
STU1328,21,Female,Computer Science,B.Tech,8,7.53,0,81.0,55.8,56.8,67.7,84.6,67.9,64.6,60.8,60.2,75.7,80.1,71.6,57.3,1,31.5,4,1,1,2,17,79.8,1
STU1329,21,Male,Electronics,B.Tech,8,7.39,0,92.6,64.9,53.8,63.4,51.1,75.8,47.2,65.3,64.9,82.1,48.3,75.8,66.7,1,22.0,1,1,2,2,21,75.7,1
STU1330,21,Female,Electronics,B.Tech,8,5.17,2,88.5,42.0,39.4,39.4,94.3,10.0,50.9,98.0,46.9,50.8,59.2,85.3,63.1,3,63.3,2,1,1,0,101,78.3,0
STU1331,22,Female,Electronics,B.Tech,8,6.22,0,95.3,42.9,48.6,36.3,46.9,52.3,38.7,69.9,35.1,70.7,54.5,74.6,60.0,0,21.5,1,0,0,0,235,41.7,0
STU1332,20,Female,Computer Science,B.Tech,8,7.13,0,79.1,59.5,51.2,63.7,78.3,10.0,66.1,59.7,57.6,81.6,64.5,77.3,59.8,2,46.7,3,0,0,1,353,72.7,1
STU1333,20,Female,Computer Science,B.Tech,8,7.79,0,94.8,62.6,61.1,68.6,51.2,52.9,61.1,52.0,59.2,88.1,55.4,67.9,67.9,2,45.5,1,1,1,3,27,86.1,1
STU1334,20,Female,Mechanical,B.Tech,8,4.78,3,80.2,32.0,20.0,28.3,48.9,54.9,43.8,42.4,22.3,51.4,40.2,89.3,32.9,3,48.9,2,0,0,2,12,54.7,0
STU1335,20,Female,Electronics,B.Tech,8,7.02,0,96.0,76.0,72.7,70.0,50.8,10.3,35.3,73.1,77.2,65.8,50.2,79.0,73.9,0,23.4,2,0,0,0,54,59.8,1
STU1336,22,Male,Mechanical,B.Tech,8,7.36,0,81.8,58.3,62.4,49.7,61.2,89.6,30.9,77.2,51.7,82.4,87.9,72.9,63.2,2,30.8,1,0,0,0,52,45.6,1
STU1337,22,Male,Electrical,B.Tech,8,8.13,2,88.7,70.4,65.5,69.3,70.7,60.1,67.8,62.4,59.2,67.7,68.5,70.7,66.0,0,20.3,0,1,1,2,86,59.1,1
STU1338,21,Female,Information Technology,B.Tech,8,7.96,0,96.0,71.1,72.9,84.2,72.0,39.7,53.9,67.8,75.2,59.1,68.0,82.8,69.0,1,20.0,2,0,0,0,59,61.2,1
STU1339,20,Male,Electronics,B.Tech,8,7.84,0,80.2,77.1,75.2,74.2,47.8,81.4,55.4,51.6,78.6,51.4,61.0,65.3,58.1,2,50.5,1,1,1,1,69,83.2,1
STU1340,21,Male,Mechanical,B.Tech,8,6.32,0,84.1,66.9,62.3,43.6,47.2,22.7,38.8,69.9,65.3,58.6,64.3,52.4,69.7,4,79.9,2,0,0,1,137,80.2,1
STU1341,21,Male,Information Technology,B.Tech,8,5.1,1,94.2,38.2,41.3,39.7,48.3,32.9,28.6,74.7,35.4,49.7,59.0,72.8,46.5,1,39.0,2,0,0,0,11,54.1,0
STU1342,21,Male,Electronics,B.Tech,8,6.77,0,80.7,62.9,58.2,59.6,60.3,13.6,67.4,60.5,64.3,70.7,72.4,85.1,59.7,1,43.6,1,1,2,2,88,75.6,1
STU1343,21,Female,Computer Science,B.Tech,8,8.3,4,69.5,72.6,62.6,81.1,58.8,87.4,52.7,91.7,71.0,80.8,66.4,89.5,76.6,3,75.5,1,1,1,2,76,85.9,0
STU1344,21,Female,Information Technology,B.Tech,8,8.73,0,98.0,66.3,59.5,74.8,47.7,61.0,66.5,56.3,63.3,54.9,48.6,70.8,61.0,2,33.9,2,1,1,0,165,91.2,1
STU1345,22,Male,Electronics,B.Tech,8,7.98,0,77.5,45.0,60.0,51.2,66.0,66.9,45.8,72.0,46.6,73.1,68.6,72.5,70.2,2,49.4,2,1,1,1,14,87.7,1
STU1346,22,Male,Computer Science,B.Tech,8,7.67,4,83.5,51.0,42.0,57.7,95.9,60.4,48.2,79.9,44.4,80.1,30.6,77.7,81.5,5,98.0,2,1,1,1,54,94.6,0
STU1347,20,Male,Computer Science,B.Tech,8,7.62,0,93.0,60.9,65.4,60.1,54.4,65.3,63.4,66.9,67.3,70.0,70.8,69.1,62.9,5,96.2,0,0,0,0,450,72.6,1
STU1348,21,Female,Computer Science,B.Tech,8,6.59,0,76.2,45.7,49.5,70.8,55.5,56.4,63.7,65.4,54.2,50.7,45.3,77.7,46.4,2,41.7,3,0,0,0,77,73.2,1
STU1349,22,Female,Computer Science,B.Tech,8,7.06,0,72.4,73.6,59.7,71.7,70.4,59.9,64.8,48.0,65.0,74.6,63.7,71.1,72.9,2,49.2,1,1,1,0,254,91.7,1
STU1350,21,Male,Computer Science,B.Tech,8,9.04,0,84.4,73.2,69.5,72.7,53.6,56.9,47.3,87.0,70.1,69.3,48.3,83.1,66.1,4,76.2,3,1,1,3,154,98.0,1
STU1351,22,Female,Information Technology,B.Tech,8,6.16,0,65.0,61.0,72.0,56.9,72.0,44.0,61.8,65.6,65.7,68.1,65.0,80.0,72.6,1,23.2,0,1,1,0,204,55.6,1
STU1352,22,Female,Mechanical,B.Tech,8,8.98,0,79.3,79.5,75.0,76.5,51.2,54.2,69.7,75.5,78.6,63.4,73.1,80.9,64.6,2,58.7,0,1,1,0,37,71.9,1
STU1353,21,Female,Information Technology,B.Tech,8,6.85,0,84.3,58.9,77.4,67.2,89.5,59.9,50.3,77.4,65.2,71.0,86.0,69.7,62.4,2,55.8,1,0,0,0,9,57.1,1
STU1354,20,Female,Computer Science,B.Tech,8,8.66,1,79.4,60.2,71.2,71.6,67.2,57.0,43.8,59.2,51.2,76.1,43.4,93.2,67.3,1,21.7,1,0,0,0,126,64.4,1
STU1355,22,Male,Computer Science,B.Tech,8,5.65,0,67.3,55.9,49.2,70.1,52.7,28.4,73.5,65.2,58.5,98.0,78.7,77.3,78.9,5,94.1,4,0,0,0,245,84.0,1
STU1356,20,Female,Electronics,B.Tech,8,7.84,4,97.1,61.9,62.2,52.4,53.2,30.8,41.5,86.7,71.0,71.3,66.8,74.7,65.9,3,59.3,0,1,1,0,110,91.3,0
STU1357,21,Male,Information Technology,B.Tech,8,6.39,0,83.0,46.8,54.0,59.7,54.3,74.5,62.1,52.4,47.3,88.1,58.7,63.6,70.6,2,34.0,0,1,2,1,83,80.9,1
STU1358,23,Female,Electrical,B.Tech,8,5.64,0,95.6,34.5,31.6,46.4,82.6,49.5,51.1,97.8,27.7,74.3,75.6,70.9,73.1,3,50.9,0,1,1,1,281,72.6,0
STU1359,21,Female,Electronics,B.Tech,8,7.44,0,79.5,64.6,58.8,66.3,43.0,65.5,22.5,57.6,61.0,68.8,61.7,73.3,54.8,2,37.3,0,0,0,1,19,57.9,1
STU1360,21,Female,Electrical,B.Tech,8,8.31,0,73.6,61.8,51.5,64.3,52.0,35.3,70.1,51.5,55.7,71.8,75.0,63.3,58.3,4,79.4,1,1,1,1,127,96.4,1
STU1361,22,Female,Computer Science,B.Tech,8,6.27,0,84.6,53.9,58.4,56.2,53.6,28.5,10.0,69.9,61.1,55.3,51.1,68.8,70.1,1,30.4,1,0,0,0,4,62.6,0
STU1362,21,Male,Electronics,B.Tech,8,5.55,1,80.0,44.0,40.2,32.5,61.8,39.8,20.3,98.0,42.4,73.7,56.1,70.2,74.8,1,25.4,1,0,0,1,12,55.6,0
STU1363,21,Female,Computer Science,B.Tech,8,7.1,2,70.8,65.2,67.4,81.4,57.9,51.0,60.4,41.2,62.3,46.1,78.2,72.6,49.5,1,31.1,0,1,2,0,45,64.9,1
STU1364,23,Other,Civil,B.Tech,8,7.1,3,96.0,67.0,57.1,55.9,39.6,43.0,60.4,66.0,55.5,59.6,85.8,52.6,63.3,2,57.5,0,1,3,0,165,68.5,0
STU1365,21,Female,Electronics,B.Tech,8,7.8,0,76.1,69.2,61.5,89.1,56.0,78.3,41.8,74.7,69.7,71.3,64.5,70.5,65.3,1,38.6,0,0,0,0,103,47.3,1
STU1366,23,Male,Computer Science,B.Tech,8,8.24,2,64.5,71.0,64.2,85.1,60.5,58.2,54.4,68.5,70.6,84.3,26.0,67.8,80.2,1,45.0,2,0,0,0,285,67.5,1
STU1367,23,Male,Computer Science,B.Tech,8,7.13,0,94.6,79.0,84.0,78.3,52.6,88.3,11.5,73.3,86.8,87.2,62.2,71.8,88.7,5,92.7,2,1,1,0,7,98.0,1
STU1368,21,Male,Computer Science,B.Tech,8,9.24,0,77.2,81.9,76.6,90.9,72.3,62.3,63.3,57.9,74.4,67.2,65.5,83.4,68.0,4,96.0,2,0,0,0,63,90.8,1
STU1369,20,Female,Electronics,B.Tech,8,7.45,2,76.2,72.4,71.9,81.7,75.8,11.6,56.0,59.6,81.3,71.9,61.7,94.6,69.6,2,53.5,4,1,1,1,17,98.0,1
STU1370,20,Female,Computer Science,B.Tech,8,6.82,0,65.2,64.9,63.4,70.7,60.8,74.0,51.3,65.9,55.4,81.8,69.7,79.5,65.5,4,75.1,3,1,3,1,5,98.0,1
STU1371,20,Male,Information Technology,B.Tech,8,5.43,0,98.0,45.5,44.1,54.0,65.5,27.8,52.3,52.2,48.3,54.0,58.3,58.4,42.4,4,80.9,1,0,0,0,41,54.7,0
STU1372,20,Male,Computer Science,B.Tech,8,6.91,0,69.7,26.4,40.2,52.6,29.6,59.1,59.9,67.4,23.8,74.9,76.7,68.2,60.0,3,52.5,1,0,0,4,32,69.9,0
STU1373,22,Female,Electronics,B.Tech,8,6.83,0,82.6,60.2,43.7,54.6,55.7,41.1,51.5,62.6,48.0,60.1,48.7,78.6,55.4,2,46.9,3,0,0,1,52,72.8,0
STU1374,20,Female,Electrical,B.Tech,8,8.26,1,90.7,67.5,57.6,66.4,77.1,93.6,22.0,61.4,70.4,67.9,82.3,77.3,69.2,4,84.3,2,1,1,2,20,95.4,1
STU1375,21,Female,Electrical,B.Tech,8,7.71,0,86.0,48.3,50.2,50.8,55.6,80.9,87.1,72.5,53.4,64.5,86.7,82.9,68.1,2,56.1,1,1,1,1,64,73.2,0
STU1376,22,Female,Electrical,B.Tech,8,5.9,4,81.4,46.0,43.6,50.8,50.9,41.6,71.2,42.5,42.1,75.2,52.2,70.9,57.0,1,30.9,1,1,2,0,197,79.2,0
STU1377,20,Male,Computer Science,B.Tech,8,7.39,0,65.8,56.1,31.8,52.9,96.2,52.7,31.4,64.8,41.4,76.6,52.2,68.0,66.8,2,77.3,4,1,2,4,132,85.9,1
STU1378,22,Male,Computer Science,B.Tech,8,7.94,0,74.3,50.4,68.8,72.5,89.3,59.4,46.5,98.0,60.1,80.7,70.7,91.3,76.7,2,48.3,2,0,0,2,177,52.2,1
STU1379,21,Female,Electronics,B.Tech,8,8.88,0,83.8,84.6,76.2,91.4,69.0,70.5,48.2,52.8,83.0,74.2,48.4,72.6,74.8,4,63.2,1,1,2,0,216,94.7,1
STU1380,20,Female,Information Technology,B.Tech,8,8.18,0,74.5,69.8,75.0,65.0,79.1,55.5,69.3,86.0,78.7,72.1,58.1,60.8,72.4,3,77.1,4,1,1,0,56,96.8,1
STU1381,22,Female,Information Technology,B.Tech,8,8.04,0,83.9,74.7,60.3,77.1,28.6,36.6,17.5,68.8,65.2,92.2,80.4,88.2,83.0,4,86.1,4,1,1,0,163,98.0,1
STU1382,22,Female,Computer Science,B.Tech,8,7.27,1,88.5,54.9,46.1,58.8,50.2,42.1,44.0,59.6,42.4,51.7,75.3,55.5,52.3,3,67.3,0,1,1,2,160,83.0,0
STU1383,22,Female,Computer Science,B.Tech,8,7.63,2,91.1,53.2,54.2,65.7,55.0,54.9,23.8,49.5,54.5,90.3,92.7,35.0,55.2,2,45.4,3,1,2,0,22,85.1,1
STU1384,22,Male,Computer Science,B.Tech,8,8.57,2,70.4,55.8,57.0,49.6,58.5,77.2,47.4,70.0,54.1,66.5,67.4,80.5,69.1,3,68.9,3,1,1,1,224,94.7,1
STU1385,22,Male,Mechanical,B.Tech,8,5.73,1,98.0,27.3,33.9,54.0,54.7,62.7,44.4,88.3,24.1,76.9,56.4,82.0,72.3,1,51.2,0,0,0,1,48,46.3,0
STU1386,21,Male,Computer Science,B.Tech,8,6.82,1,89.3,48.2,48.0,54.5,23.7,41.1,53.3,62.6,49.6,66.1,65.7,76.6,56.9,2,52.0,2,0,0,0,2,83.0,0
STU1387,21,Male,Information Technology,B.Tech,8,6.35,0,82.0,55.1,54.1,59.6,67.8,66.7,42.3,66.9,53.5,61.6,62.9,57.7,58.7,3,50.3,1,1,1,1,118,84.8,1
STU1388,22,Female,Computer Science,B.Tech,8,7.62,1,92.4,62.7,57.7,73.1,70.2,48.0,40.0,82.1,61.7,75.8,63.1,71.4,71.3,2,20.0,2,0,0,1,108,57.2,1
STU1389,22,Other,Electronics,B.Tech,8,8.55,0,98.0,68.4,72.9,82.9,86.0,71.0,61.9,72.8,66.2,82.5,64.7,68.9,65.2,3,68.8,3,1,2,0,91,94.2,1
STU1390,24,Male,Computer Science,B.Tech,8,6.54,0,68.3,59.9,59.4,59.9,50.2,98.0,59.3,46.0,62.1,75.7,52.0,66.1,47.7,1,25.1,1,1,1,0,19,70.0,1
STU1391,21,Male,Mechanical,B.Tech,8,,0,79.9,35.0,43.7,43.9,48.9,48.5,60.8,69.4,32.8,63.5,69.0,87.5,67.1,3,64.0,1,0,0,2,75,48.4,0
STU1392,21,Female,Mechanical,B.Tech,8,6.75,0,59.4,68.7,67.4,65.6,21.8,69.4,49.2,89.2,63.9,98.0,45.3,60.5,81.2,1,26.9,3,1,1,1,40,64.7,1
STU1393,22,Male,Computer Science,B.Tech,8,8.2,0,83.8,57.2,58.6,63.0,57.6,41.6,42.9,67.5,56.7,84.4,55.0,75.5,82.7,2,41.2,4,1,1,1,353,98.0,1
STU1394,21,Female,Mechanical,B.Tech,8,7.79,3,85.5,70.7,72.2,66.8,75.5,53.0,50.1,30.0,80.2,81.2,63.3,85.1,71.4,2,42.3,0,1,1,0,167,69.7,1
STU1395,23,Female,Civil,B.Tech,8,7.67,0,81.6,70.4,65.3,67.7,52.8,55.5,60.0,73.4,71.8,65.8,33.4,76.2,77.3,2,43.3,3,1,1,0,138,97.7,1
STU1396,22,Female,Electrical,B.Tech,8,6.89,0,75.8,48.5,61.3,40.2,94.2,51.5,17.2,65.2,60.3,62.5,75.8,85.7,59.0,1,42.8,0,0,0,4,16,52.6,1
STU1397,21,Male,Electrical,B.Tech,8,5.79,0,62.5,52.2,60.6,62.7,58.2,98.0,58.3,42.4,63.5,66.6,36.3,78.2,47.9,2,55.7,1,1,2,1,39,68.4,0
STU1398,22,Male,Computer Science,B.Tech,8,7.77,0,85.5,74.2,63.9,75.1,64.2,49.5,56.9,44.5,87.1,83.0,74.4,76.7,59.2,3,52.9,2,1,2,0,54,69.7,1
STU1399,22,Female,Information Technology,B.Tech,8,6.28,0,95.8,60.2,36.2,46.1,41.6,65.6,53.0,81.7,48.4,58.1,46.9,76.0,55.9,2,39.3,2,1,1,1,65,87.9,1
STU1400,20,Female,Computer Science,B.Tech,8,9.6,0,76.4,75.0,73.2,84.9,66.3,20.3,49.6,57.7,81.2,57.2,59.3,78.7,47.9,2,53.8,2,1,2,1,3,93.7,1
STU1401,23,Male,Computer Science,B.Tech,8,7.83,0,86.2,81.0,73.6,60.3,32.3,62.8,10.9,55.3,82.4,76.5,72.3,67.8,66.4,2,60.5,0,0,0,0,86,57.7,1
STU1402,21,Female,Civil,B.Tech,8,6.56,0,67.1,65.6,40.5,72.0,72.4,75.6,45.0,67.5,58.0,73.8,95.0,57.7,60.7,4,90.4,0,1,3,2,58,74.1,1
STU1403,22,Male,Computer Science,B.Tech,8,6.53,1,86.3,59.6,60.9,62.4,72.9,45.5,80.6,59.0,69.1,60.8,66.6,82.5,52.5,4,70.0,3,1,1,0,109,98.0,1
STU1404,21,Female,Electronics,B.Tech,8,7.1,1,78.3,60.8,63.1,64.4,82.4,10.0,52.2,69.4,59.9,56.9,37.2,84.8,56.3,2,59.9,0,1,1,1,1,64.9,0
STU1405,22,Male,Electrical,B.Tech,8,6.94,0,74.8,69.5,79.8,68.9,46.7,54.3,47.1,65.2,72.2,87.3,78.4,74.8,77.1,2,32.2,0,1,1,0,37,69.8,1
STU1406,21,Female,Mechanical,B.Tech,8,8.43,0,74.8,59.0,58.7,62.6,64.4,55.3,52.3,51.2,60.4,74.3,61.8,66.0,64.8,2,48.0,2,1,3,0,141,91.3,1
STU1407,20,Male,Civil,B.Tech,8,7.41,0,78.3,53.6,50.6,76.1,70.5,68.0,57.7,60.8,51.2,53.6,66.0,54.9,49.5,1,39.9,2,1,1,2,54,89.2,1
STU1408,23,Male,Computer Science,B.Tech,8,6.4,1,85.6,46.7,38.4,58.4,68.6,91.2,62.5,74.2,44.1,54.5,72.8,72.9,57.3,2,29.2,1,0,0,1,149,57.9,0
STU1409,20,Male,Computer Science,B.Tech,8,9.28,0,69.5,92.7,73.4,93.5,49.0,48.2,48.3,68.6,90.9,65.7,33.8,57.2,69.7,1,55.9,0,1,1,2,94,71.2,1
STU1410,21,Male,Information Technology,B.Tech,8,7.25,0,78.2,45.0,42.9,56.1,26.1,39.6,58.8,66.9,41.6,78.8,65.1,55.6,64.7,1,48.3,3,1,2,0,151,80.1,1
STU1411,23,Female,Computer Science,B.Tech,8,8.05,1,81.6,69.8,67.9,71.3,67.2,34.0,78.8,95.1,67.3,77.1,59.3,71.8,75.8,2,56.5,4,1,3,3,1,98.0,1
STU1412,23,Other,Computer Science,B.Tech,8,6.53,0,71.6,40.3,40.3,41.9,59.7,58.6,68.1,78.2,41.2,83.6,82.1,63.6,61.0,2,40.3,0,0,0,0,29,65.2,0
STU1413,21,Male,Information Technology,B.Tech,8,7.6,0,98.0,61.0,67.0,60.1,53.5,63.6,89.4,79.9,62.9,52.1,75.2,75.8,75.1,1,34.3,1,1,2,1,62,63.4,1
STU1414,22,Male,Electrical,B.Tech,8,7.54,0,73.9,54.1,41.2,53.6,73.5,45.2,41.5,65.7,38.1,72.7,42.2,70.2,64.9,4,87.9,1,1,1,3,374,90.1,0
STU1415,21,Female,Information Technology,B.Tech,8,5.12,2,75.6,40.2,47.2,51.2,61.3,69.0,78.8,71.1,40.8,87.1,82.7,65.3,76.4,4,68.8,2,1,1,0,150,72.0,1
STU1416,21,Female,Computer Science,B.Tech,8,9.42,1,72.7,87.4,95.0,94.2,42.2,63.4,39.3,62.0,94.6,86.0,71.3,53.2,81.0,4,78.2,1,1,2,0,81,98.0,1
STU1417,21,Female,Electronics,B.Tech,8,8.62,0,98.0,71.3,77.4,89.0,33.0,55.8,57.7,78.9,81.5,74.3,43.3,62.6,75.6,2,59.1,2,1,2,4,13,90.9,1
STU1418,22,Male,Computer Science,B.Tech,8,6.76,0,87.3,65.5,55.6,75.1,45.1,38.8,63.7,66.5,54.8,98.0,65.8,63.0,78.8,0,20.0,1,0,0,4,41,43.7,1
STU1419,22,Male,Computer Science,B.Tech,8,5.99,0,73.1,64.1,64.6,63.6,97.9,46.3,43.8,71.1,58.6,77.3,79.5,58.5,60.6,1,38.3,1,0,0,2,45,65.2,1
STU1420,22,Female,Electrical,B.Tech,8,7.58,3,92.5,68.4,55.6,55.2,72.8,11.3,53.4,70.2,62.2,82.5,48.0,68.4,64.1,1,20.0,3,0,0,0,118,70.0,0
STU1421,22,Male,Electronics,B.Tech,8,7.3,3,83.9,58.9,62.0,71.7,64.8,59.2,66.6,67.7,50.1,70.5,84.3,59.4,62.3,1,25.6,1,0,0,1,42,60.0,0
STU1422,20,Female,Electrical,B.Tech,8,7.59,0,84.4,75.0,65.7,82.1,59.3,55.5,40.6,98.0,68.1,60.6,43.8,70.2,70.6,4,75.0,2,0,0,0,51,76.9,1
STU1423,21,Male,Computer Science,B.Tech,8,7.41,1,78.7,62.7,53.8,50.7,58.3,58.4,78.7,58.7,49.6,59.5,53.9,74.6,52.3,5,98.0,1,0,0,0,14,78.6,1
STU1424,20,Female,Electrical,B.Tech,8,7.76,0,74.9,63.1,51.4,77.0,79.5,64.1,29.8,58.5,64.1,72.2,51.8,62.9,63.8,3,58.0,0,0,0,0,5,63.0,1
STU1425,21,Male,Electronics,B.Tech,8,8.79,0,85.2,71.7,43.2,68.6,54.6,61.9,83.0,77.7,53.6,67.5,84.3,76.7,63.8,3,66.3,1,1,1,0,66,83.2,1
STU1426,21,Female,Information Technology,B.Tech,8,7.82,0,76.8,76.4,64.6,78.2,70.7,53.0,68.0,59.7,78.8,48.8,58.1,57.0,65.2,2,43.1,1,1,1,0,41,90.1,1
STU1427,22,Male,Electronics,B.Tech,8,6.05,0,98.0,56.2,54.1,64.3,56.8,55.9,50.6,63.9,60.7,57.7,48.7,59.8,73.3,3,59.7,1,1,1,0,92,74.3,1
STU1428,21,Female,Mechanical,B.Tech,8,8.7,2,69.9,79.0,70.6,89.2,91.1,29.7,45.6,52.8,71.6,66.2,71.2,70.8,55.9,4,92.5,2,1,2,1,164,93.6,1
STU1429,20,Male,Information Technology,B.Tech,8,9.0,0,96.6,57.2,65.0,76.4,73.1,44.5,43.9,74.9,55.7,78.7,74.3,79.6,74.3,2,38.5,1,1,1,1,4,84.0,1
STU1430,20,Female,Information Technology,B.Tech,8,9.9,0,80.9,95.5,90.2,94.4,80.7,55.9,49.8,75.1,91.9,69.8,74.3,81.5,78.4,1,42.6,3,1,1,2,53,98.0,1
STU1431,22,Female,Civil,B.Tech,8,5.96,2,84.8,45.4,55.2,52.5,53.2,41.8,51.2,63.6,49.8,69.1,61.2,89.7,63.2,1,35.0,1,0,0,0,154,61.9,0
STU1432,22,Female,Electrical,B.Tech,8,7.47,2,89.9,62.0,69.6,62.2,77.9,70.5,72.1,78.0,67.5,58.2,68.6,67.9,61.1,2,44.2,0,0,0,0,58,56.7,0
STU1433,20,Female,Information Technology,B.Tech,8,4.91,0,76.0,50.4,40.0,51.3,57.3,43.1,83.5,42.0,41.3,70.3,55.9,70.6,47.2,2,37.8,0,0,0,1,71,59.5,0
STU1434,20,Female,Electronics,B.Tech,8,7.81,0,90.2,70.6,57.1,68.5,63.7,58.9,55.2,58.1,67.6,85.8,88.4,60.6,70.3,4,68.5,3,0,0,0,88,84.1,1
STU1435,22,Female,Information Technology,B.Tech,8,6.6,0,56.3,57.3,70.4,56.3,86.5,57.1,38.5,65.6,65.2,71.9,81.0,58.2,63.9,2,42.6,0,1,1,0,47,64.7,1
STU1436,20,Male,Computer Science,B.Tech,8,9.32,0,75.2,61.5,79.0,65.1,46.4,68.4,43.3,51.6,68.5,51.9,80.2,74.5,60.9,3,63.5,0,0,0,1,13,68.5,1
STU1437,22,Female,Information Technology,B.Tech,8,6.35,3,73.2,85.6,77.2,75.8,65.0,71.2,49.1,43.5,77.8,55.0,76.1,63.5,56.7,0,26.0,0,0,0,0,8,56.4,0
STU1438,22,Male,Mechanical,B.Tech,8,5.34,2,70.1,58.7,48.5,63.5,68.6,67.5,35.5,63.7,52.7,77.1,72.3,85.6,65.3,2,47.0,1,0,0,3,19,72.0,0
STU1439,20,Male,Mechanical,B.Tech,8,6.68,0,80.0,60.3,67.3,63.0,69.8,17.1,33.1,77.7,59.7,67.3,47.6,55.9,64.7,2,47.7,1,0,0,1,151,63.3,1
STU1440,20,Male,Computer Science,B.Tech,8,5.03,0,85.7,31.2,34.0,43.7,55.2,76.5,85.6,85.9,32.9,69.1,73.9,77.3,64.6,3,64.2,0,0,0,0,37,50.6,0
STU1441,24,Male,Information Technology,B.Tech,8,8.03,0,88.7,69.0,64.6,57.4,93.3,82.5,56.8,60.3,67.2,62.6,66.6,60.9,57.2,2,54.8,1,1,1,0,284,80.1,1
STU1442,21,Female,Computer Science,B.Tech,8,4.93,2,84.3,38.7,41.8,39.7,42.6,46.3,38.7,78.3,41.6,76.0,82.7,63.0,67.4,5,98.0,1,0,0,2,249,62.6,0
STU1443,21,Female,Civil,B.Tech,8,7.23,0,75.7,73.9,71.9,75.6,83.9,59.3,65.1,76.9,81.7,66.4,76.3,77.9,79.2,3,51.1,2,1,1,1,132,82.0,1
STU1444,22,Female,Civil,B.Tech,8,4.91,0,85.5,37.7,33.5,44.3,80.2,39.0,33.1,85.1,34.9,67.8,72.7,64.6,64.3,3,62.2,2,0,0,2,145,56.9,0
STU1445,23,Male,Electronics,B.Tech,8,6.85,0,83.2,42.3,47.7,53.6,90.5,19.9,34.5,63.1,50.0,59.8,41.4,66.3,59.1,4,92.3,2,0,0,1,6,74.8,0
STU1446,24,Male,Electrical,B.Tech,8,9.01,0,90.9,76.6,75.4,63.1,38.2,41.7,39.2,42.8,77.1,81.1,63.8,63.1,72.8,5,81.8,1,1,2,0,126,98.0,1
STU1447,22,Male,Electronics,B.Tech,8,7.6,0,89.4,82.5,75.1,79.4,49.0,45.3,78.5,69.0,77.6,67.3,57.2,91.6,61.7,1,35.7,0,0,0,0,221,54.2,1
STU1448,21,Male,Information Technology,B.Tech,8,6.25,0,82.3,59.8,65.8,74.1,84.4,48.6,48.0,53.8,62.2,77.3,68.5,65.2,77.1,3,63.3,2,1,1,1,5,81.2,1
STU1449,20,Male,Computer Science,B.Tech,8,7.17,2,73.5,82.7,77.7,80.1,33.8,37.7,12.9,57.9,79.9,55.7,59.2,72.6,56.6,1,29.3,1,1,1,0,27,78.8,1
STU1450,22,Male,Information Technology,B.Tech,8,7.22,2,75.8,69.1,62.9,78.7,37.9,41.8,71.4,63.8,67.4,90.8,61.1,69.8,79.6,2,65.9,1,0,0,1,5,61.0,1
STU1451,21,Male,Electronics,B.Tech,8,7.72,1,76.8,63.6,62.8,68.2,54.7,54.8,47.1,63.3,58.4,85.3,71.4,74.4,76.4,1,35.4,3,1,1,2,66,81.6,1
STU1452,21,Female,Electronics,B.Tech,8,5.7,0,79.0,25.0,20.0,29.3,64.9,41.1,22.4,70.0,20.0,47.1,59.0,65.2,40.4,2,65.1,4,0,0,1,12,67.4,0
STU1453,23,Female,Information Technology,B.Tech,8,7.85,0,84.5,60.8,64.0,73.4,85.9,64.8,46.9,77.8,65.7,60.4,66.7,69.8,72.8,2,50.1,3,1,1,0,63,98.0,1
STU1454,20,Other,Civil,B.Tech,8,4.5,0,88.8,44.2,41.6,46.7,59.2,67.3,60.3,62.9,47.4,75.7,43.7,76.3,64.6,2,54.6,4,0,0,1,122,60.1,0
STU1455,21,Female,Computer Science,B.Tech,8,6.51,0,81.5,51.8,51.7,46.8,52.9,97.8,58.5,73.5,55.5,54.2,53.3,62.5,70.6,3,59.2,3,1,3,0,20,92.8,1
STU1456,20,Female,Information Technology,B.Tech,8,6.66,2,82.2,52.4,51.8,52.9,66.7,75.3,80.8,68.2,52.9,68.4,74.2,84.0,64.5,2,44.3,2,0,0,1,135,58.7,0
STU1457,21,Male,Electronics,B.Tech,8,7.9,0,83.4,62.5,47.2,72.2,69.0,59.4,38.4,81.1,58.7,75.1,47.8,85.0,67.9,1,39.1,1,1,1,1,5,78.4,1
STU1458,20,Female,Electronics,B.Tech,8,7.22,0,77.1,54.5,70.9,49.1,68.6,43.8,52.7,65.4,66.3,67.8,82.4,78.7,64.9,3,69.3,4,0,0,1,18,84.2,1
STU1459,20,Female,Electronics,B.Tech,8,5.65,2,73.2,43.9,54.9,55.0,59.3,60.3,40.8,66.9,53.3,76.5,78.6,72.8,56.7,2,56.0,3,1,1,0,32,88.3,0
STU1460,20,Male,Computer Science,B.Tech,8,,3,65.3,57.4,61.3,69.9,32.7,60.9,27.3,62.8,55.1,61.7,61.2,39.1,60.0,2,53.8,0,1,2,2,153,66.4,0
STU1461,22,Male,Computer Science,B.Tech,8,7.42,0,75.4,72.4,56.6,72.9,48.2,45.8,66.2,65.7,59.0,43.1,95.0,76.7,52.3,5,81.6,1,0,0,1,285,69.8,1
STU1462,22,Female,Electronics,B.Tech,8,7.11,0,86.5,68.2,62.1,65.0,83.3,69.1,59.4,57.0,63.2,81.8,82.4,67.7,70.0,1,26.9,0,1,3,0,19,62.2,1
STU1463,21,Male,Information Technology,B.Tech,8,6.56,0,75.3,50.7,48.5,56.5,64.8,29.8,56.5,55.6,49.5,81.7,51.7,69.3,55.4,2,58.5,4,0,0,3,10,80.0,1
STU1464,23,Female,Computer Science,B.Tech,8,6.67,0,79.7,71.3,52.2,56.3,57.2,50.6,58.8,78.9,60.5,98.0,75.4,51.1,77.1,3,45.4,1,0,0,2,215,82.3,1
STU1465,21,Female,Electronics,B.Tech,8,7.97,0,86.4,67.1,62.2,71.7,78.8,65.0,41.0,52.8,55.3,43.5,65.9,77.4,55.4,1,37.9,0,1,1,1,82,78.6,0
STU1466,21,Male,Information Technology,B.Tech,8,6.63,0,86.9,55.8,52.8,54.7,45.0,49.8,35.9,63.5,62.9,79.0,54.1,56.1,70.5,2,48.9,1,1,1,0,16,65.4,1
STU1467,22,Male,Electronics,B.Tech,8,7.1,3,71.7,63.6,72.3,80.2,58.6,51.3,52.6,82.2,66.6,46.4,50.0,73.3,53.8,3,73.5,4,0,0,3,93,85.8,0
STU1468,21,Male,Electrical,B.Tech,8,9.59,0,91.5,87.4,71.3,99.0,64.1,52.5,70.6,63.1,80.2,91.1,78.9,82.0,81.0,1,39.2,2,1,2,2,161,78.8,1
STU1469,23,Male,Computer Science,B.Tech,8,5.63,0,92.7,68.2,74.9,66.4,55.4,40.0,77.7,79.6,77.8,75.9,56.6,66.8,75.2,2,43.4,1,1,2,1,7,68.7,1
STU1470,20,Male,Computer Science,B.Tech,8,5.16,0,71.3,68.7,62.9,53.4,63.5,76.1,64.7,59.7,54.1,58.6,63.6,85.4,59.1,2,42.9,1,0,0,1,8,56.1,0
STU1471,23,Female,Electrical,B.Tech,8,8.06,0,74.2,60.2,66.9,68.0,59.2,36.7,52.5,53.3,61.0,79.4,52.1,63.8,53.6,3,59.8,0,1,2,0,36,85.1,1
STU1472,20,Male,Electronics,B.Tech,8,6.45,1,93.3,25.0,28.5,25.7,41.0,60.7,56.3,45.7,24.8,63.4,54.5,78.6,56.6,3,70.8,0,0,0,0,120,61.3,0
STU1473,22,Male,Electronics,B.Tech,8,6.85,0,80.6,70.8,56.0,75.2,64.7,62.4,52.2,86.4,61.7,73.6,63.2,57.6,73.2,4,57.0,1,1,2,0,26,81.6,1
STU1474,21,Male,Electrical,B.Tech,8,6.34,0,60.9,53.1,42.9,44.5,42.1,37.9,35.6,52.1,47.1,72.5,70.4,83.3,48.3,2,51.6,1,0,0,0,163,67.8,1
STU1475,24,Female,Electrical,B.Tech,8,6.91,0,68.7,52.4,49.5,49.2,64.5,56.3,52.4,78.5,58.2,90.9,28.8,81.6,77.0,3,56.2,1,1,2,1,158,77.4,1
STU1476,20,Male,Civil,B.Tech,8,8.96,1,79.6,76.2,80.5,80.1,82.6,38.6,30.6,54.0,81.7,91.8,65.2,77.2,79.1,3,66.9,1,1,1,0,94,98.0,1
STU1477,21,Male,Information Technology,B.Tech,8,8.08,0,71.0,60.3,62.8,75.6,57.8,80.0,50.0,86.4,66.3,62.8,54.6,67.7,77.2,2,53.4,0,0,0,2,12,51.4,1
STU1478,23,Female,Information Technology,B.Tech,8,8.15,1,78.1,83.5,75.3,72.2,44.4,34.5,78.2,98.0,79.6,82.7,84.6,56.6,83.2,5,78.4,3,1,1,1,450,98.0,1
STU1479,21,Female,Information Technology,B.Tech,8,5.64,0,82.3,41.4,29.3,27.8,60.1,43.2,65.2,44.4,28.4,74.3,95.0,67.7,51.9,4,77.7,1,0,0,0,89,56.8,0
STU1480,22,Male,Computer Science,B.Tech,8,5.93,0,95.9,33.7,43.2,71.1,49.5,33.0,37.2,52.8,28.1,53.0,60.0,84.2,46.1,1,36.6,0,0,0,0,47,42.0,0
STU1481,22,Female,Information Technology,B.Tech,8,4.5,0,79.2,34.5,50.7,50.3,70.9,30.6,50.8,78.8,35.0,61.6,40.9,73.4,67.1,3,65.9,0,0,0,1,450,48.9,0
STU1482,21,Male,Computer Science,B.Tech,8,6.31,3,92.2,52.3,63.6,59.5,59.8,83.6,38.6,75.2,59.7,98.0,66.6,54.9,76.1,3,63.8,0,1,1,0,227,87.4,1
STU1483,22,Male,Mechanical,B.Tech,8,8.25,2,95.6,79.3,72.7,85.2,87.6,64.8,51.0,78.9,76.2,74.3,62.1,59.6,69.8,2,37.8,0,1,3,0,59,88.5,1
STU1484,21,Male,Information Technology,B.Tech,8,7.77,0,95.6,52.0,62.5,61.8,79.4,57.5,68.7,60.0,56.2,82.0,92.6,85.8,69.1,4,69.3,1,0,0,1,72,82.1,1
STU1485,23,Male,Information Technology,B.Tech,8,6.96,0,84.7,49.3,53.4,61.3,59.7,43.2,62.4,95.8,49.5,67.5,88.3,77.4,64.4,3,51.2,2,1,1,1,11,86.1,1
STU1486,20,Female,Information Technology,B.Tech,8,7.18,0,63.3,59.7,58.5,61.3,72.7,71.3,91.7,69.7,69.2,63.5,77.1,58.4,73.5,3,70.5,1,0,0,1,298,69.2,1
STU1487,21,Male,Computer Science,B.Tech,8,6.44,0,86.4,56.3,62.4,60.4,56.1,40.2,71.1,51.0,55.2,70.3,56.8,52.6,73.7,1,33.8,1,1,1,1,145,79.9,1
STU1488,23,Male,Computer Science,B.Tech,8,7.43,0,92.0,76.6,80.8,77.1,62.5,69.3,55.3,64.5,83.3,66.8,74.5,65.1,67.6,2,49.5,3,0,0,2,36,77.3,1
STU1489,22,Female,Information Technology,B.Tech,8,8.04,2,81.2,45.6,49.1,43.4,56.6,39.3,62.8,51.2,47.4,52.1,68.7,51.6,42.6,2,32.9,1,1,1,0,134,81.3,0
STU1490,21,Female,Computer Science,B.Tech,8,5.42,2,98.0,47.9,46.8,62.8,73.5,43.4,48.8,90.3,47.0,58.0,68.4,70.3,66.3,3,64.7,2,1,1,4,164,91.6,0
STU1491,22,Male,Electronics,B.Tech,8,7.53,0,90.2,49.7,48.7,48.8,83.5,68.6,34.0,58.8,55.1,78.5,43.2,98.0,60.8,2,56.3,0,1,1,0,25,81.6,1
STU1492,21,Female,Mechanical,B.Tech,8,8.23,0,87.4,54.8,48.3,48.9,74.0,70.5,72.9,74.9,58.9,65.4,79.9,54.4,70.2,1,20.0,0,1,1,1,74,74.9,1
STU1493,21,Male,Mechanical,B.Tech,8,6.74,2,92.3,66.5,61.1,66.3,75.8,65.8,68.1,61.4,62.6,70.3,66.5,70.0,60.1,2,44.6,1,1,2,1,28,72.3,0
STU1494,21,Female,Electronics,B.Tech,8,7.97,1,85.2,72.7,69.6,67.4,75.8,36.1,48.1,59.4,75.1,72.8,63.6,86.4,71.1,2,34.3,0,1,1,1,150,72.5,1
STU1495,21,Female,Computer Science,B.Tech,8,9.9,0,58.3,87.9,74.1,90.3,70.3,47.0,56.4,41.3,82.8,73.8,56.6,80.2,64.8,3,60.8,3,0,0,4,19,83.9,1
STU1496,21,Female,Mechanical,B.Tech,8,7.09,0,77.3,63.1,71.7,76.1,44.9,57.8,71.9,76.4,67.4,83.8,53.9,70.4,73.9,3,56.0,0,1,1,0,126,82.0,1
STU1497,20,Male,Mechanical,B.Tech,8,7.63,0,93.4,59.2,39.6,72.0,87.5,39.7,65.5,86.2,50.4,56.8,69.4,70.4,61.9,2,53.8,1,0,0,0,38,71.2,1
STU1498,24,Male,Computer Science,B.Tech,8,6.39,0,74.3,50.9,67.9,60.4,89.1,79.7,28.6,55.2,56.0,76.8,40.5,59.3,72.9,1,36.7,2,1,1,0,3,62.0,1
STU1499,24,Male,Electronics,B.Tech,8,7.4,0,79.9,72.1,88.9,80.9,58.5,11.8,55.9,46.4,79.0,79.1,76.1,69.1,72.8,1,47.9,0,1,1,0,10,54.0,1
STU1500,22,Male,Computer Science,B.Tech,8,7.71,0,72.1,60.8,59.7,67.0,56.4,41.0,49.3,79.2,57.3,81.8,50.2,74.7,75.0,1,34.5,2,0,0,1,83,56.2,1
STU1501,21,Male,Electrical,B.Tech,8,7.41,0,98.0,71.2,66.9,75.1,71.2,45.8,69.8,45.0,73.6,53.0,36.2,84.2,49.5,3,68.4,1,0,0,0,31,65.4,1
STU1502,21,Female,Civil,B.Tech,8,6.08,0,98.0,44.1,51.9,40.7,70.3,10.0,68.5,85.1,47.5,73.1,90.5,65.2,77.2,1,29.4,2,1,1,2,78,81.9,1
STU1503,22,Male,Computer Science,B.Tech,8,7.43,0,73.6,55.3,42.2,55.9,59.0,29.9,73.1,55.3,42.3,90.6,53.0,69.9,71.8,2,39.0,2,0,0,1,51,65.5,0
STU1504,22,Male,Mechanical,B.Tech,8,8.81,0,83.4,66.1,57.9,49.9,43.2,66.3,34.1,52.6,58.4,68.8,54.9,61.6,58.2,3,73.3,1,1,1,0,135,91.3,1
STU1505,21,Female,Electronics,B.Tech,8,7.69,1,75.5,53.3,57.7,80.1,66.6,55.5,39.5,71.5,39.5,75.8,80.9,74.5,68.3,5,98.0,1,1,1,0,102,98.0,1
STU1506,23,Male,Civil,B.Tech,8,,1,87.8,86.8,76.0,78.4,70.3,83.3,69.8,53.5,78.9,79.4,91.0,80.6,79.1,5,98.0,1,1,1,0,55,88.9,1
STU1507,22,Female,Information Technology,B.Tech,8,6.94,0,86.8,64.4,64.6,66.8,72.9,82.8,42.5,58.1,64.7,57.7,43.5,78.9,53.1,5,96.3,0,1,3,3,24,98.0,1
STU1508,23,Male,Electrical,B.Tech,8,8.02,0,89.7,78.0,64.3,72.3,67.2,62.8,27.7,73.0,70.5,92.0,51.6,59.1,81.6,3,55.3,0,1,1,1,48,76.8,1
STU1509,22,Male,Computer Science,B.Tech,8,7.51,3,85.2,53.0,54.2,53.9,57.9,60.6,60.5,34.0,63.5,76.0,52.6,73.6,53.5,3,76.4,4,1,1,0,115,98.0,0
STU1510,22,Male,Computer Science,B.Tech,8,6.15,0,98.0,70.7,64.3,86.4,76.9,56.2,43.2,91.0,70.4,76.2,78.1,64.5,87.7,3,70.8,1,1,2,0,154,77.6,1
STU1511,21,Male,Computer Science,B.Tech,8,7.55,0,72.2,58.9,55.4,67.0,63.0,10.0,80.6,68.6,59.8,50.1,87.9,83.1,57.6,4,98.0,0,1,1,0,23,82.5,1
STU1512,23,Female,Civil,B.Tech,8,6.11,0,65.7,48.8,50.1,44.2,55.0,29.9,56.7,49.9,41.2,79.5,49.9,70.2,69.4,5,83.5,0,0,0,0,164,60.6,0
STU1513,22,Male,Electrical,B.Tech,8,6.5,0,78.3,48.2,61.1,70.2,59.3,56.8,54.6,53.8,52.8,76.1,84.8,55.3,60.3,2,58.6,1,1,1,2,19,76.6,1
STU1514,20,Female,Mechanical,B.Tech,8,7.41,0,67.1,52.8,57.1,74.1,35.8,66.1,46.1,81.9,52.5,89.5,55.1,69.6,70.0,2,55.5,0,0,0,1,24,77.7,1
STU1515,20,Male,Civil,B.Tech,8,7.53,2,67.8,75.8,74.3,75.5,59.3,60.2,77.5,76.4,71.1,66.3,69.7,77.0,70.3,2,46.6,1,0,0,0,73,67.4,0
STU1516,21,Male,Computer Science,B.Tech,8,5.89,0,72.5,47.9,51.5,49.9,72.3,38.9,57.7,87.4,45.7,58.1,47.2,74.7,66.5,3,78.6,0,0,0,2,39,60.7,0
STU1517,22,Female,Information Technology,B.Tech,8,8.36,0,73.2,64.2,57.7,63.1,67.1,71.9,45.5,58.4,51.9,61.8,63.3,66.4,56.5,3,69.0,0,0,0,0,124,63.1,1
STU1518,24,Male,Computer Science,B.Tech,8,7.83,2,72.9,66.0,66.2,85.5,84.8,81.7,39.3,72.2,59.7,63.9,63.4,65.6,71.6,4,70.6,2,1,2,0,412,98.0,1
STU1519,21,Female,Computer Science,B.Tech,8,6.42,0,86.9,44.4,48.7,48.0,58.1,71.9,50.8,74.0,50.9,56.6,60.6,61.1,58.2,2,48.8,3,0,0,1,15,68.9,0
STU1520,21,Female,Computer Science,B.Tech,8,5.51,0,77.2,69.8,80.5,78.0,69.3,72.8,36.4,77.7,74.4,85.5,70.4,67.7,69.2,2,40.5,1,1,1,0,81,70.5,1
STU1521,21,Female,Information Technology,B.Tech,8,7.04,0,80.3,72.2,61.4,64.8,73.9,44.9,68.5,83.8,64.3,85.9,50.9,62.6,81.2,5,90.3,2,0,0,0,385,85.1,1
STU1522,23,Female,Computer Science,B.Tech,8,6.71,0,90.5,50.9,60.7,45.3,97.1,74.4,23.1,58.0,55.8,67.7,52.6,82.7,57.4,1,42.0,0,0,0,1,15,37.3,1
STU1523,22,Male,Computer Science,B.Tech,8,7.32,0,74.7,54.6,51.0,74.3,64.2,57.6,49.8,66.4,58.6,65.3,71.1,62.1,59.2,1,44.9,2,0,0,0,36,61.5,0
STU1524,22,Male,Computer Science,B.Tech,8,6.8,0,79.5,36.3,34.7,36.3,46.3,64.2,61.8,59.5,35.5,48.2,83.8,73.3,56.9,3,67.2,0,1,1,0,15,67.6,0
STU1525,21,Male,Computer Science,B.Tech,8,4.99,0,85.5,36.2,37.0,39.0,74.7,61.6,57.5,67.3,39.3,78.4,64.7,72.6,73.3,1,27.5,2,0,0,1,80,53.2,0
STU1526,21,Female,Civil,B.Tech,8,6.77,0,63.6,55.7,54.3,47.5,90.0,52.8,40.5,77.8,50.8,89.8,72.1,82.4,72.1,2,53.8,3,0,0,0,106,63.3,1
STU1527,21,Other,Electrical,B.Tech,8,6.86,0,59.3,76.0,72.1,69.5,57.2,39.5,62.6,44.8,71.0,62.4,75.6,84.0,63.5,1,42.2,2,0,0,0,85,55.2,1
STU1528,20,Male,Civil,B.Tech,8,7.9,0,85.3,80.8,55.0,82.5,74.6,53.5,37.8,83.5,69.7,68.6,76.6,79.7,65.7,1,20.0,2,0,0,0,61,53.9,1
STU1529,22,Female,Information Technology,B.Tech,8,6.43,0,86.7,53.5,54.5,52.9,80.4,72.8,51.6,52.1,63.5,75.2,51.7,75.9,60.3,2,51.2,1,0,0,1,132,68.6,1
STU1530,22,Male,Computer Science,B.Tech,8,9.05,0,98.0,73.6,69.1,82.0,77.3,47.1,62.4,63.7,78.5,90.7,54.1,60.5,72.5,2,48.1,1,1,1,0,4,79.8,1
STU1531,24,Female,Electrical,B.Tech,8,5.1,0,83.5,42.2,36.1,46.3,63.9,71.1,59.4,85.4,42.1,72.4,55.3,60.2,55.1,2,59.5,2,1,2,2,303,68.4,0
STU1532,24,Male,Computer Science,B.Tech,8,8.64,3,89.8,60.8,63.4,81.6,51.5,68.3,41.2,72.6,62.9,72.3,92.0,62.7,70.3,1,38.9,1,0,0,2,20,75.8,0
STU1533,21,Female,Computer Science,B.Tech,8,6.95,0,80.1,67.7,66.8,86.7,60.8,49.6,71.2,72.8,74.3,72.2,72.1,80.3,72.5,3,69.8,0,1,1,0,15,82.3,1
STU1534,22,Female,Computer Science,B.Tech,8,8.15,0,84.8,69.0,65.4,66.1,68.9,80.0,53.4,51.5,71.2,52.9,71.5,72.8,52.2,2,45.2,1,1,2,2,272,65.3,1
STU1535,23,Male,Computer Science,B.Tech,8,7.29,1,97.8,63.2,49.7,64.9,75.6,48.6,63.9,53.4,45.0,52.6,70.1,81.6,58.5,2,50.0,2,1,2,1,170,93.2,0
STU1536,22,Male,Computer Science,B.Tech,8,8.45,0,61.8,55.0,54.3,58.6,67.0,82.2,76.5,81.2,49.4,60.3,46.5,83.0,62.2,1,44.4,0,1,1,0,113,87.0,1
STU1537,21,Male,Information Technology,B.Tech,8,6.77,0,85.9,54.2,63.5,63.9,56.3,62.8,69.9,59.8,60.5,82.2,92.1,64.0,66.0,2,49.4,2,1,1,1,11,92.5,1
STU1538,21,Male,Electronics,B.Tech,8,5.99,1,98.0,63.2,57.6,60.7,70.3,54.7,69.9,61.1,51.5,66.0,71.7,72.4,65.2,2,51.7,2,0,0,1,158,67.3,0
STU1539,20,Male,Computer Science,B.Tech,8,8.76,1,84.7,66.3,69.6,70.4,74.9,39.0,55.1,81.5,63.5,63.6,75.1,71.9,61.5,2,34.6,0,1,1,0,90,71.2,1
STU1540,23,Female,Computer Science,B.Tech,8,7.08,0,97.7,58.4,59.8,55.2,67.7,53.4,64.7,53.3,55.6,63.4,40.3,68.4,64.7,5,94.3,1,1,1,0,197,91.9,1
STU1541,22,Female,Electrical,B.Tech,8,7.44,0,76.0,58.9,76.2,73.5,49.5,51.3,55.4,71.8,66.3,68.3,75.9,66.1,69.3,4,59.9,4,0,0,0,450,74.2,1
STU1542,21,Female,Computer Science,B.Tech,8,8.56,0,81.7,37.4,72.0,74.3,59.3,32.4,32.7,68.6,53.3,90.4,60.0,85.0,84.3,2,44.8,3,1,1,0,21,84.3,1
STU1543,22,Male,Computer Science,B.Tech,8,6.06,1,82.3,61.7,54.5,68.1,76.2,51.1,56.8,68.0,56.7,68.2,46.5,72.6,71.8,0,20.6,1,0,0,0,42,39.4,1
STU1544,22,Female,Mechanical,B.Tech,8,7.86,0,60.9,54.0,55.5,71.2,41.3,40.5,56.1,60.7,58.9,60.6,51.6,72.1,62.9,2,57.7,1,1,1,1,134,75.4,1
STU1545,21,Female,Computer Science,B.Tech,8,6.55,0,70.9,51.3,56.1,61.4,30.6,65.5,61.3,59.9,52.4,70.3,47.3,63.2,58.0,1,25.0,0,1,3,0,44,67.5,0
STU1546,20,Male,Computer Science,B.Tech,8,7.05,2,71.6,49.1,53.9,52.7,84.6,78.5,50.0,52.9,49.6,91.1,47.1,79.4,61.0,3,68.7,0,1,1,0,6,74.6,1
STU1547,22,Female,Information Technology,B.Tech,8,7.28,0,89.8,74.4,68.3,70.5,69.7,32.9,39.8,74.8,64.6,64.0,65.8,60.9,59.9,2,64.7,1,1,1,0,11,74.2,1
STU1548,21,Female,Computer Science,B.Tech,8,5.55,1,90.3,69.3,78.1,61.2,71.1,85.8,62.5,58.6,78.8,55.8,59.6,77.0,69.9,3,58.6,3,0,0,2,105,66.9,1
STU1549,22,Male,Information Technology,B.Tech,8,6.34,0,85.1,61.1,58.2,73.3,45.8,52.7,31.0,81.6,56.3,64.0,69.7,77.3,66.7,4,64.5,4,1,1,0,44,98.0,1
STU1550,21,Male,Electrical,B.Tech,8,8.69,0,89.8,72.0,67.9,47.7,73.1,37.4,75.3,64.9,64.5,71.5,88.5,67.5,64.8,2,52.9,2,1,1,0,14,98.0,1
STU1551,22,Male,Computer Science,B.Tech,8,8.17,0,80.4,80.7,69.7,80.8,66.1,68.6,48.3,53.2,76.3,78.3,63.2,75.5,67.4,2,38.1,1,1,1,0,40,78.1,1
STU1552,21,Male,Information Technology,B.Tech,8,7.13,1,93.4,55.3,71.0,70.2,38.2,47.0,55.9,64.7,59.3,82.1,33.6,74.0,80.0,2,41.8,0,1,1,2,22,76.2,1
STU1553,21,Female,Information Technology,B.Tech,8,7.47,0,82.1,80.9,70.1,66.6,83.4,53.5,60.9,62.2,72.9,57.5,61.6,71.6,67.4,1,44.2,1,0,0,0,2,52.1,1
STU1554,22,Female,Computer Science,B.Tech,8,6.88,0,82.5,58.3,60.8,71.1,64.4,47.7,61.5,82.1,60.8,58.6,81.7,72.1,68.9,4,98.0,2,0,0,0,22,81.7,1
STU1555,21,Female,Electronics,B.Tech,8,8.69,0,79.5,52.3,45.9,47.9,56.1,40.3,29.5,62.8,47.5,66.1,63.8,72.7,62.9,2,40.0,1,1,3,0,206,79.9,1
STU1556,20,Male,Computer Science,B.Tech,8,6.98,0,88.5,42.0,44.8,51.3,56.3,68.0,65.2,64.1,55.0,78.2,86.4,73.4,65.0,1,27.6,2,0,0,0,1,55.2,0
STU1557,20,Male,Information Technology,B.Tech,8,7.46,3,78.0,72.2,63.9,81.5,31.8,49.8,56.9,87.8,67.7,54.9,71.3,72.7,69.3,3,60.6,2,1,2,1,169,98.0,1
STU1558,22,Female,Computer Science,B.Tech,8,8.46,0,91.3,74.3,67.5,77.7,70.9,29.1,41.8,75.1,74.0,62.7,39.3,59.9,69.2,1,29.5,2,0,0,0,109,56.0,1
STU1559,22,Female,Information Technology,B.Tech,8,6.34,0,71.2,55.8,34.1,32.4,65.9,64.9,40.0,91.3,35.2,62.9,66.5,70.3,62.8,1,54.3,1,1,1,0,65,49.7,1
STU1560,22,Male,Computer Science,B.Tech,8,8.91,3,71.6,61.3,63.2,65.9,59.1,33.3,46.7,85.6,57.9,81.3,69.2,74.9,81.7,2,44.7,2,1,1,1,22,94.5,1
STU1561,21,Male,Electrical,B.Tech,8,5.52,0,88.5,28.1,43.3,42.5,81.2,34.2,31.2,55.6,30.3,76.3,80.1,73.1,62.4,3,61.1,0,0,0,0,240,54.1,0
STU1562,20,Female,Computer Science,B.Tech,8,8.99,0,81.2,80.6,78.9,82.3,41.2,76.5,79.6,81.9,75.0,80.8,90.5,82.5,75.3,2,66.2,2,0,0,1,62,68.8,1
STU1563,20,Male,Information Technology,B.Tech,8,6.79,0,77.7,77.4,79.9,92.4,53.0,33.5,75.8,89.4,80.7,86.1,77.7,78.8,88.4,3,70.8,0,1,1,0,22,98.0,1
STU1564,21,Male,Information Technology,B.Tech,8,,1,90.5,66.4,71.6,81.8,49.2,13.3,59.2,89.5,74.2,66.3,71.2,62.4,76.3,1,44.9,1,0,0,4,44,62.6,1
STU1565,21,Female,Electronics,B.Tech,8,5.12,0,76.2,55.3,71.9,61.3,57.8,66.2,48.4,81.8,65.3,55.8,74.5,70.2,72.1,2,40.9,0,0,0,3,21,50.0,0
STU1566,21,Male,Information Technology,B.Tech,8,6.7,0,80.1,60.5,49.6,87.0,63.0,49.5,48.8,81.5,53.9,55.8,62.6,68.6,61.0,2,44.7,0,1,1,2,45,66.1,1
STU1567,21,Male,Electronics,B.Tech,8,6.06,0,95.3,67.2,49.1,62.9,68.5,51.1,64.1,63.8,55.0,47.9,44.5,72.0,57.9,5,84.6,4,1,2,3,103,98.0,1
STU1568,23,Male,Electrical,B.Tech,8,6.53,0,96.6,71.0,63.7,66.6,56.8,49.3,80.1,56.3,72.9,64.5,65.6,72.0,61.4,0,28.0,1,1,2,0,27,51.3,1
STU1569,21,Male,Mechanical,B.Tech,8,7.05,0,96.9,65.2,57.7,60.9,48.8,59.2,42.9,63.1,71.8,65.4,70.1,78.7,66.7,1,47.3,3,0,0,2,83,61.1,1
STU1570,21,Female,Computer Science,B.Tech,8,8.25,0,79.3,67.9,64.5,53.6,87.3,41.5,34.1,44.7,66.9,79.5,48.1,74.0,61.8,4,74.0,0,0,0,0,363,72.7,1
STU1571,22,Male,Information Technology,B.Tech,8,7.43,0,93.7,64.3,66.3,87.3,98.0,81.6,76.8,86.8,70.0,70.2,83.6,85.5,71.7,5,91.4,0,1,1,1,64,91.4,1
STU1572,21,Male,Electrical,B.Tech,8,7.54,0,73.0,81.3,75.3,91.5,64.1,28.4,23.4,64.0,80.0,64.1,79.1,74.7,71.0,3,61.8,1,1,1,0,50,83.0,1
STU1573,22,Female,Civil,B.Tech,8,5.99,0,73.4,50.1,45.3,42.0,50.6,63.0,35.9,86.1,51.5,68.6,45.8,62.9,64.9,0,20.0,1,0,0,0,80,42.4,0
STU1574,22,Female,Mechanical,B.Tech,8,6.23,1,59.7,61.0,40.1,48.4,84.1,66.6,48.1,50.8,44.7,57.5,84.1,66.9,63.5,2,43.3,2,1,1,3,73,85.3,0
STU1575,23,Female,Information Technology,B.Tech,8,9.18,1,97.9,73.0,61.9,82.9,40.3,41.3,27.0,83.2,65.0,82.3,60.7,78.6,79.8,2,57.7,1,1,3,0,54,72.5,1
STU1576,20,Male,Computer Science,B.Tech,8,6.39,1,73.8,65.9,52.0,56.3,57.0,36.6,69.8,61.1,60.9,60.6,54.1,54.2,58.3,3,56.2,2,1,3,2,192,81.3,1
STU1577,23,Male,Information Technology,B.Tech,8,9.02,0,80.8,75.2,77.2,72.0,51.6,73.3,65.7,50.0,82.3,56.3,80.1,57.2,65.6,0,20.9,1,1,2,1,133,70.9,1
STU1578,21,Other,Electronics,B.Tech,8,6.93,0,73.4,48.5,43.8,48.8,44.6,37.2,42.8,90.8,42.1,79.8,64.3,72.1,69.4,1,21.9,1,0,0,0,70,64.8,0
STU1579,21,Female,Information Technology,B.Tech,8,7.2,0,88.6,82.4,66.6,76.9,57.8,44.1,72.5,83.5,64.3,76.9,91.6,82.5,81.3,2,48.6,1,1,1,0,20,74.1,1
STU1580,21,Male,Information Technology,B.Tech,8,8.38,2,78.4,53.7,60.7,66.0,49.0,71.0,75.2,71.0,54.7,49.3,53.1,86.4,64.6,1,29.4,2,1,2,0,49,85.0,0
STU1581,24,Male,Electrical,B.Tech,8,8.6,1,69.6,69.7,61.1,75.8,62.2,55.6,50.2,68.5,70.5,80.3,40.8,69.6,78.5,3,52.8,2,0,0,3,80,80.1,1
STU1582,21,Male,Information Technology,B.Tech,8,7.08,1,86.2,49.6,50.1,67.4,62.4,22.7,44.8,74.2,41.9,61.1,61.1,83.7,59.1,3,72.9,1,1,2,3,65,67.6,1
STU1583,21,Female,Mechanical,B.Tech,8,6.77,0,68.4,74.9,69.6,79.7,52.7,86.4,88.2,70.7,66.4,,76.0,72.8,61.0,3,73.5,1,1,1,1,35,80.6,1
STU1584,22,Female,Information Technology,B.Tech,8,7.14,0,74.0,64.9,54.7,67.0,56.4,45.5,63.5,56.9,60.6,72.2,52.0,55.2,58.7,2,40.3,2,1,2,2,61,67.6,1
STU1585,21,Male,Computer Science,B.Tech,8,7.57,0,62.0,64.3,46.4,66.4,58.5,47.8,56.1,62.2,54.8,77.0,46.4,71.9,61.7,4,77.8,3,1,1,0,78,98.0,1
STU1586,20,Male,Information Technology,B.Tech,8,8.18,0,68.5,75.6,73.4,83.9,74.1,59.6,73.8,95.5,77.5,75.3,68.2,65.2,90.8,1,35.4,0,0,0,0,18,51.9,1
STU1587,20,Female,Electrical,B.Tech,8,7.2,0,83.7,68.6,59.3,65.4,59.8,66.3,56.8,98.0,57.8,69.4,44.5,82.1,88.1,1,20.0,2,1,2,0,182,86.3,1
STU1588,20,Female,Computer Science,B.Tech,8,7.88,3,63.3,66.2,69.8,69.2,74.4,90.3,43.9,89.9,66.4,64.9,69.3,71.7,75.9,2,36.0,1,0,0,1,208,64.1,1
STU1589,21,Male,Computer Science,B.Tech,8,9.0,0,67.9,83.2,84.1,90.6,70.8,25.1,53.3,74.7,89.6,74.9,60.2,57.9,77.7,0,32.9,1,1,1,0,86,68.8,1
STU1590,20,Female,Civil,B.Tech,8,7.62,0,82.0,51.6,55.7,52.1,70.6,69.9,68.6,63.3,47.7,68.6,71.9,55.5,61.0,1,24.3,4,1,1,1,40,96.1,1
STU1591,22,Female,Computer Science,B.Tech,8,7.54,0,76.8,66.8,52.6,73.3,82.8,68.4,20.1,56.8,67.1,91.7,45.6,71.8,74.4,2,62.6,2,1,1,1,44,76.2,1
STU1592,21,Male,Information Technology,B.Tech,8,5.53,2,98.0,32.7,31.6,45.4,45.2,52.5,47.4,57.7,26.8,77.0,83.2,45.4,70.7,4,66.5,2,0,0,0,166,77.3,0
STU1593,21,Female,Information Technology,B.Tech,8,4.5,0,98.0,30.0,30.5,24.9,54.9,69.2,74.1,60.3,34.5,58.9,62.4,66.3,61.5,4,86.6,1,1,1,0,124,80.7,0
STU1594,22,Male,Information Technology,B.Tech,8,7.63,0,73.8,74.5,78.3,83.9,88.4,71.8,43.8,98.0,74.5,64.3,75.7,74.5,85.4,2,46.9,0,1,1,0,88,72.6,1
STU1595,21,Female,Electronics,B.Tech,8,7.1,2,87.3,70.7,82.7,81.6,58.1,30.1,76.7,93.3,71.0,70.6,78.4,60.4,87.8,1,33.3,2,1,1,2,10,65.7,1
STU1596,22,Female,Computer Science,B.Tech,8,6.63,0,89.1,55.8,58.1,55.5,19.8,86.5,74.6,78.4,54.5,85.6,48.8,82.9,80.2,1,53.6,3,1,2,0,75,88.5,1
STU1597,21,Female,Information Technology,B.Tech,8,7.47,0,76.3,67.6,81.2,83.7,59.0,26.9,51.0,54.6,77.1,86.9,77.4,85.1,75.2,2,37.5,2,1,1,0,223,86.9,1
STU1598,21,Female,Information Technology,B.Tech,8,7.13,0,67.8,49.2,58.3,63.6,64.0,34.6,42.9,80.5,53.7,65.2,45.0,60.8,63.3,1,40.9,0,1,2,2,7,62.3,1
STU1599,20,Male,Electronics,B.Tech,8,8.44,0,81.9,66.2,72.5,61.0,22.7,50.3,47.4,64.7,74.9,58.8,45.8,68.7,64.6,1,40.5,1,0,0,0,32,64.7,1
STU1600,21,Female,Computer Science,B.Tech,8,7.29,1,80.4,65.6,54.8,69.1,82.0,89.6,94.6,37.9,67.4,57.3,92.5,82.9,53.3,3,98.0,1,0,0,0,81,76.2,0
STU1601,21,Female,Information Technology,B.Tech,8,6.38,1,77.9,49.3,48.0,47.4,51.3,49.5,82.0,72.0,42.7,73.0,80.6,72.0,56.5,2,39.2,1,1,1,1,111,75.4,0
STU1602,21,Male,Computer Science,B.Tech,8,8.29,0,86.2,62.6,69.2,79.3,66.9,54.4,54.0,56.2,59.6,97.6,94.0,56.7,75.7,1,28.7,0,1,1,1,7,75.1,1
STU1603,20,Female,Computer Science,B.Tech,8,6.96,0,74.9,63.4,68.7,65.9,58.6,80.8,42.3,56.7,59.5,76.5,59.8,70.4,63.3,3,73.2,0,1,2,1,235,86.1,1
STU1604,20,Female,Computer Science,B.Tech,8,7.78,0,71.1,64.6,68.9,69.0,42.7,49.6,53.9,64.5,62.3,50.9,66.4,62.6,66.5,3,63.0,2,0,0,0,5,86.4,1
STU1605,21,Male,Computer Science,B.Tech,8,6.67,0,83.0,60.3,68.1,76.4,45.9,33.8,55.9,61.0,69.7,61.3,72.4,84.2,60.0,2,45.4,2,1,3,0,187,78.7,1
STU1606,21,Female,Electrical,B.Tech,8,6.49,0,85.7,76.4,51.4,70.4,48.0,47.5,32.1,67.5,66.7,62.5,64.8,78.7,62.6,1,44.6,2,1,1,1,2,63.3,1
STU1607,21,Female,Computer Science,B.Tech,8,7.29,0,70.8,71.4,56.2,59.4,78.3,79.7,53.3,66.8,61.1,60.1,54.6,68.5,56.7,4,77.3,3,0,0,0,22,70.7,1
STU1608,21,Male,Mechanical,B.Tech,8,7.21,0,90.8,59.7,53.1,48.4,59.8,56.3,73.2,41.7,56.3,65.3,52.5,73.6,64.1,3,56.1,1,1,1,2,184,77.3,1
STU1609,22,Other,Civil,B.Tech,8,7.73,1,65.2,61.9,47.8,53.1,54.2,89.8,23.2,89.3,61.9,74.4,68.0,57.6,60.7,1,42.3,3,1,1,0,153,75.4,1
STU1610,20,Male,Information Technology,B.Tech,8,6.9,0,76.5,53.8,81.5,66.0,48.0,68.3,65.2,54.2,77.2,78.2,50.1,63.7,74.8,2,53.8,2,0,0,0,387,52.1,1
STU1611,22,Male,Computer Science,B.Tech,8,5.18,0,79.5,35.3,44.3,48.5,79.9,43.4,74.0,54.7,41.1,83.1,49.7,89.1,55.3,2,46.9,4,0,0,0,12,81.5,0
STU1612,22,Male,Information Technology,B.Tech,8,6.72,0,76.0,51.2,55.3,54.1,84.0,55.9,43.0,63.4,40.0,76.3,70.5,72.6,63.1,2,46.4,1,1,1,2,72,80.1,0
STU1613,20,Female,Electrical,B.Tech,8,8.07,1,76.6,76.5,62.9,62.1,79.8,39.6,79.1,66.5,71.2,46.6,63.7,82.2,58.7,2,40.9,1,1,1,1,8,77.1,1
STU1614,22,Female,Information Technology,B.Tech,8,6.87,0,98.0,75.8,73.7,84.3,69.4,43.0,41.0,88.4,79.4,57.3,78.1,74.6,73.1,2,57.3,2,1,1,0,16,80.2,1
STU1615,23,Male,Computer Science,B.Tech,8,6.93,0,73.9,40.8,46.5,49.8,66.3,98.0,59.1,71.8,44.8,68.1,59.1,86.5,64.1,3,61.4,3,1,2,1,22,75.4,1
STU1616,20,Male,Information Technology,B.Tech,8,8.29,0,98.0,52.0,53.3,74.8,43.8,73.3,47.1,75.9,56.3,71.8,56.9,50.0,68.4,2,42.3,2,0,0,0,6,80.4,1
STU1617,21,Female,Electrical,B.Tech,8,6.42,1,86.2,55.8,52.0,60.5,58.3,70.5,47.1,71.8,55.7,80.3,70.9,69.9,65.4,0,20.0,2,0,0,0,134,38.1,0
STU1618,22,Male,Electrical,B.Tech,8,5.5,0,82.9,45.3,39.8,61.3,51.7,43.8,42.1,71.2,36.4,70.5,53.6,90.1,60.5,0,23.9,1,0,0,0,8,50.1,0
STU1619,22,Female,Computer Science,B.Tech,8,7.02,1,86.5,63.7,69.6,55.8,34.6,83.3,63.2,72.3,62.2,70.6,55.8,82.5,71.0,2,44.9,2,1,1,0,95,66.4,1
STU1620,21,Female,Electronics,B.Tech,8,6.67,3,98.0,56.4,69.1,51.8,77.9,74.8,65.6,40.9,61.1,72.9,56.3,86.6,63.3,2,29.9,2,1,2,0,94,76.4,0
STU1621,21,Male,Computer Science,B.Tech,8,6.14,1,72.6,66.6,62.2,56.5,51.6,88.9,51.0,64.5,69.7,66.9,62.1,71.9,64.4,1,23.0,2,0,0,0,17,67.5,1
STU1622,21,Female,Computer Science,B.Tech,8,7.01,0,71.4,43.7,36.1,60.0,79.9,88.0,30.2,84.3,36.1,71.0,89.8,66.1,68.9,3,62.7,2,1,1,0,450,73.0,1
STU1623,21,Male,Mechanical,B.Tech,8,7.74,0,74.8,60.4,63.1,78.4,75.2,28.4,58.5,98.0,64.0,83.5,45.7,60.7,82.3,1,32.9,0,1,1,0,33,69.8,1
STU1624,22,Other,Computer Science,B.Tech,8,7.19,0,82.3,68.7,73.4,61.3,70.4,35.0,58.8,51.1,72.6,69.0,83.1,59.9,66.2,3,62.6,2,1,1,0,268,91.8,1
STU1625,21,Female,Computer Science,B.Tech,8,7.54,4,65.6,66.4,77.8,69.6,71.2,36.9,48.5,73.9,80.0,69.6,75.3,80.9,71.1,3,61.2,1,1,1,2,338,87.9,1
STU1626,21,Female,Computer Science,B.Tech,8,9.19,0,82.2,92.2,98.8,89.3,52.8,38.0,81.9,60.0,95.3,69.6,86.9,77.6,69.2,1,20.2,4,1,1,1,232,93.3,1
STU1627,22,Male,Mechanical,B.Tech,8,6.82,0,98.0,69.2,73.6,54.1,89.9,60.8,27.0,96.7,62.6,85.6,95.0,71.3,86.3,3,56.3,2,1,1,3,159,89.2,1
STU1628,20,Female,Electrical,B.Tech,8,7.51,0,83.4,58.2,61.8,72.1,62.6,44.8,16.5,49.0,63.2,56.7,85.0,77.6,63.2,5,98.0,2,1,1,0,44,93.2,1
STU1629,21,Male,Electronics,B.Tech,8,6.64,0,79.2,47.0,51.7,54.1,66.5,92.3,40.3,76.7,60.0,91.3,78.0,73.6,77.7,1,45.4,4,0,0,0,10,83.0,1
STU1630,22,Male,Electrical,B.Tech,8,6.27,0,76.1,52.1,42.0,51.9,52.3,89.3,63.4,48.3,50.6,55.9,46.6,82.6,44.5,4,85.8,0,0,0,1,111,52.2,0
STU1631,22,Male,Computer Science,B.Tech,8,6.56,0,90.5,63.3,51.1,42.8,48.0,54.9,35.1,63.5,53.3,62.1,48.4,82.5,64.1,2,54.9,1,1,1,1,43,84.5,1
STU1632,21,Female,Information Technology,B.Tech,8,6.67,0,74.2,65.6,69.2,78.1,69.2,90.2,36.3,67.5,62.0,78.9,70.0,60.3,70.6,2,59.0,2,0,0,1,171,66.2,1
STU1633,21,Female,Information Technology,B.Tech,8,7.6,1,98.0,69.5,60.5,65.6,65.3,81.8,67.2,83.0,60.2,82.4,41.2,75.0,80.3,0,20.0,1,1,1,1,82,74.3,1
STU1634,20,Female,Computer Science,B.Tech,8,9.78,0,98.0,75.7,64.5,79.8,50.2,46.9,59.4,52.9,80.1,53.2,73.6,53.6,54.3,3,65.3,1,1,1,1,37,98.0,1
STU1635,21,Female,Information Technology,B.Tech,8,6.41,0,84.4,44.6,49.7,42.4,40.4,18.8,58.0,77.3,45.5,56.9,35.1,73.5,63.0,2,38.8,3,0,0,2,2,72.1,0
STU1636,21,Male,Mechanical,B.Tech,8,6.74,0,81.9,65.0,60.7,65.8,43.0,51.1,64.5,68.3,59.5,73.3,81.1,78.6,64.9,3,54.0,1,1,1,1,31,74.5,1
STU1637,21,Female,Computer Science,B.Tech,8,7.13,0,91.8,63.2,66.0,68.7,79.9,43.4,45.2,71.8,63.8,98.0,60.5,57.5,77.6,3,68.7,0,1,2,3,95,76.2,1
STU1638,21,Male,Computer Science,B.Tech,8,7.64,1,92.4,71.4,64.3,75.1,52.8,58.7,45.9,81.4,66.3,85.0,66.8,67.4,68.3,2,59.5,1,1,1,3,8,67.9,1
STU1639,21,Female,Computer Science,B.Tech,8,7.49,0,74.3,67.4,76.8,71.0,56.9,56.6,65.0,50.0,79.9,67.0,54.5,72.1,67.9,1,33.1,0,1,1,0,84,67.6,1
STU1640,20,Female,Computer Science,B.Tech,8,8.61,0,77.0,88.5,75.2,93.2,83.8,56.1,30.5,79.3,76.8,41.0,38.4,74.6,65.0,1,51.5,1,1,1,0,87,81.0,1
STU1641,21,Female,Mechanical,B.Tech,8,4.53,0,69.4,38.5,47.2,34.3,45.2,64.4,17.7,60.0,48.8,71.0,82.3,68.9,63.1,1,37.1,0,0,0,0,14,48.0,0
STU1642,21,Female,Information Technology,B.Tech,8,4.57,2,85.9,36.1,28.4,40.3,51.1,33.2,45.1,83.3,32.9,74.3,83.7,59.1,64.9,4,72.2,3,0,0,0,120,73.4,0
STU1643,21,Male,Information Technology,B.Tech,8,6.65,0,88.3,41.8,34.6,53.1,50.5,62.4,66.9,72.7,44.2,65.4,60.1,71.4,53.8,1,24.1,1,0,0,0,73,41.6,0
STU1644,20,Male,Electrical,B.Tech,8,8.41,1,69.2,71.6,73.1,78.3,86.3,47.1,56.1,65.1,80.3,59.8,74.3,53.8,71.2,2,60.2,0,1,1,0,62,74.1,1
STU1645,22,Female,Computer Science,B.Tech,8,5.48,0,77.7,35.4,23.3,30.6,91.9,58.6,65.7,59.7,29.8,71.9,59.5,69.4,59.6,2,51.3,1,0,0,0,294,50.6,0
STU1646,21,Male,Information Technology,B.Tech,8,4.5,0,69.2,38.7,27.0,29.6,73.3,72.2,19.7,79.5,31.3,58.7,69.0,67.1,50.7,4,86.8,2,0,0,1,15,55.5,0
STU1647,22,Male,Information Technology,B.Tech,8,7.83,0,73.5,64.8,51.1,57.4,73.8,33.0,57.0,85.7,58.3,92.5,75.6,70.5,81.2,2,23.4,1,1,2,0,50,73.6,1
STU1648,22,Male,Information Technology,B.Tech,8,7.47,2,87.2,64.0,50.5,37.9,53.3,49.9,62.5,60.5,56.8,88.2,72.8,65.8,73.8,5,97.4,1,1,1,1,322,93.9,1
STU1649,21,Female,Civil,B.Tech,8,6.0,0,75.0,35.4,48.4,53.1,91.2,52.9,30.4,52.1,33.6,77.9,83.8,55.4,58.5,3,59.9,3,1,1,0,56,97.3,0
STU1650,20,Male,Electrical,B.Tech,8,6.12,2,79.1,51.8,60.6,68.1,66.0,45.7,65.8,77.7,64.0,71.1,72.3,68.0,68.2,4,66.1,1,0,0,2,73,60.9,0
STU1651,21,Male,Information Technology,B.Tech,8,6.13,0,66.5,64.2,52.3,63.7,74.8,71.2,50.2,47.7,59.5,62.1,65.4,82.2,58.0,1,34.4,1,1,2,2,86,59.5,1
STU1652,21,Female,Electrical,B.Tech,8,7.32,0,83.8,63.3,64.4,68.5,60.4,42.0,95.0,49.7,58.0,69.8,54.3,85.9,53.1,1,45.9,2,1,1,0,85,72.5,1
STU1653,22,Female,Computer Science,B.Tech,8,6.51,0,81.6,56.3,55.6,43.7,58.0,45.0,17.2,53.1,45.6,89.7,58.3,98.0,62.0,1,57.7,1,0,0,3,2,57.7,0
STU1654,21,Male,Computer Science,B.Tech,8,7.74,1,75.1,59.3,54.5,61.3,86.9,42.2,73.9,62.2,45.3,80.4,76.3,90.6,61.2,2,52.4,0,1,1,0,58,85.7,1
STU1655,20,Male,Computer Science,B.Tech,8,4.5,0,80.2,50.9,36.2,52.6,70.1,74.7,45.7,49.3,47.4,72.4,44.0,58.8,43.8,3,57.9,0,0,0,2,46,52.3,0
STU1656,21,Male,Computer Science,B.Tech,8,6.26,2,83.7,57.5,50.8,58.3,83.8,46.1,26.1,40.9,51.1,81.1,80.5,67.5,66.5,1,27.3,3,0,0,1,77,50.5,0
STU1657,21,Male,Information Technology,B.Tech,8,5.96,2,74.3,32.4,35.9,40.2,65.8,63.3,43.6,52.1,31.9,76.5,61.1,71.7,45.1,1,44.6,3,0,0,0,63,51.0,0
STU1658,22,Male,Electronics,B.Tech,8,6.92,3,68.0,71.0,75.8,77.8,49.3,90.6,56.4,77.0,75.8,74.8,53.5,71.1,77.8,2,40.0,0,0,0,0,101,59.2,1
STU1659,21,Female,Mechanical,B.Tech,8,6.61,0,98.0,57.1,62.4,62.2,53.2,53.7,68.6,50.2,57.2,81.8,49.6,72.8,71.4,1,41.2,1,0,0,0,83,63.4,1
STU1660,21,Female,Information Technology,B.Tech,8,8.08,0,76.0,65.5,66.2,67.9,63.5,75.0,79.6,63.2,68.6,76.2,74.4,98.0,67.5,2,52.9,0,1,1,2,28,91.8,1
STU1661,24,Female,Information Technology,B.Tech,8,5.15,1,81.1,27.0,29.8,31.6,52.6,85.1,74.8,95.3,28.9,80.3,64.8,60.1,65.6,0,21.8,2,0,0,1,17,39.1,0
STU1662,22,Male,Computer Science,B.Tech,8,7.25,0,91.6,72.3,53.1,75.6,45.4,73.5,36.6,67.3,62.3,71.9,87.2,64.2,66.3,3,49.3,0,1,1,0,53,80.1,1
STU1663,21,Female,Computer Science,B.Tech,8,7.81,0,98.0,70.9,66.3,65.0,80.0,54.7,70.1,72.8,60.7,67.0,47.3,90.1,68.5,2,46.4,0,0,0,0,27,53.0,1
STU1664,20,Male,Information Technology,B.Tech,8,9.24,0,70.2,89.0,92.8,83.5,53.8,66.6,58.3,54.8,86.8,63.4,56.9,65.2,75.7,2,35.4,2,1,2,0,110,82.8,1
STU1665,21,Female,Information Technology,B.Tech,8,6.67,0,86.3,52.6,35.2,50.8,64.1,31.8,41.5,98.0,46.9,62.0,63.7,76.3,49.0,1,29.1,1,1,1,0,72,62.8,1
STU1666,21,Female,Electrical,B.Tech,8,7.56,0,75.3,56.7,49.7,57.8,66.4,41.0,48.6,60.4,49.8,50.7,54.5,83.4,47.8,1,44.2,0,1,1,3,19,67.6,0
STU1667,21,Male,Computer Science,B.Tech,8,5.22,0,76.9,46.9,44.7,62.5,53.2,44.1,40.6,64.8,51.8,59.1,65.1,77.4,59.9,3,77.3,2,0,0,0,246,56.8,1
STU1668,21,Female,Computer Science,B.Tech,8,4.57,0,75.2,43.6,45.1,48.9,83.8,95.3,52.6,86.4,56.1,58.7,69.5,74.1,63.2,3,67.1,2,0,0,0,70,81.1,0
STU1669,21,Male,Information Technology,B.Tech,8,8.13,0,71.3,68.8,62.8,72.0,45.2,40.4,40.3,65.5,69.1,63.9,71.8,82.3,68.6,2,44.3,2,1,1,3,13,81.8,1
STU1670,21,Female,Computer Science,B.Tech,8,7.19,0,81.6,76.2,64.3,59.5,65.9,40.1,35.6,68.7,77.7,88.7,86.1,62.2,77.0,2,65.9,3,0,0,0,23,78.7,1
STU1671,22,Male,Computer Science,B.Tech,8,8.5,0,68.0,77.6,68.5,81.2,65.7,36.2,59.7,64.1,76.7,68.1,46.8,66.5,66.2,1,29.2,1,1,1,0,61,72.7,1
STU1672,20,Male,Electronics,B.Tech,8,5.69,0,91.0,55.8,47.1,48.0,61.2,65.1,62.1,64.2,48.8,72.9,69.7,77.9,60.7,4,68.6,0,0,0,0,55,80.6,1
STU1673,21,Female,Computer Science,B.Tech,8,7.77,0,82.5,77.6,68.4,77.6,42.5,57.6,49.0,73.2,74.0,73.3,55.9,49.2,85.8,3,72.0,0,1,1,1,217,83.8,1
STU1674,21,Male,Electronics,B.Tech,8,9.26,0,86.0,77.0,77.2,98.6,75.1,74.6,73.9,75.7,87.2,89.1,71.0,87.6,90.7,2,54.6,1,0,0,1,66,77.7,1
STU1675,24,Female,Computer Science,B.Tech,8,7.66,0,77.6,63.5,54.2,70.8,73.2,67.1,47.8,59.0,56.2,63.1,71.0,75.3,62.2,4,74.6,0,1,1,0,326,80.9,1
STU1676,20,Male,Computer Science,B.Tech,8,7.5,0,78.5,80.4,75.2,64.5,51.9,30.2,47.2,57.3,72.6,67.3,51.2,73.7,67.1,1,36.0,1,1,1,1,8,81.8,1
STU1677,21,Female,Information Technology,B.Tech,8,7.21,1,84.7,34.8,44.4,31.2,72.6,40.5,62.6,59.5,33.9,68.7,52.4,54.1,61.9,3,69.4,0,0,0,2,126,66.5,0
STU1678,23,Female,Electrical,B.Tech,8,5.47,0,70.9,66.7,55.5,65.4,67.6,79.6,49.9,48.4,60.0,83.6,72.2,57.8,69.6,5,97.0,1,0,0,1,325,67.8,1
STU1679,22,Male,Information Technology,B.Tech,8,8.69,1,78.6,74.2,68.9,53.5,42.8,51.3,53.4,45.7,66.5,86.1,65.3,67.6,71.3,2,54.6,0,1,2,2,33,71.1,1
STU1680,22,Male,Electrical,B.Tech,8,6.53,0,73.8,56.9,46.3,58.7,49.2,76.4,11.7,72.2,60.0,75.7,61.9,80.9,61.3,0,20.0,1,0,0,0,9,48.2,0
STU1681,21,Male,Computer Science,B.Tech,8,7.75,0,73.5,74.0,74.3,68.9,79.1,52.3,52.3,81.1,75.2,84.8,74.2,49.2,91.2,3,70.3,2,1,1,0,70,86.4,1
STU1682,21,Male,Electrical,B.Tech,8,5.48,0,62.0,46.7,38.9,49.7,66.6,37.6,22.8,80.2,47.7,72.1,75.2,80.7,66.0,0,20.2,1,0,0,1,195,52.9,0
STU1683,22,Male,Computer Science,B.Tech,8,5.9,0,94.7,64.0,42.0,55.5,53.5,49.5,32.5,34.7,51.5,67.9,57.6,68.0,62.3,4,75.3,1,0,0,0,132,65.7,1
STU1684,23,Female,Electronics,B.Tech,8,8.78,0,75.5,61.9,67.0,83.1,49.1,37.6,30.6,64.6,58.7,84.1,53.1,69.5,74.2,0,20.0,4,1,1,0,62,70.7,1
STU1685,21,Female,Information Technology,B.Tech,8,6.82,0,93.1,64.8,59.8,85.8,54.3,44.8,35.3,52.6,55.8,75.9,47.3,74.8,62.6,3,64.0,2,0,0,0,127,75.4,1
STU1686,21,Female,Mechanical,B.Tech,8,8.8,0,92.2,74.1,68.4,70.9,55.3,58.6,43.2,70.0,66.7,61.2,65.5,75.0,74.3,2,35.5,1,0,0,2,4,79.5,1
STU1687,21,Female,Information Technology,B.Tech,8,7.11,0,69.8,64.5,56.3,68.6,49.3,64.2,44.2,62.2,62.1,82.0,45.1,64.2,70.2,1,28.6,1,0,0,0,46,44.1,1
STU1688,22,Female,Computer Science,B.Tech,8,5.17,0,71.7,51.3,41.2,47.2,35.9,26.4,62.6,76.3,48.8,67.5,66.4,78.9,63.1,4,80.6,2,0,0,0,11,83.1,0
STU1689,21,Female,Computer Science,B.Tech,8,8.18,2,98.0,67.0,64.7,71.2,79.1,54.7,55.6,67.7,68.9,66.0,82.0,46.5,58.9,3,51.5,0,1,2,0,43,93.9,1
STU1690,21,Male,Electrical,B.Tech,8,6.55,0,98.0,50.2,47.2,47.6,76.6,44.4,21.6,41.5,41.3,80.7,60.1,67.0,62.9,2,43.8,0,0,0,2,165,51.2,0
STU1691,21,Female,Information Technology,B.Tech,8,7.97,0,81.7,64.2,67.6,58.0,42.9,43.3,53.3,54.5,65.9,68.9,57.5,73.7,61.2,1,58.8,2,0,0,1,83,55.9,1
STU1692,21,Female,Electrical,B.Tech,8,7.23,0,84.4,57.6,63.0,57.7,64.0,57.4,57.1,68.1,55.2,74.7,93.0,68.2,66.5,3,53.7,1,0,0,0,450,76.3,1
STU1693,21,Female,Computer Science,B.Tech,8,5.5,0,76.0,55.7,56.6,60.5,48.5,45.1,46.7,69.3,58.2,77.9,86.1,51.9,66.0,3,61.2,0,0,0,2,22,46.0,1
STU1694,20,Male,Computer Science,B.Tech,8,7.38,1,86.1,47.6,54.3,56.8,58.1,79.9,51.0,48.3,53.3,60.6,54.3,80.3,57.7,3,56.7,1,0,0,2,58,63.2,0
STU1695,22,Male,Computer Science,B.Tech,8,9.62,0,75.2,81.1,70.4,57.2,56.8,76.4,55.0,46.5,69.9,74.6,66.9,58.3,55.7,2,48.8,0,1,1,1,159,73.0,1
STU1696,21,Male,Civil,B.Tech,8,7.74,0,62.7,71.0,60.6,77.3,55.6,76.3,64.2,68.8,70.6,86.2,69.6,71.3,72.0,1,26.9,3,0,0,0,19,68.0,1
STU1697,21,Female,Electronics,B.Tech,8,7.14,2,69.4,57.3,55.8,63.1,92.0,46.1,26.8,48.3,68.2,58.5,67.9,73.7,60.5,4,77.6,0,0,0,1,22,80.3,0
STU1698,21,Female,Civil,B.Tech,8,8.38,0,82.2,72.9,52.6,91.6,55.4,37.7,48.1,44.6,66.9,75.4,90.4,72.2,51.8,3,57.8,0,0,0,3,64,71.5,1
STU1699,21,Male,Computer Science,B.Tech,8,7.43,0,71.3,54.5,49.8,61.9,49.9,56.5,76.1,61.8,51.3,60.0,66.2,84.9,58.5,2,60.6,2,0,0,0,46,75.9,1
STU1700,21,Female,Electronics,B.Tech,8,7.43,3,81.4,53.0,46.3,40.1,50.6,52.3,74.7,61.2,48.1,82.3,68.3,71.4,61.4,2,50.8,1,1,1,0,377,75.9,0
STU1701,20,Male,Electronics,B.Tech,8,6.0,0,71.8,50.0,48.7,31.9,77.7,44.0,65.6,55.7,48.3,82.1,74.6,76.7,61.7,2,40.0,1,0,0,0,58,58.8,0
STU1702,21,Male,Computer Science,B.Tech,8,7.46,0,74.6,53.0,53.4,54.5,37.2,33.8,60.6,58.1,49.4,65.7,81.7,71.4,69.7,3,73.4,1,1,1,1,225,74.0,1
STU1703,20,Male,Electrical,B.Tech,8,8.34,0,90.1,65.2,70.7,68.3,50.6,54.3,78.5,68.2,69.2,96.5,78.1,78.7,70.4,3,55.4,1,1,1,1,250,86.6,1
STU1704,20,Female,Civil,B.Tech,8,6.28,0,84.4,52.2,31.0,58.8,83.7,47.7,82.7,57.9,35.9,83.3,72.5,87.3,64.6,4,64.4,2,0,0,0,23,67.2,1
STU1705,24,Female,Mechanical,B.Tech,8,8.77,0,81.9,76.1,78.1,83.4,65.7,67.4,49.9,69.0,67.7,78.5,43.2,73.5,72.7,2,50.0,0,1,2,0,121,78.8,1
STU1706,21,Male,Electronics,B.Tech,8,7.1,2,90.4,58.4,44.3,70.1,64.9,67.0,36.5,62.7,52.4,77.8,58.2,80.6,60.1,2,69.1,1,0,0,3,31,60.6,0
STU1707,22,Female,Computer Science,B.Tech,8,6.22,0,86.6,54.8,43.6,46.5,94.0,74.8,47.7,70.3,49.3,81.8,76.5,88.0,60.2,4,61.7,4,0,0,2,13,78.4,1
STU1708,21,Male,Computer Science,B.Tech,8,8.3,1,95.7,73.7,68.5,82.5,65.7,32.3,95.0,80.3,68.2,58.1,68.5,86.9,72.4,1,21.7,0,1,1,3,162,90.1,1
STU1709,22,Female,Civil,B.Tech,8,6.88,2,77.6,65.2,67.0,68.8,51.4,62.2,26.9,79.7,59.7,72.3,76.6,67.8,71.8,2,57.5,1,1,1,2,33,90.7,1
STU1710,22,Female,Computer Science,B.Tech,8,8.04,0,77.9,60.6,68.7,55.0,57.8,41.9,44.5,86.0,66.1,74.6,91.4,83.4,74.3,2,43.6,0,1,1,0,41,88.5,1
STU1711,21,Female,Electronics,B.Tech,8,6.88,0,69.6,51.1,60.7,76.1,45.0,33.0,29.4,79.7,50.9,65.2,48.5,74.7,68.9,4,86.1,0,0,0,0,52,81.9,1
STU1712,21,Male,Electronics,B.Tech,8,7.13,0,77.9,50.8,52.1,58.0,80.8,47.3,54.0,71.3,50.8,75.6,80.9,84.3,66.2,0,20.0,1,1,1,1,13,78.9,1
STU1713,21,Female,Electronics,B.Tech,8,7.74,2,91.2,87.8,70.0,83.1,70.6,74.2,32.8,61.9,87.7,84.8,60.4,78.3,61.5,1,36.4,0,1,1,0,44,70.8,1
STU1714,21,Female,Civil,B.Tech,8,7.52,1,94.3,74.2,56.2,58.1,78.9,48.3,50.3,62.6,68.5,64.9,78.1,75.0,58.7,1,52.4,0,1,1,0,44,69.1,1
STU1715,23,Male,Computer Science,B.Tech,8,5.0,0,91.1,43.0,33.0,45.2,80.2,83.2,20.8,55.7,31.2,69.3,64.4,76.8,59.7,2,38.1,1,0,0,0,50,55.9,0
STU1716,22,Female,Computer Science,B.Tech,8,5.97,0,65.0,51.1,40.6,45.8,55.8,64.9,61.9,68.1,39.5,60.2,94.8,74.8,47.7,1,45.2,0,1,2,3,193,62.2,0
STU1717,23,Male,Computer Science,B.Tech,8,8.22,0,92.3,52.4,65.2,72.7,47.8,47.9,71.6,77.8,59.6,48.6,66.8,75.2,55.8,2,56.8,2,1,1,0,40,77.6,1
STU1718,20,Female,Information Technology,B.Tech,8,7.05,2,64.5,51.2,60.5,74.8,61.2,75.9,45.9,57.8,49.0,79.3,56.0,70.3,64.6,4,65.1,2,1,2,0,4,93.6,1
STU1719,22,Male,Computer Science,B.Tech,8,6.62,0,90.5,70.3,77.7,69.2,48.9,63.0,49.8,67.5,64.0,69.7,70.9,69.2,67.1,2,55.6,1,1,3,1,19,63.0,1
STU1720,23,Female,Computer Science,B.Tech,8,5.71,0,78.5,41.1,47.0,61.1,64.5,38.2,49.4,58.5,46.7,70.6,69.5,91.4,59.7,1,35.7,4,0,0,2,100,64.9,0
STU1721,21,Female,Electrical,B.Tech,8,6.01,2,88.7,61.5,40.0,58.6,79.0,88.5,54.9,70.9,52.4,58.2,80.9,77.3,50.0,4,80.9,2,0,0,3,118,64.1,0
STU1722,20,Male,Civil,B.Tech,8,4.98,0,69.3,33.5,22.2,36.5,59.5,59.7,51.4,60.3,30.1,67.8,71.3,65.7,49.5,2,53.4,2,0,0,1,291,57.3,0
STU1723,22,Male,Computer Science,B.Tech,8,7.09,0,93.1,65.3,55.9,54.7,64.2,55.3,64.3,57.6,61.9,83.2,95.0,68.9,67.0,1,31.5,0,0,0,0,92,54.9,1
STU1724,21,Male,Information Technology,B.Tech,8,6.54,0,68.1,43.2,33.8,68.4,60.6,39.6,71.7,58.5,38.2,70.0,63.4,83.6,59.6,2,50.7,2,0,0,0,21,61.3,0
STU1725,22,Male,Mechanical,B.Tech,8,6.14,0,75.6,41.4,38.0,40.4,74.0,76.2,39.0,75.0,36.4,70.4,63.6,63.9,69.5,3,67.4,3,0,0,3,15,58.4,1
STU1726,20,Male,Computer Science,B.Tech,8,7.13,0,72.5,53.3,66.9,63.0,52.0,64.3,47.1,66.6,62.7,72.5,56.5,55.7,67.5,3,72.5,0,0,0,0,84,54.0,1
STU1727,22,Female,Computer Science,B.Tech,8,7.6,3,65.3,74.6,72.7,65.5,29.1,66.3,66.4,62.0,81.3,55.2,66.2,56.5,73.8,2,34.7,2,1,2,1,105,87.1,1
STU1728,21,Male,Computer Science,B.Tech,8,9.5,0,82.9,91.2,99.0,86.9,69.1,45.9,29.3,71.7,92.6,77.5,68.2,53.0,81.1,1,47.9,2,1,2,0,14,81.5,1
STU1729,21,Male,Information Technology,B.Tech,8,5.54,0,98.0,41.1,51.1,56.6,76.8,70.0,20.5,62.2,41.0,54.9,68.9,57.7,60.9,3,53.4,1,1,1,0,105,80.6,0
STU1730,21,Female,Computer Science,B.Tech,8,8.48,0,98.0,69.1,58.0,76.4,68.7,71.4,55.6,83.8,57.9,58.7,65.9,59.0,77.6,2,57.6,1,0,0,1,192,68.0,1
STU1731,22,Male,Civil,B.Tech,8,8.27,0,82.9,85.6,78.3,75.8,52.4,43.0,59.9,54.4,77.6,57.4,56.5,87.2,63.6,3,65.8,0,0,0,2,148,66.5,1
STU1732,22,Female,Information Technology,B.Tech,8,6.34,0,92.6,41.5,50.0,59.6,45.0,29.5,40.4,65.4,46.8,67.9,52.7,71.5,53.5,2,37.2,0,1,1,4,105,73.1,0
STU1733,21,Female,Information Technology,B.Tech,8,7.42,1,84.2,41.1,46.8,57.1,69.4,65.5,42.7,48.3,33.3,65.8,59.7,68.0,55.4,1,40.3,0,1,1,2,121,64.3,0
STU1734,21,Female,Computer Science,B.Tech,8,6.7,1,86.7,64.7,54.6,56.1,64.1,26.7,39.8,63.1,61.8,70.0,81.0,56.1,59.6,1,25.5,1,1,1,1,9,74.0,0
STU1735,22,Female,Information Technology,B.Tech,8,7.4,0,78.7,52.7,41.5,69.9,60.1,57.7,38.1,44.5,50.3,59.1,84.0,70.4,47.8,1,45.7,2,0,0,1,18,59.2,0
STU1736,21,Female,Electronics,B.Tech,8,8.86,0,83.9,92.8,99.0,74.6,89.3,46.9,63.1,78.4,86.9,82.1,63.9,52.9,98.0,1,27.9,3,1,1,2,3,98.0,1
STU1737,22,Male,Electrical,B.Tech,8,7.87,0,87.1,66.9,60.9,61.8,47.8,76.9,33.1,78.7,59.0,80.0,51.8,67.9,66.5,1,20.1,1,0,0,0,12,51.4,1
STU1738,21,Male,Electrical,B.Tech,8,7.76,3,76.5,67.9,66.5,77.6,88.6,47.9,47.8,79.0,67.6,67.9,63.9,94.7,72.6,2,65.3,1,0,0,3,235,62.2,1
STU1739,21,Male,Information Technology,B.Tech,8,6.73,0,81.3,68.4,67.2,64.6,62.5,74.9,37.5,68.4,67.1,64.3,94.3,79.3,61.1,2,51.8,0,0,0,1,24,54.4,1
STU1740,21,Female,Mechanical,B.Tech,8,5.57,1,81.4,38.1,34.0,42.8,34.5,45.7,28.7,55.7,38.6,63.0,79.0,69.7,50.3,2,58.7,3,1,1,3,104,68.5,0
STU1741,21,Male,Electrical,B.Tech,8,6.97,0,89.9,50.3,53.6,59.6,59.3,73.0,65.9,56.8,51.2,66.3,72.7,79.7,64.1,2,41.5,1,0,0,2,113,67.7,0
STU1742,22,Female,Electrical,B.Tech,8,8.53,2,71.9,66.4,78.9,73.4,76.4,92.1,43.7,89.4,79.0,53.2,78.5,66.3,73.7,3,46.1,2,1,3,0,118,88.7,1
STU1743,21,Other,Computer Science,B.Tech,8,5.52,0,81.5,63.4,56.3,68.9,56.5,35.8,55.0,88.1,58.2,58.5,86.6,63.2,65.4,4,96.8,0,1,1,0,107,58.0,1
STU1744,21,Female,Computer Science,B.Tech,8,6.04,1,98.0,51.1,35.9,47.2,39.9,60.3,27.9,69.7,38.6,80.3,48.9,90.7,59.9,1,34.9,1,0,0,0,52,58.7,0
STU1745,22,Female,Computer Science,B.Tech,8,7.34,0,93.1,61.3,54.5,62.5,59.5,98.0,40.1,60.8,52.6,73.6,59.5,59.4,65.9,2,54.9,1,0,0,0,52,58.3,1
STU1746,21,Male,Electronics,B.Tech,8,6.12,0,94.8,64.9,50.6,68.0,49.1,56.2,64.1,87.2,61.4,89.6,57.6,68.1,87.4,0,26.6,0,0,0,0,149,43.6,1
STU1747,21,Female,Information Technology,B.Tech,8,6.33,0,82.2,45.9,57.2,58.5,69.4,56.1,93.4,58.3,51.7,66.4,73.2,75.4,55.8,1,31.6,2,1,1,1,1,78.7,0
STU1748,23,Female,Information Technology,B.Tech,8,6.73,1,85.0,68.5,64.6,67.7,73.6,69.2,20.4,71.2,69.7,65.7,67.2,61.7,78.5,3,67.3,1,1,1,0,6,78.0,1
STU1749,22,Male,Mechanical,B.Tech,8,5.7,0,91.5,30.6,34.8,29.8,46.2,55.7,48.8,86.9,35.8,65.1,75.6,79.2,69.7,2,65.9,1,0,0,0,65,53.8,0
STU1750,20,Male,Mechanical,B.Tech,8,6.13,3,96.8,63.7,58.9,77.0,51.4,24.3,58.6,56.3,51.2,66.2,57.9,68.6,69.3,3,64.7,2,0,0,4,46,87.2,0
STU1751,23,Female,Mechanical,B.Tech,8,7.97,2,63.5,46.4,46.4,52.9,73.3,75.4,42.1,79.6,40.7,62.1,84.2,79.3,64.5,2,59.4,1,0,0,0,50,48.7,0
STU1752,22,Female,Computer Science,B.Tech,8,5.76,0,69.5,43.7,44.5,39.1,49.1,18.9,65.6,75.3,39.0,73.3,64.0,78.4,72.3,1,20.0,0,1,1,2,450,52.8,1
STU1753,21,Female,Electronics,B.Tech,8,5.44,1,94.4,43.0,46.3,48.4,45.8,47.5,38.1,67.4,40.6,70.3,74.7,69.3,56.2,4,91.2,3,0,0,0,197,65.0,0
STU1754,20,Female,Computer Science,B.Tech,8,6.51,0,79.4,73.8,66.0,66.4,44.3,76.7,54.5,54.1,67.8,63.9,81.7,90.8,57.6,1,20.0,1,0,0,2,164,69.4,1
STU1755,22,Female,Computer Science,B.Tech,8,8.01,0,75.6,58.9,52.1,66.8,67.3,48.6,43.6,57.9,60.5,85.0,80.6,64.7,71.6,1,45.1,2,0,0,0,36,59.9,1
STU1756,22,Male,Computer Science,B.Tech,8,6.98,0,70.1,68.0,69.1,84.7,66.6,42.5,71.5,72.1,74.5,92.8,70.1,86.8,81.3,1,38.9,2,0,0,1,21,62.8,1
STU1757,21,Male,Computer Science,B.Tech,8,6.69,0,76.7,60.6,60.8,50.7,51.7,70.8,41.2,48.1,59.2,84.0,76.5,84.9,65.4,5,94.0,0,0,0,1,219,68.0,1
STU1758,22,Male,Information Technology,B.Tech,8,7.25,1,68.7,62.7,46.3,61.3,62.1,39.7,46.4,69.8,53.2,76.7,89.4,91.5,50.5,2,49.0,1,1,1,3,158,82.8,1
STU1759,22,Male,Electrical,B.Tech,8,5.28,0,98.0,26.3,27.3,28.3,84.9,33.0,67.1,75.6,23.3,79.1,72.2,73.9,59.9,2,47.5,0,0,0,0,77,51.0,0
STU1760,21,Female,Computer Science,B.Tech,8,7.74,0,81.8,64.5,64.0,69.7,47.4,59.9,35.6,81.8,64.7,92.3,54.8,63.3,73.6,3,56.8,1,1,2,0,258,87.0,1
STU1761,21,Female,Electronics,B.Tech,8,7.62,0,81.4,54.4,65.4,65.6,32.7,51.7,53.1,48.4,60.9,79.1,73.2,94.8,68.7,2,47.9,2,0,0,2,328,78.8,1
STU1762,21,Female,Information Technology,B.Tech,8,6.75,0,87.6,76.1,59.8,68.6,68.8,32.6,22.8,86.4,72.0,63.0,64.5,68.3,67.9,3,87.1,0,0,0,0,73,65.5,1
STU1763,22,Male,Computer Science,B.Tech,8,8.31,0,91.1,64.0,62.1,61.1,60.3,66.5,34.6,91.7,67.0,74.7,32.1,63.1,72.3,2,63.0,0,0,0,0,24,57.4,1
STU1764,20,Female,Information Technology,B.Tech,8,5.96,1,91.0,53.7,49.3,63.2,51.3,63.4,58.1,73.7,40.0,77.5,71.5,69.9,83.8,5,86.3,1,0,0,0,109,75.3,1
STU1765,21,Female,Computer Science,B.Tech,8,8.44,0,92.2,58.3,74.4,51.9,71.8,48.5,36.1,53.5,65.6,58.1,66.6,61.2,67.8,3,67.7,1,1,2,0,450,98.0,1
STU1766,22,Female,Information Technology,B.Tech,8,7.37,0,76.0,61.9,61.6,67.6,74.6,49.8,43.3,63.4,68.7,66.6,81.2,77.8,70.5,2,51.0,2,1,1,0,33,87.0,1
STU1767,22,Female,Information Technology,B.Tech,8,6.83,0,79.2,71.8,61.6,62.6,28.9,63.5,59.9,67.3,64.5,83.2,54.5,65.3,85.2,2,48.6,2,1,1,0,92,81.5,1
STU1768,21,Male,Computer Science,B.Tech,8,7.18,0,89.3,53.3,60.0,67.7,52.2,76.4,42.7,71.8,62.3,48.1,43.9,68.8,63.6,4,70.0,2,0,0,0,156,65.8,1
STU1769,22,Male,Computer Science,B.Tech,8,7.08,2,77.0,65.6,63.2,68.6,96.8,49.9,65.2,68.3,62.9,55.0,67.4,82.6,56.8,3,69.5,2,0,0,0,27,77.1,1
STU1770,20,Male,Information Technology,B.Tech,8,8.54,0,82.0,61.3,54.7,73.7,70.8,66.8,55.5,71.9,58.9,67.9,70.3,78.9,59.8,2,58.5,0,0,0,0,85,71.1,1
STU1771,22,Male,Mechanical,B.Tech,8,6.02,1,85.8,63.5,54.6,52.8,72.1,65.2,59.0,66.7,53.4,74.2,66.3,72.2,71.9,3,56.7,1,0,0,2,43,65.6,1
STU1772,20,Male,Computer Science,B.Tech,8,6.36,0,89.5,70.0,76.0,77.2,79.6,70.8,71.9,71.7,67.5,53.7,65.3,73.9,53.4,2,69.6,1,1,1,3,185,75.4,1
STU1773,21,Female,Electronics,B.Tech,8,8.34,0,65.1,65.4,68.2,74.5,62.3,55.7,57.1,61.6,70.4,68.5,50.0,72.1,65.9,1,50.2,4,1,1,0,98,98.0,1
STU1774,22,Female,Electronics,B.Tech,8,6.54,4,88.8,67.2,72.9,60.9,74.0,38.6,76.6,63.3,74.5,83.8,63.1,67.3,61.4,2,55.5,1,1,1,2,168,82.0,1
STU1775,20,Female,Civil,B.Tech,8,8.19,1,79.8,68.2,74.3,63.2,72.8,46.7,66.6,59.9,71.4,70.8,60.1,72.0,69.2,2,37.7,4,1,1,3,21,98.0,1
STU1776,21,Female,Electrical,B.Tech,8,9.07,0,88.7,73.3,77.2,67.9,70.1,61.2,43.6,94.8,69.1,81.3,80.0,77.4,89.2,0,24.0,2,0,0,1,2,64.8,1
STU1777,22,Male,Information Technology,B.Tech,8,6.76,0,89.4,50.4,53.9,50.9,57.2,87.7,72.7,88.5,52.4,62.9,70.3,70.6,69.6,2,52.8,2,1,1,4,182,79.0,1
STU1778,22,Female,Electronics,B.Tech,8,7.95,0,97.3,82.0,81.7,72.4,64.6,46.3,56.2,75.8,88.1,60.3,61.1,76.6,77.0,3,70.1,1,0,0,0,56,75.9,1
STU1779,22,Male,Mechanical,B.Tech,8,5.93,0,94.9,39.0,39.2,43.9,53.2,69.5,45.7,86.6,47.8,80.2,89.1,62.8,81.6,1,50.9,1,0,0,2,15,51.7,0
STU1780,22,Male,Information Technology,B.Tech,8,8.03,1,94.8,58.4,69.7,71.6,62.2,49.1,56.5,79.2,62.5,74.4,61.2,65.4,73.6,0,20.0,1,1,1,1,6,70.7,1
STU1781,21,Male,Computer Science,B.Tech,8,7.42,1,95.7,72.7,73.2,68.1,44.5,57.0,69.8,70.5,64.7,55.8,72.8,63.9,82.3,3,85.5,1,1,2,0,83,87.4,1
STU1782,21,Male,Computer Science,B.Tech,8,7.72,0,84.8,71.2,70.7,77.3,50.1,82.3,59.3,46.9,75.2,60.4,62.7,65.8,60.7,2,54.1,3,1,2,1,16,83.8,1
STU1783,21,Male,Electrical,B.Tech,8,6.49,2,82.3,65.0,58.5,54.9,57.8,68.8,81.2,64.3,60.4,88.8,87.8,86.2,78.1,1,32.1,2,0,0,1,65,60.7,0
STU1784,21,Male,Electrical,B.Tech,8,5.37,0,90.3,39.7,40.9,40.5,47.8,32.7,69.4,63.3,45.0,58.9,66.2,80.0,51.2,3,89.0,2,0,0,0,148,65.1,0
STU1785,23,Male,Computer Science,B.Tech,8,7.75,0,89.0,66.9,58.0,88.1,54.4,44.7,60.4,52.1,63.9,81.2,66.6,60.2,75.2,3,73.3,1,1,1,0,87,92.7,1
STU1786,21,Female,Information Technology,B.Tech,8,4.93,0,79.1,43.4,36.2,36.2,59.5,77.6,35.6,47.2,35.4,64.3,63.0,76.8,57.0,2,45.5,0,0,0,1,225,44.8,0
STU1787,21,Male,Information Technology,B.Tech,8,6.85,0,85.8,60.3,68.8,52.6,68.0,57.6,49.1,74.9,64.8,70.0,67.8,67.7,79.9,2,50.8,2,0,0,1,16,49.4,1
STU1788,21,Male,Computer Science,B.Tech,8,8.24,0,81.7,56.2,58.5,51.7,76.2,34.3,53.1,72.5,63.9,73.5,81.8,64.5,69.0,1,41.4,1,1,1,1,53,74.5,1
STU1789,23,Male,Civil,B.Tech,8,7.41,0,73.9,76.0,76.8,84.9,55.0,40.3,63.1,51.7,75.7,44.8,76.8,55.7,48.9,3,63.5,3,1,2,1,20,94.8,1
STU1790,21,Female,Computer Science,B.Tech,8,9.34,0,94.3,70.0,78.2,74.6,82.0,67.7,62.2,57.6,68.9,52.4,65.4,82.7,64.5,2,51.3,2,1,1,0,200,98.0,1
STU1791,21,Male,Computer Science,B.Tech,8,8.33,0,82.5,90.6,75.8,80.8,76.1,72.9,54.7,84.3,75.3,71.0,88.8,57.0,66.2,2,41.8,0,1,1,0,258,72.8,1
STU1792,21,Male,Information Technology,B.Tech,8,6.48,1,98.0,62.5,60.4,54.9,69.6,55.3,53.9,55.7,57.6,61.3,77.2,71.4,57.3,4,63.1,2,1,1,2,67,93.3,1
STU1793,22,Male,Electronics,B.Tech,8,7.23,0,66.6,66.7,40.7,74.2,64.3,98.0,63.5,70.4,51.6,82.0,58.9,61.6,67.3,0,21.1,2,0,0,2,22,66.0,0
STU1794,20,Male,Computer Science,B.Tech,8,7.15,0,76.7,65.0,46.3,58.4,66.8,69.8,38.3,65.3,59.7,50.7,45.7,80.5,68.0,0,21.4,1,1,2,1,20,73.6,0
STU1795,22,Male,Electronics,B.Tech,8,5.46,1,82.3,38.7,29.9,60.0,79.8,50.6,79.1,75.1,28.7,76.8,59.2,68.3,64.1,1,40.3,1,0,0,4,153,44.5,0
STU1796,23,Male,Information Technology,B.Tech,8,6.17,2,92.8,43.1,30.7,42.6,80.4,40.3,19.2,56.0,44.7,53.5,70.8,70.5,48.2,0,20.0,0,0,0,2,69,39.2,0
STU1797,21,Male,Computer Science,B.Tech,8,6.58,3,85.8,56.4,47.8,59.0,82.0,37.5,75.3,69.3,45.4,65.8,73.4,70.9,61.1,3,51.6,0,0,0,0,242,64.8,0
STU1798,22,Male,Computer Science,B.Tech,8,4.96,0,84.9,41.0,39.6,49.0,62.6,61.0,51.3,70.4,52.0,57.2,84.0,75.3,47.8,2,40.3,2,1,2,0,12,85.8,0
STU1799,23,Male,Information Technology,B.Tech,8,7.25,0,71.3,61.8,64.1,66.0,70.3,46.2,68.0,71.2,71.6,92.8,49.7,72.1,78.2,1,45.6,0,1,2,0,50,69.1,1
STU1800,22,Female,Computer Science,B.Tech,8,6.93,0,71.0,56.8,69.2,65.3,82.2,85.1,57.8,69.1,63.7,53.9,58.9,71.5,63.7,1,28.3,2,1,1,0,88,74.4,1
STU1801,21,Female,Civil,B.Tech,8,5.36,0,85.1,41.5,33.3,47.6,52.6,81.4,57.5,72.8,29.2,68.5,48.5,66.3,53.4,1,30.6,1,0,0,2,177,39.5,0
STU1802,21,Male,Electrical,B.Tech,8,7.64,2,69.0,62.8,47.4,65.0,57.2,66.4,60.9,98.0,54.8,49.3,46.3,54.7,56.2,5,91.9,3,1,1,0,72,98.0,1
STU1803,22,Male,Civil,B.Tech,8,7.99,0,76.9,62.0,57.1,54.8,62.2,33.8,64.9,98.0,57.6,89.2,56.2,59.7,79.3,3,58.8,4,1,3,2,43,92.2,1
STU1804,21,Female,Computer Science,B.Tech,8,7.45,0,86.8,70.2,60.8,71.5,75.5,42.9,46.7,59.1,59.1,74.8,70.1,79.9,66.3,2,43.1,2,1,1,1,234,83.0,1
STU1805,22,Male,Civil,B.Tech,8,6.84,0,72.7,66.0,56.2,82.1,75.7,77.6,68.6,35.5,62.6,71.6,75.8,68.6,53.4,2,41.3,1,1,1,1,5,64.3,1
STU1806,23,Male,Information Technology,B.Tech,8,7.85,0,97.3,65.0,81.7,96.4,58.5,44.9,34.6,76.3,69.2,87.7,51.7,64.7,76.2,2,64.0,1,1,1,0,63,77.8,1
STU1807,23,Female,Computer Science,B.Tech,8,7.95,1,93.6,70.3,81.0,83.1,39.4,75.2,51.9,70.6,72.1,71.8,53.7,56.5,75.9,1,41.8,0,0,0,0,48,48.7,1
STU1808,21,Male,Computer Science,B.Tech,8,7.54,0,67.1,67.4,78.1,87.1,65.7,63.5,65.4,82.9,71.7,72.6,40.1,53.1,80.6,5,98.0,0,1,2,1,24,97.7,1
STU1809,20,Male,Computer Science,B.Tech,8,6.29,0,73.1,65.2,66.4,65.0,48.2,55.9,67.9,72.0,62.9,71.6,68.0,64.3,70.9,3,79.5,1,0,0,2,57,57.3,1
STU1810,24,Male,Electronics,B.Tech,8,7.5,0,60.3,70.1,68.8,75.0,39.7,42.3,59.4,68.8,79.8,76.8,54.8,81.8,68.6,2,26.5,2,1,1,2,123,78.4,1
STU1811,22,Female,Information Technology,B.Tech,8,8.52,0,74.6,89.5,85.2,91.3,43.0,53.3,45.7,83.8,84.7,64.1,88.3,65.9,79.9,2,53.4,1,1,1,1,44,85.3,1
STU1812,20,Male,Computer Science,B.Tech,8,6.54,0,89.3,53.8,46.5,48.9,66.9,58.4,66.3,85.8,52.4,67.4,70.7,76.4,65.5,2,44.1,1,1,1,0,36,71.5,1
STU1813,23,Female,Electronics,B.Tech,8,9.51,0,78.1,68.6,75.7,69.1,82.4,73.6,41.3,48.6,72.9,79.7,62.6,65.4,62.0,1,46.2,1,1,1,0,119,98.0,1
STU1814,22,Other,Computer Science,B.Tech,8,6.62,0,86.4,49.2,50.7,67.7,62.6,39.1,80.0,56.6,51.7,73.3,56.0,79.0,67.7,1,27.6,3,0,0,2,350,70.9,1
STU1815,21,Male,Information Technology,B.Tech,8,7.24,0,67.5,62.2,65.9,56.7,65.2,50.3,50.6,66.5,66.2,68.6,44.1,68.1,69.3,2,39.5,0,0,0,0,145,59.1,1
STU1816,21,Male,Information Technology,B.Tech,8,6.46,2,89.6,50.4,54.7,47.7,79.7,55.8,27.4,69.4,57.0,53.2,45.8,58.4,57.8,0,20.0,0,0,0,1,112,48.8,0
STU1817,21,Male,Electrical,B.Tech,8,7.45,2,76.7,79.5,85.8,94.0,38.8,66.9,32.9,64.8,84.0,88.0,56.3,69.0,71.0,0,20.0,3,0,0,1,168,43.0,1
STU1818,20,Male,Electrical,B.Tech,8,5.28,3,82.1,48.2,45.1,58.1,69.8,38.6,52.7,74.1,47.8,62.1,55.2,92.2,56.1,2,59.1,0,1,1,0,155,76.0,0
STU1819,21,Male,Information Technology,B.Tech,8,6.6,0,81.1,66.8,53.1,72.0,61.8,31.3,54.2,81.9,60.2,81.8,51.0,91.7,85.3,4,82.6,2,1,2,0,450,93.5,1
STU1820,22,Female,Information Technology,B.Tech,8,6.0,0,69.9,50.3,55.7,50.2,70.5,67.1,83.5,92.1,52.3,72.1,70.3,77.4,64.1,4,68.0,2,0,0,3,182,71.4,1
STU1821,20,Female,Information Technology,B.Tech,8,7.35,0,71.0,62.6,51.3,59.5,54.7,27.7,35.4,76.1,52.4,54.5,72.2,70.5,58.5,0,41.5,1,1,1,2,65,72.9,1
STU1822,21,Female,Electrical,B.Tech,8,,2,91.2,49.2,66.6,65.1,49.7,78.1,52.6,56.1,57.6,85.0,58.6,75.3,70.7,1,41.5,1,0,0,2,92,67.7,0
STU1823,21,Male,Computer Science,B.Tech,8,7.91,3,85.8,65.1,58.7,76.9,64.1,52.2,35.0,65.9,63.1,73.1,92.1,75.5,68.5,2,57.8,3,1,3,0,221,85.3,1
STU1824,21,Female,Computer Science,B.Tech,8,4.59,1,92.0,39.2,49.5,48.1,86.7,27.1,44.1,66.9,46.4,86.0,40.5,71.6,60.3,3,77.9,0,0,0,0,131,56.4,0
STU1825,23,Female,Computer Science,B.Tech,8,9.45,0,85.1,73.8,86.3,99.0,74.9,46.4,78.9,75.2,81.0,67.8,65.8,76.9,76.6,5,78.6,0,1,1,4,215,98.0,1
STU1826,21,Female,Information Technology,B.Tech,8,7.52,3,83.4,64.8,72.5,67.3,54.4,61.8,33.8,73.4,67.5,78.4,61.9,74.3,65.0,4,70.9,1,1,1,0,32,92.7,1
STU1827,21,Male,Information Technology,B.Tech,8,6.35,0,65.6,58.0,57.0,58.3,41.9,45.4,61.4,96.7,57.2,48.8,57.3,68.5,66.2,3,73.2,1,1,2,1,278,77.4,1
STU1828,22,Female,Electrical,B.Tech,8,7.37,0,79.4,58.5,60.8,59.8,36.8,55.4,58.3,61.5,56.9,64.0,55.2,58.9,58.4,1,26.9,1,1,2,0,46,75.9,0
STU1829,21,Male,Computer Science,B.Tech,8,7.39,0,81.7,69.9,63.9,74.3,81.7,68.3,51.6,73.4,68.5,54.7,64.9,66.9,57.9,0,20.0,3,0,0,1,11,72.6,1
STU1830,21,Male,Information Technology,B.Tech,8,,0,98.0,57.1,53.1,56.0,47.7,51.4,60.3,98.0,54.0,65.5,61.8,80.8,76.5,0,20.0,3,0,0,0,97,64.2,1
STU1831,21,Male,Electrical,B.Tech,8,7.42,0,88.5,63.7,62.6,78.7,57.1,38.1,33.4,59.8,64.1,75.7,59.5,71.7,65.6,2,37.2,0,1,1,2,42,65.4,1
STU1832,20,Female,Electrical,B.Tech,8,6.53,0,96.6,53.1,51.5,59.5,81.8,49.6,78.5,70.0,57.3,62.7,46.8,75.3,64.4,0,20.0,1,0,0,3,12,54.8,0
STU1833,21,Female,Information Technology,B.Tech,8,6.76,0,87.7,64.6,53.1,83.5,37.8,80.5,82.8,54.8,55.3,80.4,42.3,68.9,67.6,3,74.1,0,0,0,0,34,65.7,1
STU1834,21,Male,Information Technology,B.Tech,8,6.45,0,75.2,67.6,52.0,69.0,84.4,85.3,52.8,69.1,62.8,59.7,61.0,60.3,67.8,3,72.3,3,0,0,0,4,82.1,1
STU1835,21,Male,Computer Science,B.Tech,8,5.62,1,83.1,60.1,58.7,61.6,58.2,18.6,90.8,57.1,59.6,80.6,59.4,69.4,59.7,0,31.1,1,1,1,1,6,61.7,0
STU1836,23,Male,Civil,B.Tech,8,7.36,0,84.2,35.5,49.2,47.3,44.8,74.6,45.6,82.7,52.5,85.7,62.2,60.8,79.4,4,90.1,1,0,0,0,119,70.5,1
STU1837,21,Male,Computer Science,B.Tech,8,7.84,0,73.1,66.5,64.8,83.2,58.3,59.5,58.4,70.1,64.6,82.2,63.5,60.1,73.4,2,54.1,2,1,1,4,193,73.4,1
STU1838,21,Male,Civil,B.Tech,8,7.77,1,78.3,74.2,75.2,98.1,51.2,71.6,74.9,54.9,78.2,65.9,57.7,85.3,63.1,4,83.3,1,1,1,0,79,84.5,1
STU1839,22,Male,Electronics,B.Tech,8,8.1,2,80.0,75.7,69.3,80.3,68.6,45.1,44.7,79.8,72.6,44.5,62.0,67.4,55.6,4,82.5,0,1,2,0,130,97.1,1
STU1840,20,Female,Information Technology,B.Tech,8,7.56,0,97.3,69.1,69.8,62.9,52.3,23.2,29.9,70.5,62.5,77.0,53.1,63.8,76.5,1,28.7,1,1,1,1,129,75.8,1
STU1841,22,Male,Computer Science,B.Tech,8,6.61,0,62.2,40.3,35.7,41.0,33.3,65.5,26.2,81.3,35.4,68.5,86.3,89.8,57.0,2,39.7,2,0,0,2,42,63.6,0
STU1842,21,Male,Information Technology,B.Tech,8,8.12,0,93.5,60.6,68.2,68.5,58.7,38.1,85.0,51.9,68.8,58.3,53.8,81.0,62.5,1,28.1,2,1,1,0,83,90.8,1
STU1843,23,Male,Information Technology,B.Tech,8,5.71,0,73.1,45.1,48.1,58.5,41.7,30.0,43.5,73.2,44.4,63.3,59.8,67.9,73.3,3,61.7,2,0,0,0,49,74.6,1
STU1844,20,Female,Computer Science,B.Tech,8,6.21,0,69.0,62.0,51.1,64.7,65.1,31.3,49.0,78.8,45.4,87.2,54.9,76.7,79.7,2,43.4,0,0,0,0,99,49.0,1
STU1845,21,Female,Electronics,B.Tech,8,6.14,1,93.2,64.7,60.1,68.6,44.2,65.8,34.2,62.1,62.2,56.4,54.6,69.4,67.6,4,84.1,1,0,0,0,32,78.2,1
STU1846,20,Female,Civil,B.Tech,8,8.39,0,89.0,75.7,64.0,73.2,54.7,57.5,67.2,50.4,64.4,75.6,65.3,64.4,60.2,1,37.0,2,1,1,0,297,68.3,1
STU1847,24,Male,Information Technology,B.Tech,8,8.24,1,93.9,71.4,73.6,71.2,64.7,69.1,39.5,67.4,73.2,72.6,63.6,77.2,75.9,3,68.1,3,1,1,2,9,98.0,1
STU1848,21,Female,Electronics,B.Tech,8,7.74,1,89.6,62.0,60.2,72.1,58.8,67.0,44.1,85.2,68.9,65.7,58.6,68.4,63.0,5,98.0,0,1,1,0,106,93.7,1
STU1849,21,Male,Computer Science,B.Tech,8,8.38,2,98.0,56.9,64.6,81.2,65.8,47.4,56.8,83.8,64.6,77.7,61.0,72.8,74.2,3,77.0,0,1,1,0,38,92.7,1
STU1850,20,Female,Information Technology,B.Tech,8,6.23,0,87.3,37.1,41.4,46.1,72.2,53.7,35.0,62.0,46.9,89.6,54.9,83.2,77.3,0,20.0,2,0,0,1,55,56.0,0
STU1851,22,Female,Computer Science,B.Tech,8,7.58,2,80.5,61.6,60.8,75.2,44.6,45.8,49.1,50.0,58.4,66.4,70.6,82.0,56.2,2,60.1,1,1,1,0,54,77.4,0
STU1852,21,Female,Electronics,B.Tech,8,7.06,0,85.3,72.5,58.5,72.6,61.0,51.2,74.4,62.0,64.8,67.1,93.8,65.9,69.7,1,40.2,0,1,3,2,29,66.9,1
STU1853,22,Female,Civil,B.Tech,8,8.13,0,93.8,56.3,65.4,64.2,15.0,37.6,58.9,61.4,55.6,77.5,52.8,77.3,75.1,0,31.3,1,1,1,1,17,93.1,1
STU1854,21,Female,Electronics,B.Tech,8,7.07,0,74.6,48.8,42.1,46.1,65.7,62.0,54.1,74.3,42.0,81.0,70.5,59.6,73.8,2,66.1,4,1,1,0,19,89.9,1
STU1855,21,Male,Computer Science,B.Tech,8,6.78,0,75.8,72.1,63.9,59.7,57.5,74.4,55.4,66.5,63.4,68.5,65.6,77.0,58.9,1,40.8,2,0,0,2,119,64.9,1
STU1856,20,Female,Information Technology,B.Tech,8,7.79,1,79.1,67.7,66.0,66.1,47.2,40.3,45.8,57.5,60.3,66.3,74.4,73.6,66.7,3,66.0,1,0,0,0,29,54.0,1
STU1857,21,Male,Information Technology,B.Tech,8,8.16,0,62.0,74.9,79.4,73.4,66.7,78.1,83.9,83.5,84.0,43.4,74.8,76.2,65.3,2,51.0,2,1,1,1,143,79.0,1
STU1858,21,Female,Information Technology,B.Tech,8,6.46,0,83.3,64.0,63.6,82.5,79.6,57.0,39.0,70.0,53.3,60.7,67.9,68.7,70.9,3,60.3,0,1,2,2,76,80.0,1
STU1859,20,Male,Electrical,B.Tech,8,7.13,0,64.1,35.2,34.9,42.7,54.9,59.3,55.4,74.1,41.9,56.3,64.4,94.9,45.3,0,20.0,1,0,0,2,4,39.6,0
STU1860,22,Male,Electrical,B.Tech,8,6.04,0,82.5,50.4,41.6,42.3,47.8,24.4,53.8,43.9,52.2,78.2,58.9,62.1,59.1,0,29.0,1,0,0,0,11,52.6,0
STU1861,21,Male,Electronics,B.Tech,8,4.5,0,90.2,45.6,27.8,55.1,64.5,22.5,68.1,34.1,39.2,67.1,54.3,82.7,46.8,0,20.0,1,0,0,0,134,36.2,0
STU1862,21,Male,Information Technology,B.Tech,8,7.42,1,77.5,72.1,76.7,74.1,42.0,57.6,69.7,47.9,68.8,66.6,63.6,60.7,52.1,1,51.1,3,1,3,0,72,73.4,1
STU1863,21,Male,Computer Science,B.Tech,8,7.87,0,97.9,47.0,43.7,58.0,52.1,69.2,51.5,61.3,37.4,69.9,47.0,77.5,54.1,2,48.5,1,1,1,2,20,74.6,1
STU1864,21,Female,Computer Science,B.Tech,8,7.49,0,68.1,64.4,93.5,85.8,80.3,42.9,56.7,76.1,76.2,59.6,56.7,78.3,63.7,2,78.6,0,1,2,3,117,87.2,1
STU1865,21,Male,Information Technology,B.Tech,8,5.06,0,93.3,38.2,51.2,38.0,62.9,85.1,57.3,35.2,47.8,88.6,80.5,72.6,57.0,5,88.1,3,0,0,0,260,79.9,1
STU1866,21,Male,Information Technology,B.Tech,8,6.81,0,88.4,56.4,55.2,70.0,33.8,68.2,15.6,90.3,55.8,85.6,66.4,66.6,81.2,2,52.5,0,0,0,0,39,50.0,1
STU1867,21,Female,Electronics,B.Tech,8,4.76,0,65.7,48.5,42.9,47.0,35.0,38.6,26.6,70.4,40.5,89.4,77.5,73.6,70.9,0,20.0,1,0,0,2,49,49.2,0
STU1868,22,Male,Electronics,B.Tech,8,8.71,0,98.0,74.6,57.1,86.0,64.4,55.6,42.3,87.0,71.6,78.2,85.6,74.9,75.5,1,27.1,1,1,3,0,27,85.5,1
STU1869,23,Female,Computer Science,B.Tech,8,6.01,3,81.4,61.3,75.1,57.0,74.9,98.0,43.0,55.6,76.6,69.6,62.5,91.7,60.8,4,90.6,4,0,0,0,11,77.0,1
STU1870,21,Female,Information Technology,B.Tech,8,8.58,0,73.7,62.0,58.3,68.2,37.7,32.6,32.8,75.1,59.0,89.4,67.9,62.4,82.5,3,53.9,1,0,0,0,58,81.0,1
STU1871,21,Female,Computer Science,B.Tech,8,8.24,0,68.6,69.3,70.0,76.1,68.7,64.5,64.0,69.2,70.2,61.8,60.8,65.9,66.4,3,58.2,1,1,1,0,159,95.0,1
STU1872,22,Female,Computer Science,B.Tech,8,6.21,0,79.9,58.1,34.7,54.8,82.0,49.2,52.0,79.4,38.9,59.5,53.6,75.1,58.2,1,40.9,1,0,0,4,48,60.7,0
STU1873,21,Male,Electrical,B.Tech,8,5.95,2,80.8,45.7,45.9,35.8,90.3,67.7,48.6,64.7,43.7,62.8,51.7,69.2,63.9,1,42.4,4,1,1,4,41,74.4,0
STU1874,20,Female,Computer Science,B.Tech,8,7.59,0,83.0,72.6,75.5,89.1,67.0,77.8,31.9,74.6,76.6,76.3,76.8,70.9,69.6,1,21.1,2,1,1,0,36,68.9,1
STU1875,21,Male,Information Technology,B.Tech,8,6.27,0,79.2,52.6,55.4,48.2,69.6,48.0,51.3,83.4,55.8,60.9,67.9,83.8,67.4,4,85.8,0,0,0,3,81,51.5,1
STU1876,22,Male,Computer Science,B.Tech,8,7.31,1,88.0,61.9,61.2,72.9,30.0,75.1,10.0,58.9,59.0,68.1,90.9,41.0,65.8,1,36.3,2,0,0,0,30,57.0,1
STU1877,22,Female,Mechanical,B.Tech,8,6.67,0,78.3,62.5,56.3,51.8,93.5,95.0,49.4,71.4,58.0,50.8,78.6,65.4,55.4,2,40.8,2,1,1,2,91,76.7,1
STU1878,20,Male,Information Technology,B.Tech,8,5.24,0,63.6,36.5,25.5,21.4,53.4,56.2,53.0,41.6,28.8,75.8,54.8,52.8,54.4,2,42.1,2,0,0,0,6,56.7,0
STU1879,21,Female,Computer Science,B.Tech,8,4.75,0,80.6,53.7,54.0,63.9,48.0,69.1,55.9,77.8,52.5,51.8,76.8,58.8,63.1,2,29.7,2,0,0,2,158,56.6,0
STU1880,21,Female,Information Technology,B.Tech,8,7.45,0,59.5,42.8,32.3,41.9,58.2,44.4,27.0,95.4,39.7,58.8,60.7,98.0,61.2,1,52.2,1,1,1,0,15,87.7,0
STU1881,22,Female,Electronics,B.Tech,8,6.58,0,85.4,57.7,42.5,44.9,84.7,55.3,55.6,50.6,40.3,84.6,82.0,78.6,61.0,2,60.2,2,0,0,0,96,61.6,0
STU1882,20,Female,Civil,B.Tech,8,6.59,0,72.7,48.2,55.0,65.5,95.1,51.8,35.3,66.7,51.2,84.2,58.2,82.5,73.3,0,20.0,2,0,0,3,36,54.0,1
STU1883,20,Male,Computer Science,B.Tech,8,7.97,0,83.6,83.6,88.6,78.0,63.9,69.3,39.0,80.3,87.8,74.5,50.3,71.1,85.2,5,98.0,0,1,1,0,223,77.3,1
STU1884,22,Male,Mechanical,B.Tech,8,8.49,0,94.5,69.9,75.3,83.9,77.0,76.7,63.5,68.4,69.7,73.3,53.9,80.3,72.8,0,20.0,1,0,0,4,105,75.8,1
STU1885,21,Female,Civil,B.Tech,8,6.9,0,73.0,57.9,48.9,59.0,62.6,53.0,84.2,70.3,51.0,63.6,54.6,52.6,67.9,0,29.1,0,1,1,0,14,52.1,0
STU1886,22,Male,Mechanical,B.Tech,8,6.83,3,92.1,56.3,53.4,82.4,46.4,82.6,52.8,62.5,52.6,60.7,53.2,83.4,63.0,2,45.0,2,0,0,0,109,59.7,0
STU1887,21,Female,Electronics,B.Tech,8,7.75,1,77.9,58.8,56.3,56.2,84.2,82.5,38.9,62.0,55.2,65.7,57.0,63.0,51.0,3,61.4,2,1,3,2,24,94.6,0
STU1888,20,Female,Electronics,B.Tech,8,5.71,1,98.0,39.2,32.1,53.5,52.7,70.2,55.0,66.8,35.7,51.8,77.0,66.2,42.0,1,32.1,1,0,0,1,10,53.8,0
STU1889,21,Female,Information Technology,B.Tech,8,7.45,0,78.5,71.7,73.5,71.6,85.0,45.7,67.0,68.6,73.2,73.0,90.1,77.6,78.9,2,43.4,2,0,0,0,256,80.9,1
STU1890,22,Male,Electrical,B.Tech,8,7.81,0,74.0,67.4,71.5,61.7,81.5,44.0,61.9,51.5,58.9,,46.4,75.5,63.7,0,34.0,2,1,3,0,11,80.0,1
STU1891,22,Male,Information Technology,B.Tech,8,7.95,0,88.5,73.5,84.6,87.1,71.2,40.4,95.0,67.1,82.3,58.8,82.7,72.9,70.0,0,29.0,3,1,1,1,16,78.1,1
STU1892,22,Male,Electronics,B.Tech,8,5.07,0,77.9,51.8,32.6,42.3,89.4,72.1,40.6,90.0,40.8,88.8,58.3,57.0,79.1,2,51.1,0,1,1,0,13,73.6,0
STU1893,21,Male,Information Technology,B.Tech,8,6.36,3,74.0,56.7,66.9,54.2,95.5,33.2,56.0,62.1,71.5,77.3,69.9,73.1,69.6,1,45.2,1,0,0,0,50,63.7,0
STU1894,22,Female,Electronics,B.Tech,8,6.23,0,77.5,54.9,47.5,46.3,59.4,67.2,76.8,50.7,45.2,78.3,41.8,82.6,61.0,3,48.7,2,1,1,1,287,77.6,1
STU1895,21,Male,Electrical,B.Tech,8,7.31,0,81.6,62.0,62.9,74.5,49.9,35.5,75.8,65.9,58.1,64.2,72.3,66.1,59.1,3,52.7,0,0,0,1,35,71.9,1
STU1896,21,Male,Computer Science,B.Tech,8,7.73,0,94.8,72.2,87.1,79.7,34.0,69.8,20.8,58.0,78.6,70.0,36.9,86.5,73.7,4,84.7,1,1,1,3,103,88.1,1
STU1897,22,Male,Electrical,B.Tech,8,8.85,0,63.6,76.2,62.1,60.1,95.7,55.3,51.9,49.3,71.2,77.5,69.4,62.4,67.9,1,42.4,1,1,2,1,41,78.6,1
STU1898,20,Female,Information Technology,B.Tech,8,6.66,0,82.2,56.7,46.7,65.3,55.4,79.0,75.8,69.9,41.9,71.8,68.6,72.1,60.2,2,52.8,2,0,0,0,39,65.8,0
STU1899,20,Female,Electrical,B.Tech,8,6.65,0,87.9,47.9,57.8,63.3,79.0,75.5,95.0,58.1,48.7,89.2,67.7,88.9,64.9,4,61.2,1,1,1,0,112,82.6,0
STU1900,21,Male,Information Technology,B.Tech,8,8.46,0,83.8,78.1,92.6,69.4,50.9,80.8,63.3,59.3,88.3,67.6,54.7,64.5,88.4,3,54.4,1,0,0,0,93,69.4,1
STU1901,20,Male,Information Technology,B.Tech,8,7.53,2,94.4,51.6,69.2,69.1,85.1,81.3,46.1,70.1,55.7,63.9,72.7,83.6,66.8,1,39.2,1,1,1,0,35,82.0,0
STU1902,21,Male,Mechanical,B.Tech,8,8.59,0,81.3,64.3,70.9,65.2,51.5,57.6,35.9,46.5,74.5,77.6,70.5,93.7,62.2,2,74.3,0,1,1,0,182,67.1,1
STU1903,21,Male,Computer Science,B.Tech,8,7.52,2,80.2,55.4,57.3,74.3,44.1,34.1,87.5,43.6,54.1,54.8,62.1,73.9,56.4,4,92.2,3,1,3,2,7,88.6,0
STU1904,21,Female,Electrical,B.Tech,8,5.93,1,87.6,57.4,77.5,69.0,58.9,36.1,63.7,77.4,63.0,81.1,74.4,66.2,78.6,2,65.8,1,0,0,2,9,63.1,1
STU1905,22,Female,Information Technology,B.Tech,8,5.73,0,82.9,56.2,58.5,60.9,54.0,17.4,38.4,41.0,60.4,54.4,63.7,63.5,45.1,3,68.4,1,1,1,1,450,76.3,0
STU1906,22,Male,Information Technology,B.Tech,8,5.49,1,78.3,31.5,42.6,39.5,70.9,35.5,48.7,54.3,45.1,77.7,72.4,86.4,63.0,2,53.3,0,0,0,1,132,59.9,0
STU1907,21,Male,Computer Science,B.Tech,8,7.93,0,86.9,55.2,57.3,64.9,61.2,56.2,57.0,42.8,58.3,62.2,63.2,86.0,49.8,1,24.7,1,1,1,0,127,78.6,1
STU1908,21,Other,Information Technology,B.Tech,8,8.51,3,75.8,75.4,80.2,82.2,71.4,44.9,60.7,61.2,84.1,75.7,68.0,87.9,82.2,1,44.5,3,0,0,1,72,60.4,1
STU1909,21,Male,Computer Science,B.Tech,8,9.23,0,76.2,58.4,65.6,65.5,57.6,51.8,37.6,74.0,70.4,80.9,73.0,71.6,77.2,0,20.0,4,1,1,2,33,88.4,1
STU1910,21,Female,Computer Science,B.Tech,8,8.13,0,77.0,79.3,69.7,81.1,52.0,63.9,42.2,69.6,69.9,71.8,59.4,83.4,68.8,1,41.9,1,1,2,1,77,80.8,1
STU1911,21,Male,Computer Science,B.Tech,8,8.48,0,94.9,59.4,69.4,69.0,53.2,49.5,25.6,98.0,69.1,55.6,47.7,71.5,73.1,4,80.3,0,0,0,0,13,75.8,1
STU1912,22,Male,Computer Science,B.Tech,8,6.56,0,55.0,67.6,69.3,72.0,92.7,34.8,68.6,83.2,60.8,59.2,68.9,62.3,74.8,3,67.8,1,0,0,1,162,61.5,1
STU1913,21,Male,Civil,B.Tech,8,5.93,4,85.8,48.8,42.0,56.0,65.4,54.0,46.5,55.0,47.5,61.3,81.7,84.4,54.7,3,64.1,1,0,0,1,89,60.5,0
STU1914,21,Male,Civil,B.Tech,8,8.14,0,82.3,74.6,86.9,80.4,32.2,38.8,59.5,51.2,80.4,47.3,69.2,90.0,73.1,2,52.2,2,1,1,0,301,81.1,1
STU1915,21,Female,Information Technology,B.Tech,8,7.66,0,66.0,61.6,43.8,69.7,54.2,50.1,74.8,98.0,58.9,83.5,69.5,60.8,82.8,2,60.0,1,0,0,0,97,54.0,1
STU1916,21,Male,Electronics,B.Tech,8,7.32,0,84.9,65.6,65.8,62.4,63.5,79.2,55.5,82.9,71.6,71.3,64.4,60.6,76.1,1,22.3,2,1,3,2,13,65.6,1
STU1917,23,Male,Computer Science,B.Tech,8,7.63,3,86.5,55.8,52.1,55.5,89.7,50.1,50.2,76.3,56.8,56.4,75.3,72.4,55.5,4,65.1,2,1,2,1,86,96.6,0
STU1918,22,Male,Electronics,B.Tech,8,7.56,0,87.6,39.6,52.7,52.4,77.4,86.9,55.1,69.0,47.6,87.5,62.4,82.5,70.6,2,54.3,1,1,1,2,6,72.3,1
STU1919,20,Male,Electrical,B.Tech,8,8.61,0,56.8,70.5,69.0,81.6,48.2,80.8,53.0,71.8,72.3,61.6,58.6,59.5,69.8,2,64.4,2,0,0,0,131,77.0,1
STU1920,22,Male,Civil,B.Tech,8,8.62,0,95.0,64.9,74.7,73.6,98.0,44.6,71.9,47.3,70.1,73.0,80.5,74.5,60.9,5,98.0,2,1,1,0,105,97.7,1
STU1921,21,Male,Information Technology,B.Tech,8,7.8,0,75.0,54.9,62.2,56.6,61.5,35.0,57.0,70.2,58.2,60.1,57.6,65.5,71.5,2,37.8,1,1,1,0,44,69.7,1
STU1922,22,Female,Electrical,B.Tech,8,8.13,0,88.5,60.6,68.8,69.7,80.7,54.1,43.3,69.0,71.9,45.8,77.5,79.7,53.8,4,76.0,3,1,1,0,450,96.3,1
STU1923,22,Male,Computer Science,B.Tech,8,7.77,0,89.0,65.4,66.4,75.6,44.7,75.8,68.8,55.3,73.7,53.6,80.5,63.2,54.1,4,65.2,2,0,0,1,373,95.8,1
STU1924,21,Male,Civil,B.Tech,8,6.69,0,73.7,58.6,61.2,57.1,26.0,46.2,71.7,60.5,59.2,64.6,72.9,80.5,59.0,1,29.5,1,0,0,2,238,55.0,1
STU1925,20,Female,Computer Science,B.Tech,8,8.03,1,88.3,58.7,76.9,80.6,40.9,71.3,30.6,89.2,69.0,80.8,47.5,70.3,86.6,1,46.2,3,1,1,1,19,89.3,1
STU1926,21,Male,Electronics,B.Tech,8,5.67,0,78.3,54.9,37.6,43.8,15.0,76.8,76.5,66.2,46.7,74.2,65.4,61.7,56.0,5,94.9,2,0,0,4,196,77.0,1
STU1927,21,Female,Electronics,B.Tech,8,8.36,0,62.3,68.0,54.8,70.9,93.7,41.1,57.8,97.0,53.3,71.7,62.2,72.7,63.4,2,46.3,1,0,0,0,279,56.2,1
STU1928,22,Male,Electronics,B.Tech,8,5.89,0,93.1,40.6,55.5,40.1,65.2,42.8,56.5,43.6,46.4,45.9,58.1,50.7,54.6,0,25.5,1,0,0,0,51,59.2,0
STU1929,21,Female,Computer Science,B.Tech,8,7.51,1,74.6,73.3,82.7,95.1,48.1,67.8,68.1,60.7,86.0,85.2,67.0,65.8,74.4,2,42.0,3,1,1,0,23,85.1,1
STU1930,20,Female,Civil,B.Tech,8,6.27,3,73.9,56.9,55.5,44.5,68.8,57.7,42.9,46.3,52.5,72.7,75.8,75.7,53.2,2,65.9,0,0,0,1,163,44.6,0
STU1931,22,Female,Computer Science,B.Tech,8,7.81,0,78.2,74.7,62.3,79.6,64.8,42.7,67.3,51.1,79.1,68.6,58.6,52.5,56.9,3,65.1,1,0,0,0,242,66.1,1
STU1932,24,Other,Electronics,B.Tech,8,7.16,0,84.6,70.3,71.1,81.7,71.3,48.7,46.0,56.4,76.6,83.6,62.6,43.7,82.0,4,76.0,1,0,0,1,160,71.0,1
STU1933,21,Male,Computer Science,B.Tech,8,5.45,0,81.5,34.1,29.0,35.2,80.1,53.7,28.4,72.4,33.6,85.0,61.6,46.3,60.5,4,85.9,1,0,0,0,46,71.8,0
STU1934,21,Female,Computer Science,B.Tech,8,7.66,0,87.2,73.2,80.3,76.0,57.7,26.8,36.0,71.7,79.6,83.9,81.3,86.6,78.4,4,89.4,2,1,1,0,28,88.2,1
STU1935,21,Male,Information Technology,B.Tech,8,6.56,0,69.3,68.5,62.7,77.1,48.8,68.8,61.1,58.5,61.0,67.0,61.4,71.2,60.5,0,36.0,1,1,1,0,59,86.2,1
STU1936,20,Male,Information Technology,B.Tech,8,8.17,0,74.9,52.0,65.6,62.6,74.4,46.4,36.9,36.8,57.5,58.0,47.7,66.1,46.5,3,62.9,1,1,1,0,75,79.2,1
STU1937,23,Male,Computer Science,B.Tech,8,,0,80.9,71.1,60.8,64.6,74.0,10.0,77.8,88.7,73.2,81.9,43.0,82.4,73.2,1,45.9,3,1,2,2,86,85.7,1
STU1938,20,Female,Computer Science,B.Tech,8,7.63,3,98.0,66.1,60.9,65.2,63.5,54.6,71.0,64.0,60.4,53.6,70.1,67.6,51.1,1,36.0,2,1,3,2,9,62.7,0
STU1939,21,Male,Information Technology,B.Tech,8,6.15,0,80.9,47.5,41.0,36.1,94.7,41.7,73.3,52.4,49.6,93.4,54.4,75.0,71.1,3,58.9,3,0,0,0,17,70.6,0
STU1940,21,Female,Electrical,B.Tech,8,6.55,0,92.3,52.6,56.1,57.1,55.4,85.4,54.0,71.8,47.5,70.3,74.4,72.3,67.1,2,42.2,1,0,0,2,43,63.1,0
STU1941,21,Female,Mechanical,B.Tech,8,6.7,0,82.4,60.3,49.6,90.7,48.5,44.5,56.1,70.9,49.0,57.3,46.4,66.8,74.0,4,69.0,2,1,1,1,40,80.8,1
STU1942,22,Female,Computer Science,B.Tech,8,8.14,0,77.4,88.8,64.9,73.4,68.3,35.2,32.9,63.5,86.4,55.2,57.5,75.2,56.3,0,20.0,2,1,1,1,58,87.6,1
STU1943,22,Female,Information Technology,B.Tech,8,9.05,0,79.7,94.9,87.5,99.0,51.9,64.1,67.9,70.1,91.1,54.7,46.4,80.5,64.0,3,76.2,1,1,1,0,52,93.7,1
STU1944,21,Male,Computer Science,B.Tech,8,6.31,0,80.4,56.9,41.8,51.4,69.4,43.1,58.1,51.8,46.7,71.7,71.1,70.0,66.0,1,42.1,2,0,0,1,90,55.7,0
STU1945,20,Male,Computer Science,B.Tech,8,8.38,0,87.7,82.9,93.5,87.9,49.5,41.0,61.1,78.6,95.0,69.9,74.1,66.9,85.9,1,22.6,0,1,2,0,114,76.9,1
STU1946,20,Male,Electronics,B.Tech,8,4.81,0,95.1,34.2,21.7,46.4,56.0,64.2,79.0,54.0,34.2,55.2,69.7,68.2,47.1,2,32.5,1,0,0,0,20,48.5,0
STU1947,23,Male,Electronics,B.Tech,8,5.89,3,85.4,56.1,49.7,69.3,90.4,36.3,42.3,59.5,57.5,65.7,49.8,46.7,52.4,2,38.9,2,0,0,0,242,71.6,0
STU1948,22,Male,Computer Science,B.Tech,8,6.15,0,93.3,53.5,52.1,55.3,55.9,28.8,50.0,77.1,50.0,53.6,54.6,75.1,70.7,2,42.2,1,0,0,1,149,66.7,0
STU1949,21,Male,Computer Science,B.Tech,8,5.71,0,72.8,55.4,47.5,71.0,50.0,86.1,57.2,84.9,50.0,77.1,68.3,58.7,70.1,4,77.0,2,0,0,1,130,73.8,0
STU1950,22,Male,Computer Science,B.Tech,8,5.46,0,78.1,58.9,40.1,48.1,79.6,65.4,37.0,90.2,51.1,69.3,41.4,78.9,64.2,3,76.7,0,0,0,2,273,61.7,0
STU1951,22,Female,Electrical,B.Tech,8,7.65,0,75.1,58.9,43.5,57.1,46.2,50.2,49.0,82.8,54.7,65.5,61.6,71.0,70.9,1,29.5,2,0,0,1,24,51.8,0
STU1952,21,Female,Civil,B.Tech,8,6.96,0,85.0,41.7,41.2,55.1,51.6,54.9,59.9,63.5,38.9,54.5,86.2,73.2,53.1,1,51.8,1,1,2,3,43,83.6,0
STU1953,23,Male,Computer Science,B.Tech,8,7.62,1,78.6,66.9,61.6,59.6,70.6,64.1,46.8,46.4,65.1,66.4,62.5,79.7,52.0,2,33.2,1,0,0,2,9,63.7,1
STU1954,21,Female,Computer Science,B.Tech,8,7.96,4,88.9,58.6,65.8,54.9,76.1,72.5,72.9,87.7,63.5,65.0,44.2,61.8,72.3,2,46.5,1,0,0,0,58,74.0,0
STU1955,21,Male,Mechanical,B.Tech,8,7.49,3,73.2,74.0,68.9,74.6,80.3,41.4,27.8,87.2,77.9,73.8,56.5,76.1,71.7,2,57.9,1,0,0,1,68,70.0,1
STU1956,21,Male,Mechanical,B.Tech,8,7.92,0,82.4,70.5,80.6,73.8,50.8,61.6,70.0,58.6,79.3,72.0,56.2,74.9,52.5,1,43.5,2,1,2,0,75,87.8,1
STU1957,20,Female,Information Technology,B.Tech,8,7.12,2,88.5,80.6,64.7,85.7,70.9,45.9,62.6,80.9,65.1,79.5,95.0,70.0,70.2,3,61.6,2,1,1,1,8,78.1,1
STU1958,21,Male,Computer Science,B.Tech,8,5.89,0,62.4,33.4,46.9,37.4,55.0,51.6,42.9,63.3,39.1,64.2,88.3,61.8,55.6,1,45.0,1,0,0,1,3,45.2,0
STU1959,22,Male,Computer Science,B.Tech,8,8.36,0,98.0,75.6,60.5,94.5,52.9,57.9,37.2,89.0,63.4,47.7,75.2,78.5,57.0,2,58.1,1,1,1,1,52,98.0,1
STU1960,20,Other,Information Technology,B.Tech,8,6.55,0,79.3,73.4,67.8,81.8,80.0,54.9,18.7,60.8,73.4,81.9,60.2,79.7,74.8,2,43.2,1,0,0,0,20,48.0,1
STU1961,22,Female,Information Technology,B.Tech,8,6.17,1,62.8,66.3,60.8,56.5,53.8,68.2,39.3,95.7,68.2,58.8,81.8,73.2,65.8,1,38.1,2,1,2,1,111,63.9,1
STU1962,21,Female,Computer Science,B.Tech,8,7.0,0,83.5,58.6,57.6,59.7,66.2,63.8,68.8,79.0,58.6,56.7,49.1,60.2,66.5,3,72.0,1,0,0,0,126,67.3,1
STU1963,21,Female,Information Technology,B.Tech,8,6.2,0,82.3,52.7,64.7,51.2,64.3,27.9,51.1,93.2,57.4,69.5,80.1,66.2,67.8,2,43.9,1,1,1,0,38,74.2,1
STU1964,21,Female,Computer Science,B.Tech,8,6.74,0,81.2,68.0,69.9,60.4,45.9,30.6,70.6,61.5,69.3,73.6,78.0,71.3,74.3,2,66.9,1,0,0,1,4,56.6,1
STU1965,21,Male,Electrical,B.Tech,8,7.58,0,91.4,63.4,58.2,52.2,76.5,48.3,42.1,73.7,61.8,63.6,62.9,79.6,57.4,2,41.6,1,0,0,1,19,69.2,1
STU1966,22,Male,Computer Science,B.Tech,8,7.58,0,89.1,62.1,58.6,59.1,70.4,87.9,63.3,54.4,57.1,63.5,80.9,54.6,45.3,4,81.4,0,1,3,0,155,92.5,1
STU1967,21,Male,Computer Science,B.Tech,8,6.21,2,84.8,63.4,50.9,51.2,32.2,39.7,40.5,79.8,51.1,65.3,58.7,65.8,72.8,3,52.5,0,1,1,1,450,74.7,1
STU1968,21,Male,Information Technology,B.Tech,8,6.66,0,86.3,77.0,69.0,89.1,66.2,51.3,36.6,80.6,62.7,87.0,47.3,67.6,74.5,2,51.0,1,0,0,1,38,58.5,1
STU1969,21,Female,Information Technology,B.Tech,8,8.38,0,81.0,66.2,49.4,68.0,50.4,45.3,50.3,98.0,64.1,70.0,78.7,71.1,82.8,1,24.3,0,0,0,0,126,58.3,1
STU1970,22,Male,Civil,B.Tech,8,7.75,0,98.0,72.8,66.0,74.3,78.5,45.0,41.4,74.7,71.9,58.4,63.8,57.7,69.0,0,20.0,1,1,2,1,121,66.0,1
STU1971,23,Female,Information Technology,B.Tech,8,9.48,0,67.9,73.0,58.9,78.8,40.3,58.2,27.3,78.1,67.8,58.5,73.4,69.6,69.2,1,20.0,0,1,2,0,4,64.3,1
STU1972,22,Female,Computer Science,B.Tech,8,8.5,0,83.3,86.7,87.2,89.3,56.7,80.2,49.1,61.4,93.3,67.0,90.5,68.6,77.7,5,98.0,1,1,2,2,372,98.0,1
STU1973,21,Female,Electronics,B.Tech,8,8.46,0,82.6,68.5,69.6,81.9,67.4,63.2,53.7,75.6,62.8,72.9,54.9,60.6,73.4,2,53.6,1,1,1,0,60,89.0,1
STU1974,20,Female,Computer Science,B.Tech,8,5.67,0,89.7,39.6,23.0,34.8,62.8,40.5,72.3,62.7,22.6,75.8,63.0,70.7,56.8,4,90.9,2,0,0,0,440,69.4,0
STU1975,21,Female,Mechanical,B.Tech,8,8.04,0,74.0,73.8,82.3,77.3,73.4,98.0,67.0,69.6,80.0,71.5,87.0,66.0,81.9,1,31.5,3,1,2,2,60,66.0,1
STU1976,21,Male,Information Technology,B.Tech,8,7.14,0,65.4,74.6,76.2,83.6,39.2,56.4,71.5,70.4,76.9,59.9,74.4,77.5,68.6,2,61.3,2,0,0,2,26,62.0,1
STU1977,20,Female,Information Technology,B.Tech,8,6.59,0,83.5,68.5,64.6,53.8,86.8,44.6,63.5,63.1,57.9,64.9,55.2,62.3,59.9,5,95.4,1,1,1,2,450,97.6,1
STU1978,21,Male,Computer Science,B.Tech,8,7.38,0,84.7,73.5,57.1,92.1,69.9,80.4,57.3,68.9,67.1,78.8,51.6,73.0,72.8,1,36.1,2,0,0,0,22,51.0,1
STU1979,21,Female,Information Technology,B.Tech,8,8.24,0,96.2,64.3,75.7,76.5,82.4,46.6,32.3,62.7,68.0,56.2,57.6,63.1,51.3,2,71.1,0,1,1,0,206,83.5,1
STU1980,21,Male,Electrical,B.Tech,8,7.75,4,69.9,77.3,83.1,81.3,75.1,84.9,54.4,62.7,76.2,64.4,54.7,65.4,77.4,4,75.2,0,0,0,1,25,67.4,1
STU1981,22,Female,Electrical,B.Tech,8,6.23,0,93.0,41.8,43.3,59.0,61.8,39.3,61.5,83.1,40.9,77.2,68.3,75.3,76.8,4,92.3,0,1,2,0,148,79.8,1
STU1982,20,Female,Computer Science,B.Tech,8,8.02,0,98.0,65.4,79.3,77.6,42.7,80.7,75.3,70.5,60.1,80.5,66.1,74.6,84.3,3,69.8,0,1,1,3,60,76.6,1
STU1983,20,Male,Computer Science,B.Tech,8,6.5,0,78.4,54.0,49.9,54.9,53.5,58.6,63.0,72.9,49.0,67.7,68.9,67.4,70.9,4,74.3,1,1,1,0,450,75.9,1
STU1984,22,Male,Electrical,B.Tech,8,7.44,0,69.7,57.9,59.9,57.9,85.8,78.2,71.8,47.6,55.4,65.1,53.2,69.0,57.8,3,51.8,1,1,2,0,23,95.2,1
STU1985,21,Other,Civil,B.Tech,8,6.87,3,78.1,55.1,55.8,46.7,82.8,89.2,35.5,73.9,58.2,54.1,64.0,56.0,59.9,1,24.7,0,0,0,1,41,59.0,0
STU1986,22,Male,Computer Science,B.Tech,8,6.96,0,82.1,56.5,70.1,66.6,52.7,34.6,46.8,75.4,62.5,76.3,36.2,87.4,66.8,3,76.3,3,0,0,2,116,80.0,1
STU1987,21,Female,Information Technology,B.Tech,8,8.04,0,87.4,67.1,59.2,80.0,19.7,78.0,58.9,62.4,66.3,85.8,67.0,79.6,81.3,5,98.0,3,0,0,0,450,96.4,1
STU1988,21,Female,Computer Science,B.Tech,8,6.06,0,76.4,62.0,57.3,63.2,58.8,29.6,70.6,97.2,46.9,98.0,81.5,79.2,82.6,2,50.9,4,0,0,3,35,74.3,1
STU1989,22,Male,Mechanical,B.Tech,8,9.34,0,96.8,64.1,73.4,93.3,57.7,36.2,49.7,36.0,64.6,74.6,45.1,54.5,64.7,1,36.4,0,1,1,1,39,84.9,1
STU1990,22,Male,Computer Science,B.Tech,8,5.2,1,71.4,55.5,40.5,50.4,58.3,40.5,50.7,79.0,50.8,69.4,71.8,65.4,65.1,2,57.8,3,0,0,2,59,57.5,0
STU1991,22,Male,Computer Science,B.Tech,8,6.54,0,65.5,52.3,59.4,41.1,69.9,64.1,63.0,78.0,54.3,59.0,56.4,68.3,56.8,3,65.7,2,1,1,1,33,95.2,1
STU1992,21,Female,Electrical,B.Tech,8,7.61,0,92.5,70.1,58.7,73.7,75.1,55.6,34.0,75.6,68.6,47.5,76.2,50.8,48.8,1,46.0,3,1,2,2,133,92.7,1
STU1993,21,Male,Computer Science,B.Tech,8,7.84,0,60.4,67.0,59.2,82.7,76.9,52.0,77.7,70.5,54.1,72.1,67.2,81.8,67.8,3,67.9,1,1,1,0,11,88.4,1
STU1994,21,Male,Information Technology,B.Tech,8,7.09,0,80.1,50.1,58.0,72.7,68.7,57.6,37.9,75.7,57.7,98.0,70.7,88.0,76.6,2,51.4,2,1,1,2,117,79.1,1
STU1995,20,Male,Information Technology,B.Tech,8,7.14,2,98.0,65.8,52.1,64.9,35.0,65.6,21.3,80.2,55.8,85.2,65.9,94.7,73.2,2,43.0,0,1,2,1,73,63.8,1
STU1996,23,Female,Computer Science,B.Tech,8,7.65,0,81.9,71.6,72.0,75.3,56.9,67.0,52.2,57.8,68.1,83.4,83.6,60.5,78.7,2,40.5,0,1,1,0,27,77.4,1
STU1997,20,Female,Information Technology,B.Tech,8,6.95,0,71.4,61.6,49.2,86.5,96.6,74.7,79.2,72.2,60.4,72.9,69.9,73.3,66.9,1,20.0,0,0,0,0,53,66.3,1
STU1998,23,Other,Information Technology,B.Tech,8,8.73,0,81.5,95.5,99.0,99.0,67.6,87.8,61.4,65.4,100.0,74.3,55.1,86.6,83.6,2,62.3,3,1,1,1,170,82.6,1
STU1999,21,Male,Computer Science,B.Tech,8,8.12,0,81.5,76.8,83.8,68.8,67.5,54.6,64.0,52.7,85.5,40.9,66.4,69.2,60.0,2,48.5,0,1,1,0,57,85.6,1
STU2000,21,Female,Information Technology,B.Tech,8,8.16,0,83.5,69.5,67.2,71.0,67.4,45.6,52.7,78.0,78.5,79.2,59.8,65.8,73.3,2,46.0,0,1,1,0,12,73.9,1
STU2001,21,Female,Electrical,B.Tech,8,6.14,0,88.3,45.4,52.0,58.3,68.2,66.0,49.6,60.1,55.0,63.0,67.3,51.5,52.8,1,20.0,3,1,1,0,3,73.5,1
STU2002,22,Female,Electrical,B.Tech,8,7.11,0,72.1,62.6,47.6,47.0,26.3,34.4,27.3,47.0,51.1,61.6,59.1,84.5,54.6,2,43.6,0,0,0,0,144,49.0,0
STU2003,22,Female,Computer Science,B.Tech,8,6.87,0,98.0,50.2,72.5,61.7,58.4,42.8,15.8,60.5,62.1,66.1,55.5,71.8,66.8,2,42.3,3,1,1,1,39,78.5,1
STU2004,22,Male,Computer Science,B.Tech,8,6.09,0,84.3,48.7,58.7,60.2,61.4,73.0,55.1,56.8,51.9,65.7,67.8,64.0,66.4,5,87.1,2,1,1,0,402,97.5,1
STU2005,22,Male,Computer Science,B.Tech,8,7.6,3,88.9,42.9,46.2,64.8,81.2,52.8,73.0,82.4,54.7,61.4,65.8,75.1,62.2,3,68.3,0,0,0,0,109,71.6,0
STU2006,22,Female,Information Technology,B.Tech,8,6.61,0,76.0,34.7,36.2,57.1,62.7,33.3,57.5,70.1,41.0,70.2,79.9,73.7,58.2,4,81.2,0,1,2,0,76,83.3,1
STU2007,22,Male,Information Technology,B.Tech,8,7.92,0,94.2,63.1,59.4,72.1,37.3,28.2,62.0,87.4,60.3,63.3,59.2,73.9,68.0,2,36.4,1,0,0,0,80,61.7,1
STU2008,21,Female,Electronics,B.Tech,8,6.02,0,79.6,59.8,48.4,38.5,68.5,55.9,77.3,58.7,58.5,71.2,37.3,69.6,55.1,2,37.0,4,0,0,1,59,61.3,0
STU2009,21,Female,Computer Science,B.Tech,8,9.09,0,84.6,74.2,87.0,85.7,49.9,75.6,57.3,80.2,74.4,52.2,59.9,89.8,79.7,1,22.0,3,1,1,0,184,88.9,1
STU2010,21,Male,Computer Science,B.Tech,8,6.21,0,73.1,55.6,54.0,73.3,43.7,75.3,50.0,98.0,56.1,67.4,42.2,70.5,79.4,3,83.1,1,0,0,0,70,60.9,1
STU2011,24,Female,Information Technology,B.Tech,8,7.44,1,72.5,56.4,50.3,56.4,49.5,57.0,38.9,73.0,48.7,56.8,70.8,89.8,52.4,2,64.9,1,1,3,0,11,80.4,0
STU2012,23,Male,Electronics,B.Tech,8,8.07,0,88.5,72.7,60.5,51.7,70.1,91.2,84.4,80.1,58.2,62.3,41.6,78.2,71.9,3,56.5,1,1,1,2,104,83.7,1
STU2013,20,Male,Computer Science,B.Tech,8,6.57,0,77.8,64.1,65.2,64.8,80.9,53.1,60.4,77.7,68.6,71.7,51.2,75.9,60.5,2,30.2,2,1,1,0,94,76.9,1
STU2014,22,Female,Electronics,B.Tech,8,8.14,0,73.9,67.4,67.5,63.9,69.2,52.5,36.9,48.1,72.0,50.8,59.9,70.8,60.9,1,36.3,1,1,1,2,113,77.8,1
STU2015,23,Female,Computer Science,B.Tech,8,5.85,0,75.9,59.9,54.0,43.7,71.5,10.0,33.3,76.2,59.2,60.1,86.6,82.7,58.9,1,35.5,0,0,0,0,211,51.2,0
STU2016,21,Male,Mechanical,B.Tech,8,8.8,0,88.6,99.0,95.3,94.2,69.1,46.9,72.0,72.3,96.2,76.8,50.0,73.2,83.2,3,68.2,2,1,2,1,67,98.0,1
STU2017,21,Male,Mechanical,B.Tech,8,7.22,0,76.0,52.7,58.1,52.4,63.5,70.3,35.4,64.4,49.1,53.0,65.2,61.7,46.4,1,42.4,1,0,0,0,34,55.2,1
STU2018,23,Female,Computer Science,B.Tech,8,6.54,0,80.9,46.8,55.7,78.8,72.5,83.2,81.7,55.6,45.4,91.3,73.1,61.4,62.7,1,39.5,0,1,2,0,53,70.5,1
STU2019,20,Female,Computer Science,B.Tech,8,6.87,0,82.1,60.0,33.0,57.9,25.7,40.1,10.0,77.7,41.7,84.5,85.8,76.6,69.8,4,68.8,2,0,0,1,304,89.9,1
STU2020,22,Female,Information Technology,B.Tech,8,8.09,0,63.8,57.9,53.2,66.5,63.7,63.3,74.8,54.4,54.4,64.1,75.9,62.0,53.7,3,67.9,1,1,1,2,446,90.9,1
STU2021,21,Male,Computer Science,B.Tech,8,6.56,0,68.0,53.3,39.7,43.7,46.3,73.8,59.8,97.9,51.9,60.6,80.3,71.3,60.5,1,43.5,1,0,0,0,277,64.6,1
STU2022,23,Male,Electronics,B.Tech,8,6.38,0,85.2,57.9,63.8,60.0,79.4,55.2,53.9,69.6,66.2,72.4,77.1,83.6,77.4,1,27.8,2,0,0,0,20,53.6,1
STU2023,24,Male,Electrical,B.Tech,8,6.96,0,75.0,69.5,71.8,67.3,59.8,13.9,49.2,50.9,62.4,52.6,48.1,75.3,71.1,1,38.0,1,1,1,0,54,66.1,1
STU2024,23,Female,Electronics,B.Tech,8,5.91,0,92.0,58.4,46.7,50.9,62.5,59.5,82.3,60.8,49.1,46.0,70.0,64.1,56.3,2,44.5,2,0,0,3,29,60.4,0
STU2025,21,Male,Electrical,B.Tech,8,9.2,0,91.2,70.6,71.4,74.8,39.4,68.7,63.3,64.1,67.4,64.5,76.9,87.5,59.9,3,85.0,3,1,1,2,52,98.0,1
STU2026,22,Male,Information Technology,B.Tech,8,6.58,0,88.8,51.0,44.5,51.9,77.3,37.9,37.5,98.0,35.1,68.4,51.6,78.0,80.7,1,21.7,2,0,0,0,3,67.9,1
STU2027,22,Female,Computer Science,B.Tech,8,8.11,0,98.0,71.0,85.7,80.2,71.4,50.4,24.5,55.6,81.2,71.1,56.9,83.2,61.5,4,91.6,2,1,2,2,23,89.6,1
STU2028,21,Male,Electronics,B.Tech,8,7.43,0,81.2,63.3,57.8,77.0,70.4,34.2,54.8,66.4,59.3,62.6,53.8,47.1,60.5,1,20.0,2,0,0,0,39,62.0,1
STU2029,22,Other,Information Technology,B.Tech,8,,0,88.2,52.8,64.5,60.4,49.8,10.0,52.0,60.5,58.1,85.3,75.8,75.6,71.9,1,52.9,1,0,0,1,35,62.1,1
STU2030,20,Female,Electronics,B.Tech,8,7.19,0,76.4,59.8,63.3,69.3,50.4,73.5,27.7,75.0,68.3,52.1,64.0,81.3,73.9,5,83.6,0,0,0,1,49,75.5,1
STU2031,21,Female,Computer Science,B.Tech,8,8.06,0,98.0,80.0,79.9,87.5,65.4,54.9,51.1,60.7,80.4,56.3,60.5,90.7,70.2,1,36.9,1,1,1,0,20,76.2,1
STU2032,21,Male,Computer Science,B.Tech,8,6.99,0,98.0,67.4,65.7,75.1,51.6,83.8,42.8,52.1,64.4,75.8,47.1,55.9,62.9,4,63.7,2,0,0,0,182,77.9,1
STU2033,20,Male,Civil,B.Tech,8,8.51,2,82.1,67.3,65.7,64.3,68.5,70.4,52.1,65.3,69.4,56.1,64.1,85.3,56.1,3,51.5,1,1,1,3,40,79.0,1
STU2034,20,Female,Computer Science,B.Tech,8,8.32,0,85.7,64.8,47.1,61.7,29.6,48.6,63.6,63.8,61.2,55.6,57.1,90.1,61.5,0,29.0,1,0,0,2,74,48.1,1
STU2035,22,Female,Civil,B.Tech,8,8.21,0,94.9,73.5,73.0,78.8,54.7,53.5,75.9,59.7,74.7,71.5,68.4,49.8,65.2,2,60.3,2,0,0,2,44,58.1,1
STU2036,21,Female,Civil,B.Tech,8,6.69,0,80.6,60.9,53.9,68.6,89.0,65.2,66.5,60.5,60.8,57.4,49.0,77.3,58.6,2,52.4,0,0,0,0,155,58.4,0
STU2037,22,Male,Electrical,B.Tech,8,6.01,0,75.8,49.8,50.5,59.5,68.6,72.4,40.5,84.6,49.4,68.4,67.5,78.8,59.7,4,87.4,2,0,0,0,24,79.4,1
STU2038,20,Female,Electronics,B.Tech,8,6.53,0,90.3,61.1,60.3,64.7,64.5,60.8,57.9,63.5,60.3,61.6,58.9,68.4,65.2,2,60.4,1,0,0,1,16,66.2,1
STU2039,21,Female,Information Technology,B.Tech,8,7.42,0,82.7,63.8,55.3,73.7,91.8,74.9,53.0,52.1,60.1,59.7,47.5,66.6,59.0,2,43.2,1,1,1,2,109,87.8,1
STU2040,21,Female,Mechanical,B.Tech,8,7.8,0,83.7,65.8,64.8,68.2,27.0,49.7,30.7,61.5,61.5,44.8,46.4,79.3,48.4,1,21.0,1,1,1,3,192,86.8,1
STU2041,22,Female,Computer Science,B.Tech,8,4.81,0,74.1,50.2,37.5,50.4,49.8,37.1,58.4,68.8,41.0,71.7,48.5,65.2,66.8,2,49.9,0,0,0,0,15,50.4,0
STU2042,21,Female,Information Technology,B.Tech,8,7.19,0,65.7,55.9,42.6,57.3,56.0,53.8,81.7,49.3,56.1,55.0,62.1,69.6,52.9,1,29.2,1,0,0,1,6,57.2,0
STU2043,22,Female,Electronics,B.Tech,8,7.37,0,84.2,72.9,78.3,76.7,74.9,58.7,52.5,90.8,85.6,68.0,66.7,80.9,82.4,0,23.9,1,1,1,1,164,80.3,1
STU2044,22,Male,Information Technology,B.Tech,8,6.89,0,90.6,64.1,54.3,66.0,75.1,33.4,26.5,80.1,67.2,63.9,68.8,91.3,63.6,5,98.0,1,0,0,0,19,71.0,1
STU2045,22,Male,Information Technology,B.Tech,8,8.62,0,79.9,84.2,79.8,82.3,49.0,30.9,52.5,88.0,75.4,67.5,69.3,77.9,78.4,1,28.2,2,1,2,0,22,73.1,1
STU2046,21,Male,Computer Science,B.Tech,8,7.66,0,95.6,72.0,83.7,80.7,77.0,63.1,32.6,73.5,70.8,68.2,54.4,73.5,74.8,1,42.0,1,1,1,0,207,71.9,1
STU2047,20,Male,Information Technology,B.Tech,8,8.64,0,75.3,65.8,55.8,53.8,56.0,47.7,65.8,38.7,54.8,72.3,79.8,66.3,56.4,3,71.5,2,1,2,1,185,88.9,1
STU2048,22,Male,Mechanical,B.Tech,8,6.96,0,72.0,57.1,44.4,56.9,80.2,52.0,60.4,89.5,51.4,61.3,58.8,60.9,65.7,3,72.2,2,1,1,2,48,86.2,1
STU2049,20,Male,Computer Science,B.Tech,8,8.23,0,81.4,81.4,76.6,80.2,46.5,48.5,49.3,55.9,65.0,84.9,71.3,84.2,81.2,0,20.0,0,1,1,2,185,61.1,1
STU2050,22,Male,Civil,B.Tech,8,9.0,0,81.2,86.6,81.3,82.1,60.2,82.4,46.7,57.0,81.0,47.8,62.7,70.3,67.1,1,42.8,1,1,1,1,65,83.0,1
STU2051,21,Male,Electronics,B.Tech,8,8.64,0,89.3,79.2,64.2,75.2,54.6,77.7,48.6,70.2,78.7,67.3,70.3,84.7,60.1,1,40.2,0,1,1,0,6,70.0,1
STU2052,23,Female,Electrical,B.Tech,8,6.0,2,74.6,47.2,42.6,44.7,77.8,32.7,52.1,87.3,49.8,80.0,62.0,68.4,76.9,0,26.4,3,1,2,1,73,80.8,0
STU2053,22,Female,Information Technology,B.Tech,8,6.92,4,95.0,66.1,60.2,70.1,54.2,45.4,39.6,82.7,60.6,75.7,70.5,64.9,80.3,3,81.8,3,0,0,2,88,65.1,0
STU2054,24,Male,Electrical,B.Tech,8,6.82,0,98.0,73.7,52.6,71.4,61.4,70.3,29.8,80.7,61.0,58.3,64.9,76.6,62.4,2,53.3,0,0,0,1,82,56.2,1
STU2055,21,Female,Computer Science,B.Tech,8,7.74,0,81.6,57.9,51.4,51.8,69.6,65.8,70.2,63.6,57.5,60.3,76.4,71.2,61.7,3,58.9,1,1,1,0,450,82.3,1
STU2056,22,Female,Electrical,B.Tech,8,7.95,0,93.9,58.7,48.0,57.8,70.2,54.3,45.8,63.4,58.0,57.9,53.5,58.7,59.5,2,38.9,4,1,1,3,16,94.6,1
STU2057,21,Male,Computer Science,B.Tech,8,6.28,0,72.0,57.1,54.8,58.8,75.3,34.5,54.7,72.8,53.3,77.2,40.2,92.0,64.1,3,76.3,2,0,0,2,122,75.5,1
STU2058,21,Male,Mechanical,B.Tech,8,7.27,0,92.2,66.3,60.2,79.3,65.2,42.7,56.6,66.2,62.1,61.1,51.4,65.1,60.1,2,53.6,1,1,2,2,59,80.2,1
STU2059,22,Male,Civil,B.Tech,8,4.98,0,91.9,40.0,45.7,45.0,55.7,45.7,57.2,80.5,40.0,73.1,80.0,82.2,71.6,4,96.7,0,1,1,3,42,73.9,1
STU2060,22,Female,Computer Science,B.Tech,8,8.79,2,90.2,76.6,89.4,77.9,56.8,60.0,33.2,79.6,76.3,73.2,62.8,81.3,77.0,2,29.7,1,0,0,0,114,74.7,1
STU2061,24,Female,Computer Science,B.Tech,8,6.64,0,81.9,46.3,53.5,57.0,62.4,85.7,25.2,76.3,48.8,98.0,66.3,58.1,84.0,3,74.1,2,0,0,2,126,76.3,1
STU2062,22,Male,Electrical,B.Tech,8,7.26,0,55.0,38.8,31.9,61.5,65.7,42.6,42.6,32.6,33.9,73.8,50.2,61.0,56.7,2,47.4,2,0,0,1,186,69.2,0
STU2063,21,Male,Computer Science,B.Tech,8,6.86,0,75.9,46.6,63.5,65.3,59.8,36.5,58.3,69.8,48.7,60.3,65.9,68.7,71.0,2,46.5,1,0,0,0,203,64.5,1
STU2064,21,Male,Mechanical,B.Tech,8,8.46,1,76.1,67.1,81.4,79.8,62.3,53.0,40.4,66.5,77.5,52.5,50.7,62.5,77.2,3,57.4,0,0,0,1,94,74.0,1
STU2065,22,Male,Computer Science,B.Tech,8,4.5,0,72.7,35.0,34.2,44.8,39.2,73.6,46.3,70.4,37.0,66.7,52.7,91.0,57.5,1,44.0,3,0,0,0,31,41.8,0
STU2066,21,Male,Computer Science,B.Tech,8,7.18,0,83.2,52.4,59.0,66.3,72.0,29.0,86.0,57.4,59.2,68.6,59.4,69.8,63.4,2,56.1,2,1,1,0,72,78.9,1
STU2067,20,Male,Civil,B.Tech,8,7.08,0,78.0,44.0,39.8,57.3,64.7,81.2,22.5,49.5,38.1,43.5,71.2,81.8,46.1,3,53.6,0,0,0,4,51,66.3,0
STU2068,21,Female,Electronics,B.Tech,8,6.7,1,74.2,38.7,37.8,60.4,77.0,51.9,39.9,74.5,28.3,61.4,72.7,77.7,57.9,3,66.6,0,0,0,0,37,59.5,0
STU2069,21,Female,Electrical,B.Tech,8,9.1,0,71.9,94.0,77.2,96.1,62.0,41.8,82.3,63.0,87.9,73.6,73.1,74.9,74.8,2,57.1,1,1,1,3,77,83.1,1
STU2070,21,Male,Computer Science,B.Tech,8,6.22,2,75.2,69.4,73.0,57.3,35.9,26.2,51.3,76.0,67.9,63.6,42.8,72.4,59.9,2,51.8,1,0,0,0,103,61.9,1
STU2071,21,Female,Electronics,B.Tech,8,8.05,0,92.7,80.6,65.5,68.9,56.6,67.7,40.7,58.6,68.6,81.6,64.9,85.6,71.1,1,46.1,1,1,1,0,70,79.4,1
STU2072,20,Male,Information Technology,B.Tech,8,7.59,0,75.7,69.4,56.0,62.2,59.0,51.9,70.7,87.8,56.4,51.3,62.2,62.9,55.4,4,77.1,0,1,1,0,408,89.1,1
STU2073,20,Male,Electronics,B.Tech,8,8.59,0,77.1,57.9,62.0,67.3,73.1,58.1,52.9,82.0,58.6,78.1,43.5,91.0,68.7,2,27.5,4,0,0,1,34,74.0,1
STU2074,24,Male,Electronics,B.Tech,8,6.47,0,77.7,70.3,53.4,57.6,30.9,38.8,46.4,72.2,69.7,81.0,65.2,57.8,74.5,3,66.9,2,1,1,0,53,72.5,1
STU2075,21,Female,Information Technology,B.Tech,8,6.39,0,85.2,53.6,54.3,69.0,62.6,49.3,55.1,65.0,51.4,81.5,61.5,80.6,67.2,0,21.8,0,1,1,4,66,67.0,1
STU2076,21,Female,Information Technology,B.Tech,8,8.41,2,86.3,76.1,73.2,62.8,69.7,46.2,41.5,79.9,69.2,51.2,72.2,56.5,70.6,1,38.1,3,1,2,1,72,79.7,1
STU2077,22,Female,Computer Science,B.Tech,8,7.67,0,55.0,41.4,43.1,47.8,52.1,53.2,35.7,73.5,45.5,73.8,66.1,68.5,63.2,2,61.1,2,1,2,2,0,77.2,1
STU2078,21,Male,Electrical,B.Tech,8,5.5,0,91.7,39.9,27.9,38.9,63.1,42.9,50.2,71.3,34.8,62.0,57.3,73.0,61.2,3,45.5,1,0,0,0,43,53.8,0
STU2079,23,Female,Computer Science,B.Tech,8,6.61,0,95.6,58.3,55.5,45.9,52.6,27.4,35.8,82.6,46.3,53.1,78.0,66.6,61.2,2,47.6,3,1,1,0,28,92.6,1
STU2080,22,Male,Electronics,B.Tech,8,7.63,0,72.0,67.8,74.3,83.7,51.1,98.0,52.2,88.0,74.4,65.0,33.9,70.0,63.0,0,20.0,1,1,1,3,110,71.2,1
STU2081,20,Female,Computer Science,B.Tech,8,8.12,0,72.8,79.4,79.2,67.3,55.9,30.5,57.7,50.5,89.9,59.1,64.1,56.7,63.9,1,22.9,2,1,1,0,157,83.2,1
STU2082,21,Male,Electronics,B.Tech,8,6.45,0,77.7,56.6,48.3,54.3,51.3,58.3,65.6,53.3,39.4,81.0,40.3,61.1,49.9,1,34.3,1,0,0,0,26,60.3,1
STU2083,22,Male,Electronics,B.Tech,8,4.5,0,74.8,37.8,30.1,51.2,72.3,23.1,70.0,57.1,27.8,,52.2,77.5,47.9,1,42.0,1,0,0,0,8,46.7,0
STU2084,23,Female,Computer Science,B.Tech,8,7.78,0,84.1,63.4,62.8,75.0,51.0,19.1,45.5,47.0,48.9,56.2,72.3,72.3,50.1,1,38.0,1,1,1,3,18,83.2,1
STU2085,21,Female,Computer Science,B.Tech,8,5.86,3,63.5,60.2,64.3,49.4,48.5,56.8,60.0,67.1,61.9,61.3,47.2,64.4,57.9,3,58.1,1,0,0,0,22,52.9,0
STU2086,22,Male,Computer Science,B.Tech,8,4.98,0,71.4,40.9,47.4,53.3,88.5,58.1,59.9,76.4,49.1,65.4,45.1,86.6,60.0,2,48.5,1,0,0,0,26,45.2,0
STU2087,21,Female,Electronics,B.Tech,8,4.5,1,96.6,44.3,41.7,44.1,76.4,77.7,57.2,67.7,43.5,69.1,95.0,58.6,54.2,2,59.3,3,0,0,1,26,50.9,0
STU2088,24,Male,Electrical,B.Tech,8,8.1,0,73.2,74.0,70.9,88.4,34.1,62.2,44.3,60.5,79.4,82.1,46.0,68.0,63.8,5,98.0,2,1,2,3,98,98.0,1
STU2089,21,Female,Computer Science,B.Tech,8,7.34,0,93.8,53.0,64.0,69.3,50.5,52.3,35.6,83.8,62.7,78.3,88.1,66.4,84.9,2,44.5,0,1,1,0,37,78.4,1
STU2090,23,Female,Electronics,B.Tech,8,6.95,0,85.4,69.7,61.8,64.8,65.6,37.9,60.0,70.0,74.3,70.6,62.6,78.8,63.7,4,73.8,0,0,0,0,108,64.0,1
STU2091,22,Female,Computer Science,B.Tech,8,8.73,0,64.8,88.7,79.0,72.5,66.9,82.0,24.7,72.8,89.7,66.9,57.7,72.5,58.9,1,20.0,3,0,0,0,33,70.1,1
STU2092,22,Female,Information Technology,B.Tech,8,7.9,1,88.0,71.7,64.4,67.2,39.6,71.7,47.7,84.2,66.0,48.7,72.9,70.8,61.9,2,45.7,1,0,0,0,162,75.7,1
STU2093,21,Female,Mechanical,B.Tech,8,8.98,0,80.9,90.7,75.2,83.5,79.4,32.6,11.1,66.3,83.3,85.5,83.7,51.7,69.9,2,32.6,1,0,0,0,289,64.4,1
STU2094,21,Male,Computer Science,B.Tech,8,5.67,0,77.7,56.5,53.4,64.3,74.4,55.7,30.6,96.8,50.6,64.6,49.0,81.5,65.6,2,70.7,2,0,0,0,50,63.0,1
STU2095,21,Female,Information Technology,B.Tech,8,7.16,1,84.3,54.0,62.3,58.8,69.2,57.6,38.0,61.7,57.0,88.7,57.9,69.6,76.9,2,41.4,3,1,3,1,5,80.2,1
STU2096,21,Male,Computer Science,B.Tech,8,5.42,0,86.5,54.2,43.3,60.7,82.4,48.8,69.5,96.0,49.1,72.4,76.9,73.3,68.1,1,46.1,2,0,0,0,21,63.4,1
STU2097,21,Male,Computer Science,B.Tech,8,6.95,0,88.7,40.3,51.9,63.3,68.8,68.9,63.0,54.4,45.7,94.3,69.0,63.8,62.7,3,83.2,0,0,0,0,12,67.8,1
STU2098,22,Male,Computer Science,B.Tech,8,6.93,0,93.2,51.1,60.0,34.4,68.7,70.0,43.1,75.2,62.3,77.3,80.4,62.0,74.2,2,52.2,1,0,0,3,41,50.5,1
STU2099,21,Male,Computer Science,B.Tech,8,7.89,1,85.9,72.7,67.7,83.0,85.4,51.6,63.7,59.0,68.5,52.8,72.2,88.5,66.0,0,20.0,2,0,0,0,62,57.5,1
STU2100,20,Female,Electronics,B.Tech,8,7.25,0,68.9,68.9,58.0,69.2,78.5,49.9,66.2,83.7,58.8,62.6,90.3,52.5,70.8,2,36.8,3,1,1,0,70,69.4,1
STU2101,23,Male,Information Technology,B.Tech,8,7.89,0,77.5,63.5,56.0,63.6,49.4,82.0,49.4,61.3,55.4,68.0,67.5,60.4,47.7,3,60.0,4,0,0,0,32,89.8,1
STU2102,22,Female,Information Technology,B.Tech,8,7.97,0,98.0,60.0,58.8,61.1,71.5,71.8,29.8,72.1,62.7,59.5,68.1,88.3,56.4,1,51.0,1,1,1,1,114,92.3,1
STU2103,23,Male,Computer Science,B.Tech,8,9.57,3,88.9,73.3,70.2,73.5,52.0,56.3,48.7,58.9,64.7,65.5,69.5,79.0,65.2,0,23.5,2,1,2,1,8,63.8,1
STU2104,24,Male,Computer Science,B.Tech,8,6.85,0,98.0,65.7,55.4,61.2,69.6,25.7,50.4,81.1,59.5,53.6,63.0,68.4,60.9,3,65.3,0,1,1,2,30,66.0,1
STU2105,21,Male,Electronics,B.Tech,8,6.16,0,95.3,59.0,46.7,82.0,69.1,61.2,32.3,58.8,59.5,70.1,76.9,85.7,57.7,5,98.0,1,0,0,1,169,75.0,1
STU2106,21,Male,Civil,B.Tech,8,7.47,0,84.3,70.3,57.0,80.2,41.2,67.6,57.9,91.6,65.1,72.8,68.3,76.9,67.8,0,27.0,1,0,0,2,13,53.7,1
STU2107,22,Male,Computer Science,B.Tech,8,6.32,2,84.9,53.2,51.7,66.7,60.2,10.0,56.5,54.1,52.1,58.0,76.0,74.6,46.5,4,78.5,4,0,0,2,150,78.0,0
STU2108,22,Female,Mechanical,B.Tech,8,8.83,1,81.7,65.8,68.5,72.2,66.0,59.5,59.1,49.2,67.0,93.3,78.2,74.5,84.7,2,52.2,0,1,1,0,362,66.4,1
STU2109,21,Male,Information Technology,B.Tech,8,6.89,4,65.5,57.5,48.2,46.0,55.5,47.5,56.5,81.3,47.7,70.8,71.0,77.1,67.3,4,72.3,1,1,2,0,235,89.1,0
STU2110,22,Female,Information Technology,B.Tech,8,6.58,0,82.2,64.1,78.4,64.0,66.7,51.0,63.7,59.7,67.0,60.2,72.0,77.6,69.4,2,44.4,3,0,0,1,17,75.4,1
STU2111,21,Male,Information Technology,B.Tech,8,6.68,0,93.5,54.8,60.2,60.6,74.1,38.7,49.1,67.9,56.5,50.4,50.9,96.2,58.6,4,77.9,1,1,2,4,97,98.0,1
STU2112,21,Male,Computer Science,B.Tech,8,7.99,0,76.3,59.6,64.4,48.8,61.5,52.3,55.2,63.5,63.4,70.7,57.3,69.9,66.9,3,70.6,0,1,1,0,63,92.4,1
STU2113,21,Female,Computer Science,B.Tech,8,7.03,1,85.9,53.5,56.7,62.7,65.4,80.1,45.6,49.6,59.8,66.9,76.8,70.2,58.3,0,20.0,2,0,0,0,287,45.7,0
STU2114,21,Male,Electronics,B.Tech,8,6.49,0,90.1,50.7,58.0,53.1,82.8,47.0,42.6,66.9,54.8,79.4,84.9,58.4,62.5,0,20.8,2,1,1,2,200,68.9,1
STU2115,21,Male,Computer Science,B.Tech,8,9.03,0,73.4,68.6,68.8,76.1,69.1,72.4,73.4,85.7,75.5,68.3,37.8,71.4,64.6,2,46.1,1,1,1,0,13,89.9,1
STU2116,20,Male,Mechanical,B.Tech,8,6.26,1,77.7,60.4,55.2,60.7,65.0,40.5,19.3,82.0,65.8,55.7,57.0,92.5,65.8,1,26.0,3,0,0,1,187,56.5,1
STU2117,22,Male,Information Technology,B.Tech,8,7.24,0,72.3,51.6,52.8,61.5,47.6,68.7,66.0,71.2,56.2,90.0,65.3,82.8,74.3,2,46.2,0,0,0,0,21,65.2,0
STU2118,21,Female,Computer Science,B.Tech,8,7.92,0,74.2,69.9,69.8,67.5,72.1,55.0,42.1,83.6,76.0,75.2,52.7,66.0,81.7,5,71.8,3,0,0,0,58,94.3,1
STU2119,20,Male,Electronics,B.Tech,8,5.41,0,69.8,55.3,35.8,45.3,67.0,61.3,40.0,53.2,40.6,67.0,53.5,72.3,57.9,1,27.4,2,0,0,0,34,64.5,0
STU2120,22,Female,Computer Science,B.Tech,8,7.73,0,73.4,66.4,43.7,49.0,81.3,55.1,56.2,63.4,49.3,72.0,71.6,57.7,56.1,2,39.0,1,0,0,1,32,71.3,1
STU2121,23,Female,Information Technology,B.Tech,8,6.04,1,95.5,55.4,53.2,55.1,62.7,66.5,28.2,73.5,56.9,75.7,87.1,61.3,75.1,2,47.2,2,0,0,0,184,64.4,0
STU2122,22,Male,Electronics,B.Tech,8,8.11,0,73.3,84.7,85.2,79.1,34.8,10.0,38.9,66.2,78.2,52.9,36.6,73.6,71.2,2,27.2,0,0,0,2,38,57.3,1
STU2123,22,Female,Mechanical,B.Tech,8,6.14,0,83.2,37.0,45.2,52.9,36.5,29.4,38.4,64.5,39.6,71.9,62.6,66.6,65.8,1,36.9,0,0,0,0,132,39.2,0
STU2124,22,Male,Electrical,B.Tech,8,7.96,0,77.2,53.5,61.0,64.6,73.0,62.5,48.5,51.2,61.1,64.6,71.5,60.5,73.0,1,44.1,3,1,1,1,404,85.6,1
STU2125,21,Female,Electronics,B.Tech,8,8.42,0,93.2,50.4,56.6,66.1,53.4,18.2,39.1,38.9,60.6,76.1,75.9,77.4,71.4,4,78.8,0,1,1,0,243,85.4,1
STU2126,20,Male,Electronics,B.Tech,8,8.15,0,94.5,72.2,62.1,77.1,68.6,45.4,77.6,79.5,65.9,61.1,69.5,71.1,71.1,3,70.0,0,0,0,2,48,65.1,1
STU2127,21,Female,Civil,B.Tech,8,7.48,0,90.2,73.7,40.0,60.2,63.7,54.0,80.8,71.4,53.6,62.7,89.7,54.8,61.9,3,59.9,1,0,0,2,142,77.9,1
STU2128,21,Male,Computer Science,B.Tech,8,6.95,0,84.9,63.7,57.1,59.6,59.5,40.1,19.6,80.6,62.0,90.0,65.4,49.2,83.8,3,49.5,0,1,3,0,87,88.8,1
STU2129,21,Male,Computer Science,B.Tech,8,6.57,0,79.8,45.0,62.1,53.9,60.6,42.6,60.7,61.9,48.2,84.8,83.4,65.7,67.6,2,50.0,3,1,1,0,148,73.4,1
STU2130,22,Female,Computer Science,B.Tech,8,8.82,0,70.7,60.0,57.4,53.1,49.0,59.9,65.7,58.0,57.8,30.5,56.0,54.5,43.4,3,71.8,3,0,0,2,19,80.6,1
STU2131,21,Female,Computer Science,B.Tech,8,6.43,0,98.0,40.9,38.3,51.1,61.8,73.2,60.7,68.1,39.6,83.9,65.8,51.4,69.5,2,36.8,1,1,1,0,98,71.3,0
STU2132,20,Male,Electronics,B.Tech,8,6.06,1,74.8,54.4,54.8,55.5,53.2,37.7,41.5,80.0,54.5,69.1,48.0,84.4,62.9,1,30.3,1,0,0,0,116,55.8,1
STU2133,21,Male,Electronics,B.Tech,8,7.93,0,88.3,64.1,59.4,61.5,56.4,44.6,48.1,64.8,62.2,61.5,77.6,70.9,65.4,2,47.5,1,1,2,0,137,62.6,1
STU2134,22,Female,Information Technology,B.Tech,8,6.32,1,92.1,51.8,52.7,46.7,57.1,41.8,40.0,79.2,48.1,57.9,63.3,69.1,63.7,1,63.5,0,1,1,4,258,53.6,0
STU2135,20,Female,Computer Science,B.Tech,8,6.15,0,76.7,31.6,48.5,35.1,58.6,11.4,45.3,53.9,36.4,58.6,70.0,69.9,49.0,2,52.2,1,0,0,3,6,57.7,0
STU2136,22,Female,Electronics,B.Tech,8,5.61,0,91.9,45.8,48.2,54.8,75.8,57.6,32.6,65.7,43.3,61.8,60.6,59.5,59.0,1,20.0,0,0,0,0,33,53.7,0
STU2137,21,Female,Computer Science,B.Tech,8,6.67,0,89.3,70.7,57.0,78.4,60.1,71.8,50.2,67.0,55.7,56.5,73.2,76.5,67.6,2,28.5,1,0,0,1,62,61.3,1
STU2138,21,Female,Electronics,B.Tech,8,7.11,0,98.0,56.6,60.2,62.9,77.4,73.3,28.0,85.2,60.1,53.7,70.6,70.6,65.6,2,57.3,2,0,0,2,36,71.8,1
STU2139,21,Female,Information Technology,B.Tech,8,7.47,0,77.5,59.9,39.1,41.7,85.1,39.3,48.8,70.9,54.0,57.5,51.1,63.7,56.5,3,89.9,3,1,1,0,42,93.5,1
STU2140,22,Male,Computer Science,B.Tech,8,8.25,0,69.8,62.3,70.8,72.0,74.8,32.5,32.0,92.4,70.5,73.9,51.9,65.3,80.5,2,47.2,2,0,0,0,19,81.2,1
STU2141,21,Male,Computer Science,B.Tech,8,7.78,4,77.2,65.8,56.4,57.0,70.0,55.4,55.3,49.1,59.8,70.6,64.6,58.5,62.6,4,76.6,2,0,0,0,221,91.0,0
STU2142,22,Female,Computer Science,B.Tech,8,6.99,0,84.0,63.2,77.6,69.1,66.9,69.9,41.1,69.8,66.3,76.7,74.2,67.5,72.9,1,39.3,1,1,1,0,186,65.9,1
STU2143,21,Female,Electrical,B.Tech,8,6.98,0,82.6,58.6,56.6,58.0,75.0,57.8,56.6,70.5,61.3,69.2,91.1,69.4,67.9,3,57.0,3,0,0,2,10,82.0,1
STU2144,21,Male,Mechanical,B.Tech,8,7.76,1,78.3,53.8,52.7,56.6,63.3,60.2,69.3,76.7,56.4,54.3,69.2,67.2,54.2,3,39.6,3,0,0,0,19,82.1,1
STU2145,22,Male,Electronics,B.Tech,8,8.6,0,63.9,67.3,62.7,74.2,76.8,75.6,77.4,56.6,66.1,75.9,79.1,72.6,61.4,5,98.0,3,1,1,1,39,98.0,1
STU2146,22,Female,Computer Science,B.Tech,8,7.34,1,86.5,67.0,61.6,68.9,71.2,41.7,11.6,91.6,73.0,57.9,42.4,71.1,65.1,2,43.9,0,1,1,0,68,68.0,1
STU2147,22,Male,Information Technology,B.Tech,8,6.68,0,98.0,57.6,41.4,60.4,56.6,51.0,38.7,68.2,49.4,77.8,93.2,74.5,66.8,2,60.5,2,0,0,2,150,63.8,1
STU2148,22,Male,Electronics,B.Tech,8,6.11,3,86.4,55.5,46.4,49.3,75.4,84.4,47.2,52.8,49.7,56.0,73.5,82.4,53.1,1,27.4,2,0,0,2,6,49.2,0
STU2149,22,Male,Electrical,B.Tech,8,5.61,0,87.8,42.6,33.8,37.0,63.4,51.5,59.4,67.8,36.2,61.8,64.3,78.5,54.4,1,36.2,1,0,0,1,79,43.7,0
STU2150,22,Male,Computer Science,B.Tech,8,7.93,0,87.4,70.9,72.0,86.0,60.4,32.2,25.6,63.6,63.6,65.7,62.7,82.5,71.1,2,58.5,4,1,1,3,16,95.8,1
STU2151,22,Male,Computer Science,B.Tech,8,7.84,0,85.8,60.6,55.1,68.9,54.9,43.0,36.3,98.0,61.2,78.1,49.5,62.7,79.4,3,75.7,1,1,1,0,405,87.0,1
STU2152,22,Male,Electronics,B.Tech,8,7.84,0,90.9,63.5,48.0,59.0,64.5,38.1,54.1,82.7,55.2,72.1,53.5,66.4,66.3,1,37.3,0,1,3,2,179,75.7,1
STU2153,22,Male,Information Technology,B.Tech,8,7.06,0,85.8,62.7,52.7,69.8,76.9,61.4,53.4,68.7,60.2,70.2,91.7,79.2,58.3,1,36.8,1,1,1,1,233,76.4,0
STU2154,22,Female,Computer Science,B.Tech,8,8.75,0,79.0,76.7,77.9,89.4,75.3,38.9,58.0,66.4,86.5,92.6,51.2,79.4,75.4,1,41.2,1,1,1,0,9,77.1,1
STU2155,22,Male,Computer Science,B.Tech,8,6.67,0,74.4,54.2,52.2,64.0,67.3,59.9,59.1,81.3,51.2,48.0,50.9,64.5,50.4,1,39.6,3,1,2,0,52,76.7,1
STU2156,21,Female,Information Technology,B.Tech,8,8.25,0,79.6,82.0,82.3,74.4,71.0,41.8,57.4,82.0,70.5,57.5,55.2,78.7,73.1,4,67.1,1,1,2,0,24,84.2,1
STU2157,22,Female,Mechanical,B.Tech,8,7.16,1,85.0,63.5,67.6,68.9,81.1,16.8,55.1,30.0,68.0,57.0,48.2,61.6,46.9,4,67.3,1,1,3,2,121,82.0,0
STU2158,22,Male,Civil,B.Tech,8,6.53,1,79.0,50.8,55.4,59.8,59.8,60.5,52.9,77.0,53.9,48.8,65.2,77.3,56.3,2,28.9,2,1,1,2,25,78.7,1
STU2159,20,Female,Information Technology,B.Tech,8,7.85,0,85.0,63.2,61.2,82.1,45.3,57.7,62.6,68.4,58.5,61.4,80.2,71.7,62.7,1,42.7,0,1,1,1,115,73.0,1
STU2160,22,Male,Information Technology,B.Tech,8,7.65,0,86.2,75.3,61.2,74.9,81.5,64.3,16.2,49.6,70.2,78.3,56.5,56.8,70.8,4,76.0,2,1,1,0,136,98.0,1
STU2161,20,Female,Computer Science,B.Tech,8,7.59,1,89.9,65.9,55.4,60.4,54.1,42.9,76.7,80.3,64.6,62.9,45.8,67.2,71.4,0,28.2,2,1,1,3,51,78.2,1
STU2162,21,Male,Information Technology,B.Tech,8,7.29,0,94.2,44.6,55.0,65.5,51.6,41.0,16.7,98.0,45.1,66.0,69.1,96.0,72.0,2,54.0,1,1,1,0,167,90.6,1
STU2163,22,Female,Information Technology,B.Tech,8,7.16,2,82.7,72.4,77.3,69.4,35.1,62.2,34.7,75.8,73.3,49.3,64.2,74.2,73.2,4,70.0,4,1,2,1,92,91.9,1
STU2164,21,Female,Electronics,B.Tech,8,9.83,2,69.6,82.6,67.7,82.7,70.6,82.3,48.4,83.4,82.5,60.4,79.0,97.3,57.4,2,48.8,1,1,1,2,30,86.5,1
STU2165,22,Male,Information Technology,B.Tech,8,8.5,0,78.7,61.5,59.7,58.5,37.7,55.2,62.8,93.3,57.0,64.5,58.6,56.1,83.0,0,20.0,2,0,0,0,58,54.9,1
STU2166,22,Male,Computer Science,B.Tech,8,8.0,1,82.4,63.3,54.3,64.9,50.7,62.6,10.0,56.4,59.1,77.7,61.4,80.3,68.4,1,28.9,3,1,1,1,246,94.2,1
STU2167,21,Female,Computer Science,B.Tech,8,7.32,0,64.6,73.4,74.9,79.8,70.8,49.2,51.6,42.0,61.0,49.9,62.9,44.1,55.6,4,89.2,2,1,2,0,121,88.3,1
STU2168,20,Female,Computer Science,B.Tech,8,8.31,0,95.2,72.1,70.6,80.1,72.8,27.2,64.7,77.2,63.9,64.5,66.2,72.0,64.8,0,45.1,1,1,1,0,60,81.5,1
STU2169,21,Male,Computer Science,B.Tech,8,7.77,0,83.4,77.5,68.4,65.7,52.2,72.4,67.9,64.5,73.7,83.0,59.5,78.9,70.4,2,61.2,0,0,0,1,262,72.7,1
STU2170,22,Female,Computer Science,B.Tech,8,7.23,0,85.6,51.4,39.0,51.3,60.0,71.4,40.8,48.8,51.3,64.7,57.2,81.2,55.9,3,64.7,2,0,0,0,83,75.2,0
STU2171,24,Male,Civil,B.Tech,8,6.87,1,95.0,52.2,68.6,75.8,48.9,67.8,47.2,66.9,53.6,44.6,39.1,63.2,62.3,3,77.6,4,1,3,0,450,95.8,1
STU2172,22,Female,Information Technology,B.Tech,8,7.11,0,76.0,59.1,61.9,54.1,53.8,51.7,42.1,78.2,60.9,85.4,57.1,83.4,80.2,2,67.1,1,1,2,0,17,77.7,1
STU2173,21,Male,Information Technology,B.Tech,8,4.5,0,87.5,39.5,29.3,35.1,66.0,65.7,45.7,65.9,32.5,78.8,75.0,66.1,55.7,1,21.1,1,0,0,0,60,44.5,0
STU2174,22,Female,Mechanical,B.Tech,8,7.43,0,81.0,62.5,37.5,57.9,54.5,71.1,35.5,57.0,54.8,80.4,76.9,70.2,54.9,2,62.2,1,0,0,0,23,60.2,1
STU2175,21,Male,Civil,B.Tech,8,6.66,0,80.3,58.0,49.1,54.7,58.3,84.2,37.8,64.9,47.5,49.1,58.4,67.2,55.0,1,42.7,2,1,1,2,47,73.5,0
STU2176,22,Male,Information Technology,B.Tech,8,8.95,2,74.7,70.2,69.0,68.6,40.0,72.8,59.0,67.7,71.8,88.1,83.2,59.5,80.9,1,46.9,0,1,1,0,15,90.4,1
STU2177,20,Male,Electrical,B.Tech,8,7.22,0,97.8,61.5,71.3,59.1,79.0,56.1,54.1,41.0,63.1,60.7,64.6,89.3,58.0,3,73.1,3,1,1,2,29,82.5,1
STU2178,22,Male,Computer Science,B.Tech,8,5.89,0,78.4,56.7,57.7,46.9,69.7,31.5,59.9,66.0,58.3,63.9,46.3,72.5,71.6,1,32.7,3,1,1,1,18,77.2,1
STU2179,21,Male,Computer Science,B.Tech,8,7.15,0,88.6,44.0,33.8,43.4,73.9,57.8,55.4,49.2,39.2,61.6,41.9,84.0,49.7,0,40.3,1,0,0,0,23,58.3,0
STU2180,23,Male,Information Technology,B.Tech,8,6.05,0,64.2,62.9,49.1,75.4,81.4,59.6,63.3,77.2,54.7,81.4,82.1,83.5,70.4,2,53.4,0,0,0,2,14,51.9,1
STU2181,21,Female,Electronics,B.Tech,8,7.72,0,93.2,72.3,68.7,77.8,49.6,67.8,66.1,46.1,72.9,67.8,59.8,61.4,65.6,2,45.7,2,1,1,0,159,87.2,1
STU2182,22,Male,Electronics,B.Tech,8,7.52,0,92.0,56.9,56.7,53.9,56.6,79.4,24.1,82.2,57.0,75.8,48.0,85.4,79.3,3,70.1,0,0,0,0,28,53.0,1
STU2183,23,Male,Computer Science,B.Tech,8,8.25,0,82.9,64.6,52.4,69.9,33.6,53.3,38.3,62.3,57.8,70.9,33.4,77.5,54.7,3,74.7,1,1,1,0,61,97.6,1
STU2184,20,Male,Computer Science,B.Tech,8,6.33,0,79.8,45.6,49.1,59.6,98.0,92.8,48.3,60.4,45.6,68.9,59.5,60.6,53.7,3,65.9,0,1,1,0,2,84.4,1
STU2185,23,Male,Electronics,B.Tech,8,7.24,1,85.8,60.6,56.8,74.8,59.8,23.3,51.6,72.1,59.1,58.6,70.7,76.9,60.2,2,53.9,1,0,0,4,11,62.2,0
STU2186,22,Male,Computer Science,B.Tech,8,5.7,0,98.0,47.2,37.5,49.2,77.6,62.5,41.3,55.9,43.5,91.7,55.2,60.7,83.7,3,65.9,1,0,0,0,258,54.8,1
STU2187,20,Male,Information Technology,B.Tech,8,7.97,0,65.2,70.0,71.0,82.0,43.4,40.6,66.6,71.9,65.6,52.4,50.3,89.7,62.3,1,28.4,2,1,1,2,142,86.2,1
STU2188,21,Male,Electronics,B.Tech,8,7.77,0,89.4,87.8,83.6,66.8,76.9,20.7,83.7,57.8,84.0,74.9,57.3,81.0,71.6,2,41.8,2,1,2,1,176,74.9,1
STU2189,22,Male,Electronics,B.Tech,8,7.75,1,73.3,63.1,65.7,56.4,89.9,51.4,55.0,60.2,59.1,74.5,82.4,71.2,71.3,2,36.0,4,1,1,0,51,84.0,1
STU2190,20,Female,Electrical,B.Tech,8,7.2,1,81.8,52.6,49.5,51.8,61.1,28.8,53.3,73.7,50.9,83.9,45.5,85.9,76.4,0,35.2,1,0,0,3,9,52.4,0
STU2191,21,Female,Mechanical,B.Tech,8,7.66,2,79.6,71.8,66.2,77.4,46.8,52.1,65.6,52.1,66.0,86.7,56.0,54.6,71.2,1,32.8,0,1,2,4,9,82.8,1
STU2192,21,Male,Information Technology,B.Tech,8,8.96,0,77.9,96.0,92.6,85.3,59.9,55.6,22.1,50.3,98.2,68.4,82.0,63.8,77.2,2,20.0,1,1,1,3,89,90.0,1
STU2193,22,Male,Electronics,B.Tech,8,6.89,4,81.9,64.1,61.9,66.8,28.6,75.1,52.5,71.5,66.4,76.4,71.9,69.2,63.4,2,54.0,0,0,0,1,169,52.4,0
STU2194,20,Female,Electronics,B.Tech,8,7.35,0,71.2,53.9,52.7,51.8,61.4,27.9,67.7,67.6,48.7,91.2,67.5,96.6,68.0,2,53.8,0,1,2,0,221,60.9,1
STU2195,22,Male,Computer Science,B.Tech,8,6.01,0,91.8,50.0,43.8,50.9,74.3,71.4,41.7,70.4,46.9,69.2,55.9,60.2,68.9,3,46.3,1,1,1,0,39,78.4,1
STU2196,24,Female,Computer Science,B.Tech,8,,4,65.0,38.4,38.6,55.3,61.5,56.8,32.4,72.6,41.7,57.2,65.4,53.2,56.3,2,41.7,1,0,0,1,37,61.0,0
STU2197,23,Male,Computer Science,B.Tech,8,7.31,0,87.1,70.3,65.8,77.5,57.7,73.5,49.0,68.8,67.2,65.4,57.5,56.1,59.0,4,71.2,0,1,1,0,14,83.7,1
STU2198,22,Female,Information Technology,B.Tech,8,8.41,0,78.9,60.4,75.8,55.7,69.9,47.2,51.0,76.5,64.5,54.3,53.0,82.0,59.5,2,42.6,1,1,1,1,143,97.1,1
STU2199,20,Female,Electronics,B.Tech,8,6.92,0,70.9,53.4,56.5,51.0,71.1,31.0,37.5,69.4,49.5,74.5,49.9,65.5,62.7,2,62.1,1,0,0,2,31,60.6,1
STU2200,22,Female,Electrical,B.Tech,8,6.94,0,83.9,57.6,44.7,50.7,37.1,33.1,85.5,39.9,55.4,82.8,76.0,70.3,58.5,0,20.0,1,1,2,0,39,48.5,0
STU2201,20,Female,Computer Science,B.Tech,8,6.75,2,67.2,50.9,50.6,61.2,63.3,31.7,44.3,43.5,55.3,68.5,64.2,80.4,58.4,2,45.7,3,1,1,0,254,80.7,0
STU2202,20,Male,Computer Science,B.Tech,8,6.61,0,82.4,50.7,47.8,51.0,98.0,63.6,33.5,95.0,48.2,50.5,69.4,70.3,61.1,4,91.2,0,0,0,3,184,70.1,1
STU2203,21,Male,Civil,B.Tech,8,7.52,0,68.5,71.5,78.6,76.7,42.0,81.6,50.5,68.0,78.9,82.3,67.1,74.2,79.2,2,55.0,1,1,1,0,5,82.2,1
STU2204,21,Female,Computer Science,B.Tech,8,5.55,0,86.4,49.2,42.6,53.1,60.7,44.8,66.5,81.3,31.1,48.7,71.2,77.9,54.0,1,20.0,0,0,0,0,1,45.8,0
STU2205,22,Female,Information Technology,B.Tech,8,8.61,0,73.2,65.0,69.6,71.5,91.1,66.3,52.3,63.2,73.9,51.4,61.4,67.3,67.7,2,43.8,0,1,2,0,149,76.7,1
STU2206,22,Male,Information Technology,B.Tech,8,6.47,0,77.7,61.5,55.4,52.9,78.6,27.6,59.8,67.2,57.7,67.9,58.3,70.2,79.3,0,23.2,3,1,2,0,48,56.9,1
STU2207,21,Male,Information Technology,B.Tech,8,7.99,0,84.8,68.6,67.4,79.9,54.3,58.2,38.1,61.7,68.7,73.0,53.6,74.7,65.6,2,40.7,1,1,1,0,122,81.6,1
STU2208,21,Male,Computer Science,B.Tech,8,5.8,0,74.7,32.3,44.9,21.8,65.1,67.0,75.8,98.0,37.0,75.1,45.2,81.5,75.8,2,70.3,2,0,0,0,16,58.5,0
STU2209,24,Male,Computer Science,B.Tech,8,7.94,0,81.4,83.3,79.4,95.1,62.0,28.9,61.0,71.5,88.3,69.2,49.3,63.3,75.3,2,51.1,1,1,2,0,197,82.8,1
STU2210,21,Female,Computer Science,B.Tech,8,7.94,2,67.6,81.0,64.8,81.8,50.8,51.3,68.8,60.5,67.6,91.1,59.9,38.8,74.9,3,57.5,2,0,0,1,169,78.7,1
STU2211,21,Male,Information Technology,B.Tech,8,7.62,0,88.0,59.6,73.2,63.1,60.9,67.9,57.8,44.9,73.8,70.8,42.6,79.5,67.7,3,53.8,3,0,0,0,253,87.4,1
STU2212,21,Male,Information Technology,B.Tech,8,6.11,0,98.0,61.3,68.1,76.4,57.8,10.0,65.2,95.6,66.7,82.4,45.6,82.2,84.9,2,59.3,2,1,2,0,40,69.8,1
STU2213,22,Male,Computer Science,B.Tech,8,7.47,0,98.0,75.0,81.8,80.7,63.7,79.0,38.0,65.7,81.5,79.4,79.6,74.2,73.2,2,43.5,0,1,3,2,31,64.5,1
STU2214,22,Male,Electronics,B.Tech,8,5.9,0,82.9,48.5,52.5,52.5,50.8,61.4,44.1,78.4,48.9,54.5,68.1,75.0,69.0,3,68.8,2,1,2,1,19,77.0,1
STU2215,21,Male,Electrical,B.Tech,8,6.92,1,89.5,58.1,62.8,67.3,42.9,67.9,73.5,80.0,53.9,68.0,58.7,65.8,71.2,3,53.5,1,0,0,0,303,60.8,1
STU2216,20,Female,Computer Science,B.Tech,8,8.33,3,65.1,65.8,75.0,91.4,61.4,47.6,77.0,61.5,75.1,95.5,95.0,77.5,76.8,1,35.7,1,0,0,2,15,55.7,1
STU2217,22,Female,Information Technology,B.Tech,8,8.08,0,96.3,68.7,65.8,81.3,87.7,24.0,33.6,77.4,68.8,63.9,41.9,81.4,83.2,2,43.6,2,1,1,0,12,96.9,1
STU2218,22,Female,Electronics,B.Tech,8,7.22,1,89.4,64.4,61.8,68.4,63.2,64.6,56.0,59.5,69.9,61.9,78.7,72.6,60.5,2,46.8,4,1,2,0,21,91.1,1
STU2219,21,Male,Computer Science,B.Tech,8,6.13,0,77.4,47.3,41.4,49.3,57.0,53.5,45.1,54.1,43.4,72.0,63.4,98.0,59.0,1,27.0,0,0,0,2,115,65.3,0
STU2220,23,Female,Computer Science,B.Tech,8,7.91,0,93.8,67.9,62.1,74.0,73.3,55.6,40.8,84.3,62.9,64.4,76.0,54.8,70.7,0,30.3,2,1,2,0,132,74.6,1
STU2221,21,Female,Electronics,B.Tech,8,7.22,0,79.6,64.5,55.4,62.3,59.6,74.6,56.6,65.8,66.9,60.5,66.5,73.8,59.8,1,30.1,0,0,0,2,130,44.5,0
STU2222,21,Female,Mechanical,B.Tech,8,4.65,0,77.6,44.2,48.3,51.0,90.0,68.7,70.3,75.3,55.8,64.2,38.8,59.1,65.5,3,63.6,1,0,0,2,94,51.1,0
STU2223,23,Male,Electrical,B.Tech,8,8.06,0,86.5,54.1,39.0,62.9,61.9,89.6,59.2,73.8,46.6,87.2,66.3,81.7,63.7,2,49.0,3,1,2,0,450,97.4,1
STU2224,21,Male,Information Technology,B.Tech,8,7.17,2,71.9,58.9,48.6,47.4,72.5,57.8,46.9,76.9,50.0,68.4,69.7,54.6,68.6,2,66.1,1,0,0,0,7,53.6,0
STU2225,22,Male,Electronics,B.Tech,8,8.52,0,91.7,75.2,45.1,71.7,50.7,42.6,60.2,46.2,64.2,54.1,34.3,57.3,38.5,2,58.9,0,1,1,0,194,83.5,1
STU2226,21,Male,Information Technology,B.Tech,8,6.0,2,72.0,42.8,40.9,44.9,69.5,51.6,46.2,59.8,40.6,51.9,92.2,65.0,43.2,3,72.9,1,0,0,0,64,60.1,0
STU2227,21,Male,Electronics,B.Tech,8,4.5,1,72.0,43.7,41.2,50.9,66.1,62.5,58.6,63.5,45.4,96.5,69.4,74.9,81.0,2,34.2,2,0,0,2,58,48.6,0
STU2228,24,Male,Information Technology,B.Tech,8,7.51,0,73.4,51.3,62.2,50.7,61.2,73.3,74.3,56.4,55.5,67.3,74.4,65.4,55.0,2,43.4,1,1,1,0,13,90.1,1
STU2229,21,Male,Computer Science,B.Tech,8,7.52,0,89.2,76.9,61.8,64.3,54.5,28.6,18.8,74.0,77.2,75.2,48.7,65.6,59.1,0,31.9,0,1,1,0,2,60.4,1
STU2230,22,Female,Electronics,B.Tech,8,5.34,0,76.1,50.4,45.2,62.0,52.4,55.2,64.8,84.6,44.3,60.7,74.7,70.0,55.8,2,38.3,1,1,1,1,37,63.7,0
STU2231,21,Male,Information Technology,B.Tech,8,6.12,4,69.2,59.7,55.1,52.2,66.2,84.0,27.4,86.8,59.8,73.9,80.3,69.3,82.6,2,50.8,3,1,1,0,18,80.8,1
STU2232,21,Male,Information Technology,B.Tech,8,9.9,0,76.2,80.2,86.0,87.7,71.4,50.7,71.7,63.3,80.7,87.5,68.5,88.4,69.0,2,39.3,2,1,1,0,63,88.5,1
STU2233,20,Female,Mechanical,B.Tech,8,6.86,0,81.7,51.3,55.5,61.8,60.1,71.8,41.8,72.1,52.0,62.2,64.9,79.5,57.4,2,40.4,2,1,2,0,15,98.0,0
STU2234,22,Female,Computer Science,B.Tech,8,8.0,0,70.8,65.9,59.6,78.6,66.3,63.9,32.5,74.2,60.7,75.5,52.5,68.4,61.6,2,66.8,2,1,1,2,14,93.5,1
STU2235,21,Female,Computer Science,B.Tech,8,6.48,0,71.1,48.2,44.3,47.4,61.4,72.2,63.1,76.7,49.9,53.1,62.0,95.1,55.9,2,57.2,0,1,1,0,201,66.2,0
STU2236,22,Other,Computer Science,B.Tech,8,4.9,0,98.0,45.4,39.2,52.1,63.5,40.4,57.8,55.7,46.9,94.3,57.8,77.4,63.6,2,59.8,1,0,0,0,244,49.8,0
STU2237,21,Female,Electrical,B.Tech,8,7.01,0,73.8,43.0,45.5,60.8,59.0,40.5,36.0,93.5,47.0,73.2,73.0,61.3,68.1,0,27.8,1,1,1,0,200,50.9,0
STU2238,23,Female,Electronics,B.Tech,8,6.91,0,78.9,50.9,54.4,63.4,62.3,55.4,32.0,81.0,52.1,65.0,53.1,74.8,77.8,2,48.6,0,0,0,1,110,58.7,1
STU2239,21,Male,Computer Science,B.Tech,8,6.76,0,78.5,66.8,68.6,63.3,98.0,27.4,49.0,81.3,68.4,66.4,72.9,77.9,64.3,4,73.1,0,0,0,0,195,61.1,1
STU2240,22,Male,Electronics,B.Tech,8,7.07,0,78.0,71.7,65.1,72.5,66.7,50.1,32.7,84.8,72.9,63.9,53.3,64.4,69.9,3,61.0,2,1,3,0,206,87.0,1
STU2241,22,Male,Information Technology,B.Tech,8,7.49,0,87.9,81.3,54.7,82.2,71.7,59.6,35.0,75.5,72.6,64.5,61.3,60.4,66.9,5,93.1,0,1,1,0,161,74.2,1
STU2242,22,Male,Electrical,B.Tech,8,7.03,0,91.0,59.8,56.5,65.7,68.6,87.1,53.8,53.6,44.7,40.6,73.6,73.0,43.4,1,52.8,1,1,2,1,31,71.9,0
STU2243,22,Male,Information Technology,B.Tech,8,5.81,0,79.1,61.8,49.1,48.0,58.1,62.2,36.5,66.1,54.1,68.8,55.1,68.0,65.0,1,21.6,1,1,1,0,13,80.8,1
STU2244,22,Female,Information Technology,B.Tech,8,7.73,0,70.3,57.5,51.7,51.0,81.4,66.3,58.8,44.9,53.5,68.3,74.1,88.3,53.9,2,44.5,0,1,1,2,26,76.4,1
STU2245,22,Female,Civil,B.Tech,8,5.06,0,94.1,47.9,46.0,64.7,57.6,76.0,75.8,73.8,50.3,75.9,72.7,80.2,68.5,1,25.9,1,1,1,0,143,58.0,1
STU2246,20,Female,Computer Science,B.Tech,8,4.94,0,81.1,50.7,41.9,39.5,77.8,37.6,49.6,65.6,46.0,63.7,61.2,65.0,57.1,0,30.6,2,0,0,1,71,47.6,0
STU2247,20,Male,Computer Science,B.Tech,8,8.01,0,98.0,53.7,49.2,67.0,57.0,52.0,54.1,67.4,55.0,60.7,81.3,76.7,47.0,2,68.5,0,0,0,1,58,61.5,1
STU2248,23,Female,Information Technology,B.Tech,8,7.76,0,60.7,62.5,67.8,68.6,47.6,98.0,84.3,84.9,59.8,69.9,66.1,85.9,81.6,1,38.1,0,1,1,2,2,88.6,1
STU2249,22,Female,Civil,B.Tech,8,7.14,0,83.9,67.2,48.4,55.3,67.5,53.6,33.0,61.6,59.1,50.7,80.4,56.7,65.7,1,38.9,2,0,0,1,24,58.9,0
STU2250,22,Male,Information Technology,B.Tech,8,5.67,0,98.0,64.6,53.7,59.0,45.4,75.1,71.1,64.5,63.7,71.7,90.1,60.7,63.1,5,95.9,1,0,0,0,196,62.1,1
STU2251,21,Female,Computer Science,B.Tech,8,6.42,1,78.6,55.1,66.4,57.4,70.0,72.3,69.1,68.3,53.4,47.7,61.6,71.9,54.1,1,39.4,2,0,0,2,56,58.9,0
STU2252,20,Male,Computer Science,B.Tech,8,6.91,1,79.9,62.9,45.0,76.2,44.1,28.4,65.7,42.2,66.5,83.4,74.0,72.4,68.6,1,42.7,0,0,0,2,45,54.2,0
STU2253,20,Male,Information Technology,B.Tech,8,5.44,1,84.8,55.7,53.2,55.2,57.2,60.6,72.7,64.3,60.4,78.2,56.1,71.4,77.9,1,39.3,2,1,2,4,29,74.3,1
STU2254,22,Female,Computer Science,B.Tech,8,6.39,0,76.7,45.5,33.9,68.0,40.5,57.6,56.5,33.2,39.7,58.9,50.5,68.6,42.7,3,70.0,1,1,1,0,106,85.6,0
STU2255,21,Male,Electronics,B.Tech,8,7.92,0,79.0,77.6,69.8,79.8,98.0,60.9,42.7,59.8,69.6,77.9,62.3,68.4,68.7,3,72.8,2,1,1,1,387,98.0,1
STU2256,21,Male,Civil,B.Tech,8,8.77,0,78.8,76.2,75.2,70.5,37.2,41.4,69.5,80.0,74.8,71.3,45.9,76.2,74.6,1,20.0,0,1,1,0,180,70.3,1
STU2257,21,Female,Information Technology,B.Tech,8,6.74,0,76.0,71.1,73.7,80.0,62.1,34.9,70.1,74.3,72.8,57.9,51.9,84.5,57.5,1,35.0,0,1,1,1,2,61.5,1
STU2258,20,Female,Information Technology,B.Tech,8,8.03,0,93.7,61.4,61.4,70.4,79.1,46.4,69.7,59.7,63.6,45.7,73.3,66.7,52.9,3,68.1,2,0,0,4,75,60.3,1
STU2259,21,Male,Information Technology,B.Tech,8,5.09,0,86.4,44.1,42.6,41.6,77.5,53.2,52.7,68.6,50.9,73.8,57.8,98.0,73.2,1,39.2,0,0,0,1,31,50.7,0
STU2260,21,Male,Computer Science,B.Tech,8,7.93,1,84.4,73.7,95.4,84.7,74.8,76.3,40.5,53.0,82.2,60.5,74.9,93.6,67.7,5,93.3,0,1,3,1,107,84.6,1
STU2261,22,Male,Mechanical,B.Tech,8,6.32,0,89.7,45.5,60.1,48.4,57.2,87.7,55.1,68.0,55.6,83.1,69.2,86.6,65.4,2,51.6,1,0,0,0,89,66.4,1
STU2262,21,Female,Information Technology,B.Tech,8,7.54,0,79.5,70.8,71.2,73.3,82.3,80.1,67.1,98.0,64.5,70.2,90.9,78.8,81.8,1,27.8,1,1,3,0,17,70.2,1
STU2263,21,Male,Information Technology,B.Tech,8,6.93,0,74.6,66.5,53.9,75.1,75.7,70.5,68.4,93.8,58.1,61.6,72.3,94.1,64.9,4,62.3,2,1,1,0,201,98.0,1
STU2264,20,Male,Electronics,B.Tech,8,8.65,0,76.3,65.8,67.4,73.5,65.2,36.9,45.1,68.7,68.5,91.6,80.6,68.8,77.1,2,59.8,2,1,1,0,62,76.1,1
STU2265,20,Female,Information Technology,B.Tech,8,6.24,0,82.0,34.4,29.9,40.9,65.6,47.6,57.0,70.2,35.6,76.9,70.6,62.8,53.2,1,23.7,1,0,0,0,377,62.1,0
STU2266,21,Female,Electronics,B.Tech,8,7.89,2,71.9,62.7,68.1,72.1,57.4,58.8,31.1,54.3,61.6,30.0,69.4,66.2,42.5,2,48.4,1,1,1,0,2,87.8,0
STU2267,21,Male,Computer Science,B.Tech,8,6.89,0,77.2,57.8,49.1,64.5,48.4,43.6,67.8,56.8,51.2,64.2,81.3,61.0,61.9,3,57.5,3,0,0,0,24,78.8,1
STU2268,22,Male,Electrical,B.Tech,8,7.03,1,77.1,60.2,66.6,60.7,80.6,65.4,39.5,73.1,70.7,53.4,74.4,73.3,64.0,1,50.9,1,1,1,0,91,63.2,1
STU2269,21,Female,Civil,B.Tech,8,7.0,0,98.0,72.7,76.1,85.5,81.7,68.0,64.6,60.7,80.2,60.4,67.9,75.3,60.5,2,49.2,2,0,0,2,114,70.2,1
STU2270,22,Male,Electronics,B.Tech,8,6.27,2,55.6,55.3,45.1,51.8,48.7,64.7,33.6,80.7,51.2,68.3,67.9,74.2,65.8,0,20.0,1,1,1,1,52,65.1,0
STU2271,22,Male,Civil,B.Tech,8,7.18,0,80.3,68.3,58.8,68.8,59.7,73.5,68.5,90.0,52.4,74.2,72.5,71.9,70.7,3,72.5,3,0,0,0,407,61.1,1
STU2272,22,Female,Computer Science,B.Tech,8,7.13,0,98.0,76.0,73.0,73.2,59.8,38.7,57.1,72.7,87.1,73.1,55.6,73.5,68.2,2,71.6,0,0,0,0,52,71.0,1
STU2273,20,Male,Information Technology,B.Tech,8,7.47,0,83.2,80.1,56.9,77.0,61.5,71.8,39.5,69.4,68.4,82.9,55.0,91.1,78.0,1,39.1,1,1,1,2,42,71.1,1
STU2274,21,Female,Electronics,B.Tech,8,7.29,1,89.2,70.6,61.7,75.1,63.0,42.5,63.1,44.5,64.6,77.6,85.0,78.8,67.6,2,46.2,1,1,1,0,232,90.0,1
STU2275,20,Male,Information Technology,B.Tech,8,8.08,3,82.9,53.6,50.8,60.4,76.2,38.1,42.6,78.5,49.6,76.9,91.1,82.1,69.4,3,72.0,2,1,3,4,88,89.8,0
STU2276,21,Male,Information Technology,B.Tech,8,8.22,0,75.7,68.8,66.7,77.4,50.8,64.6,64.0,52.0,69.6,72.4,52.0,74.1,65.4,3,49.3,1,1,2,0,50,94.7,1
STU2277,24,Male,Computer Science,B.Tech,8,6.04,0,60.7,46.7,41.4,55.9,49.3,76.9,47.6,62.1,46.0,85.4,55.6,54.2,65.2,2,50.5,2,0,0,0,122,55.3,0
STU2278,20,Male,Computer Science,B.Tech,8,8.16,2,84.0,65.4,70.0,77.8,80.5,63.8,24.5,81.4,72.5,66.2,81.0,52.0,74.8,3,84.9,0,1,1,0,110,84.4,1
STU2279,21,Male,Information Technology,B.Tech,8,5.9,0,74.6,46.7,55.7,59.7,55.1,55.4,36.3,82.4,46.6,66.5,72.5,94.9,63.2,2,51.6,1,0,0,0,35,58.8,0
STU2280,22,Male,Computer Science,B.Tech,8,7.85,0,74.4,72.1,64.6,63.2,43.1,60.6,45.1,61.5,66.8,47.1,74.5,66.1,61.8,1,36.1,2,0,0,0,28,61.8,1
STU2281,22,Female,Electronics,B.Tech,8,7.88,0,77.3,69.4,71.3,92.5,54.7,57.5,73.9,62.3,80.5,82.7,77.6,65.2,75.3,3,65.2,1,1,1,0,57,78.6,1
STU2282,21,Other,Computer Science,B.Tech,8,5.1,0,98.0,40.3,39.8,47.2,57.0,34.7,66.4,58.2,41.2,69.1,61.6,74.7,55.5,2,46.0,0,0,0,1,7,30.0,0
STU2283,20,Female,Computer Science,B.Tech,8,7.3,1,98.0,51.7,55.2,50.9,85.3,32.6,78.0,51.2,52.6,98.0,69.6,78.1,68.2,2,53.1,1,1,1,0,274,71.4,1
STU2284,21,Female,Information Technology,B.Tech,8,6.68,1,84.1,36.0,30.1,25.7,75.9,53.6,78.5,59.1,28.3,65.1,68.5,79.4,57.8,4,87.8,4,1,3,1,27,98.0,1
STU2285,21,Male,Information Technology,B.Tech,8,6.37,0,77.6,46.9,59.3,61.0,79.2,56.4,43.4,45.4,55.6,71.1,53.0,91.5,58.9,2,46.7,0,1,1,2,21,59.3,1
STU2286,20,Female,Mechanical,B.Tech,8,8.69,0,70.8,73.1,70.3,76.3,74.3,55.2,49.0,77.6,76.9,76.6,69.4,88.5,70.8,0,20.0,0,1,1,1,62,60.3,1
STU2287,21,Male,Information Technology,B.Tech,8,6.48,1,86.5,53.1,41.6,38.1,76.2,67.2,45.4,73.5,51.7,56.8,82.3,63.1,54.9,4,84.7,1,0,0,0,170,58.4,0
STU2288,20,Female,Computer Science,B.Tech,8,6.31,0,98.0,33.3,42.4,46.7,51.7,51.1,41.3,75.8,36.6,74.3,60.3,82.7,69.8,1,56.3,1,1,1,0,104,70.9,0
STU2289,20,Other,Electrical,B.Tech,8,7.28,2,79.7,63.6,48.9,55.0,59.0,65.1,22.5,54.6,58.1,70.4,67.1,67.8,49.5,2,46.2,1,0,0,0,45,56.0,0
STU2290,21,Female,Information Technology,B.Tech,8,7.95,0,59.4,56.7,68.5,90.5,47.2,52.4,51.8,51.3,71.0,66.4,67.9,70.5,60.4,1,20.3,2,1,2,1,161,89.6,1
STU2291,20,Other,Computer Science,B.Tech,8,7.04,0,88.4,77.9,64.7,63.6,58.8,87.8,31.4,68.7,76.7,84.1,61.0,60.0,80.1,1,41.8,0,0,0,1,61,59.0,1
STU2292,21,Female,Information Technology,B.Tech,8,8.48,2,91.4,71.1,67.4,73.1,72.3,56.5,51.5,68.9,65.3,59.2,74.5,53.4,63.6,3,82.4,2,1,1,0,66,93.5,1
STU2293,22,Male,Mechanical,B.Tech,8,7.78,0,66.9,79.9,80.7,75.0,64.0,97.1,85.9,65.9,67.6,73.3,55.5,71.7,74.9,2,55.3,1,1,1,0,160,82.6,1
STU2294,22,Male,Information Technology,B.Tech,8,4.8,0,83.7,25.0,34.3,45.7,81.7,61.3,43.9,63.9,31.1,87.5,83.7,61.5,71.0,2,67.2,3,0,0,0,27,55.1,0
STU2295,21,Female,Computer Science,B.Tech,8,6.62,0,86.3,62.9,69.4,63.3,44.9,51.2,55.1,92.0,70.1,61.5,73.8,82.2,78.4,3,72.9,4,0,0,2,224,71.4,1
STU2296,21,Male,Computer Science,B.Tech,8,6.58,0,81.3,57.7,61.1,53.5,69.5,38.8,66.5,74.0,54.0,66.4,51.9,68.9,64.4,2,57.1,1,0,0,0,74,66.0,1
STU2297,20,Female,Computer Science,B.Tech,8,7.73,0,74.5,70.7,72.7,79.9,43.3,29.0,56.5,95.6,71.7,98.0,88.8,75.4,88.9,2,44.8,1,0,0,3,221,72.2,1
STU2298,22,Other,Information Technology,B.Tech,8,4.5,4,91.7,31.4,24.9,26.7,63.4,37.2,56.7,85.8,26.8,75.7,67.4,87.0,68.9,3,67.9,2,0,0,4,26,66.6,0
STU2299,22,Male,Information Technology,B.Tech,8,9.9,1,78.2,87.0,99.0,99.0,73.1,39.2,46.2,91.8,93.5,63.9,54.9,55.7,88.4,3,64.7,1,1,2,2,313,89.8,1
STU2300,20,Female,Computer Science,B.Tech,8,7.78,0,67.9,75.3,56.7,85.7,58.8,62.1,48.3,53.0,63.3,79.6,80.5,64.0,64.2,2,49.4,0,1,1,0,112,73.0,1
STU2301,23,Female,Civil,B.Tech,8,7.36,0,62.5,57.3,61.8,64.7,70.3,45.5,36.6,76.3,66.0,63.2,71.9,74.0,66.4,2,47.5,4,1,1,0,92,83.0,1
STU2302,20,Female,Electrical,B.Tech,8,8.5,0,94.0,81.4,73.2,80.3,47.6,58.4,65.5,62.0,78.0,51.2,40.2,75.4,62.6,2,52.3,1,0,0,0,53,74.1,1
STU2303,21,Female,Information Technology,B.Tech,8,9.78,0,87.9,78.1,71.0,91.2,37.0,78.1,24.1,44.7,70.2,86.5,57.6,84.1,77.5,2,37.0,0,1,2,4,301,68.4,1
STU2304,22,Female,Electrical,B.Tech,8,8.16,0,82.8,70.7,70.4,90.0,70.4,53.4,67.5,88.9,75.1,56.8,68.9,81.5,76.9,2,58.1,2,1,1,0,56,68.0,1
STU2305,22,Female,Computer Science,B.Tech,8,8.24,1,77.8,65.5,58.1,73.3,88.2,92.4,29.5,63.9,55.5,98.0,34.8,73.1,80.0,3,56.2,1,1,1,1,79,70.9,1
STU2306,22,Female,Information Technology,B.Tech,8,7.34,0,77.0,52.4,69.3,68.7,47.1,33.8,67.4,53.2,67.3,64.1,66.2,75.3,55.9,1,32.5,0,1,1,3,119,52.2,1
STU2307,22,Male,Electronics,B.Tech,8,7.04,1,71.8,55.7,56.0,73.2,80.3,52.3,46.3,62.2,60.8,95.6,67.2,75.6,72.1,5,98.0,0,1,2,2,50,98.0,1
STU2308,21,Male,Electrical,B.Tech,8,6.68,0,77.9,63.6,53.2,53.0,62.7,45.3,32.3,56.9,65.3,53.6,48.4,55.8,53.1,3,55.7,1,0,0,1,39,72.0,1
STU2309,22,Female,Electrical,B.Tech,8,6.29,0,61.9,57.2,45.9,73.5,42.0,71.9,61.3,58.3,50.8,82.3,68.8,70.3,72.7,1,20.0,3,0,0,0,116,52.6,0
STU2310,20,Male,Computer Science,B.Tech,8,6.44,0,75.0,50.0,71.1,55.9,45.0,14.7,66.9,64.9,58.1,76.0,65.1,74.7,69.8,0,20.0,3,1,1,0,8,71.9,1
STU2311,22,Female,Civil,B.Tech,8,5.71,0,79.0,59.7,39.0,48.5,62.2,29.0,45.0,92.2,49.8,80.1,48.3,77.0,78.9,3,50.7,1,0,0,0,197,73.6,1
STU2312,21,Female,Computer Science,B.Tech,8,7.12,0,87.8,53.9,62.5,40.6,55.9,53.1,63.5,58.7,57.8,81.6,77.9,61.8,65.6,3,72.1,2,1,3,3,112,90.5,1
STU2313,22,Male,Mechanical,B.Tech,8,5.35,3,81.6,48.9,45.1,54.1,42.3,82.9,15.4,91.2,43.7,,76.7,58.0,63.5,5,83.5,1,1,2,3,116,98.0,0
STU2314,21,Female,Civil,B.Tech,8,7.41,0,89.6,66.6,63.5,64.1,36.6,59.1,30.9,79.9,62.3,54.3,60.9,69.4,67.6,1,49.9,2,0,0,0,20,61.7,1
STU2315,22,Female,Computer Science,B.Tech,8,7.16,2,94.8,29.4,49.9,58.1,49.3,30.7,72.7,73.5,37.8,69.4,62.2,93.6,74.2,1,34.9,1,0,0,0,120,52.4,0
STU2316,21,Male,Electronics,B.Tech,8,7.36,0,92.1,58.5,69.8,66.3,64.9,33.5,48.4,78.5,58.3,72.7,75.2,63.0,72.3,4,80.6,1,1,1,1,216,79.8,1
STU2317,22,Male,Computer Science,B.Tech,8,6.63,4,86.5,47.2,44.2,56.5,61.9,85.1,22.2,68.2,49.1,64.3,62.2,84.9,44.1,1,20.0,1,1,2,0,51,70.7,0
STU2318,20,Male,Information Technology,B.Tech,8,9.9,0,82.1,96.5,97.0,88.7,54.5,43.8,40.8,86.0,96.5,73.3,38.0,89.4,74.8,3,66.4,0,1,1,0,56,97.1,1
STU2319,20,Male,Information Technology,B.Tech,8,8.7,2,72.7,78.9,73.8,84.8,65.0,38.0,37.2,75.9,74.8,74.0,71.8,72.5,76.3,0,20.0,0,0,0,0,17,55.6,1
STU2320,21,Female,Information Technology,B.Tech,8,5.83,0,89.0,45.7,53.1,67.9,77.6,81.6,49.3,44.7,43.8,59.1,53.6,64.5,44.1,3,52.0,1,1,3,3,160,74.5,1
STU2321,21,Male,Civil,B.Tech,8,7.46,1,98.0,74.9,65.3,79.7,67.9,73.2,46.1,72.1,64.3,74.7,59.5,77.6,65.9,1,35.9,4,1,2,3,80,95.9,1
STU2322,22,Female,Electronics,B.Tech,8,6.53,2,85.3,54.7,64.4,68.2,60.2,77.9,54.9,79.0,69.2,66.8,85.4,74.1,69.8,3,61.0,4,0,0,1,26,81.4,1
STU2323,21,Male,Information Technology,B.Tech,8,6.08,0,98.0,34.2,48.4,47.0,75.9,37.9,50.9,64.0,38.2,61.6,63.1,62.5,43.7,2,47.8,2,0,0,1,152,61.4,0
STU2324,24,Male,Electrical,B.Tech,8,5.73,0,67.5,40.4,53.7,46.9,47.6,27.5,73.8,69.8,50.1,79.4,65.0,64.8,66.5,5,95.3,0,0,0,0,321,61.8,1
STU2325,21,Female,Civil,B.Tech,8,7.68,0,71.0,53.8,56.0,71.7,58.6,57.4,58.8,59.4,55.7,60.7,72.1,77.0,51.9,0,20.0,1,0,0,1,4,52.7,0
STU2326,21,Female,Computer Science,B.Tech,8,6.45,2,90.1,46.9,37.7,31.8,59.0,61.0,59.3,48.7,28.4,64.5,72.1,82.3,42.7,1,37.5,1,0,0,0,115,58.6,0
STU2327,22,Male,Civil,B.Tech,8,8.26,0,84.5,55.6,64.4,64.3,43.4,61.6,70.6,46.3,69.0,70.9,52.1,68.4,56.8,0,20.0,1,1,1,0,115,65.8,1
STU2328,22,Male,Computer Science,B.Tech,8,8.29,0,94.5,70.6,57.4,57.8,55.7,81.6,45.8,46.5,67.4,86.5,64.2,71.2,59.4,4,84.7,0,1,1,0,450,78.3,1
STU2329,21,Male,Electrical,B.Tech,8,8.71,0,81.9,71.5,82.3,70.5,30.9,23.8,31.8,77.4,73.1,72.3,65.5,79.4,79.6,2,44.7,1,0,0,0,26,65.0,1
STU2330,21,Male,Computer Science,B.Tech,8,6.26,0,73.8,40.7,39.3,49.5,90.7,70.5,71.3,33.1,39.9,76.3,68.8,70.1,59.4,2,39.4,0,1,1,2,45,69.6,0
STU2331,22,Female,Computer Science,B.Tech,8,7.72,1,80.0,83.0,74.8,81.9,47.9,35.3,54.2,58.7,73.2,66.4,69.0,68.7,64.4,1,27.9,2,0,0,4,264,74.8,1
STU2332,21,Male,Information Technology,B.Tech,8,7.9,0,67.4,63.7,60.3,69.7,85.8,70.4,54.2,57.3,71.1,69.1,95.0,63.7,59.3,2,64.4,2,1,1,1,9,75.3,1
STU2333,24,Male,Electronics,B.Tech,8,6.68,0,71.3,60.8,45.8,61.4,62.6,46.5,41.9,64.0,48.8,69.4,48.5,63.5,58.2,2,59.6,1,1,1,1,71,77.5,1
STU2334,24,Male,Information Technology,B.Tech,8,6.35,2,91.2,57.4,51.0,45.1,70.5,40.3,42.1,42.0,51.6,73.5,78.7,98.0,50.7,2,62.1,2,1,1,0,68,76.2,0
STU2335,22,Female,Computer Science,B.Tech,8,8.97,0,90.3,69.0,69.5,70.0,54.7,44.0,65.5,73.7,65.6,66.4,81.6,69.8,61.8,3,77.8,0,1,3,1,106,84.1,1
STU2336,21,Other,Information Technology,B.Tech,8,7.45,0,85.4,80.8,69.7,64.5,65.1,29.0,67.8,50.2,75.7,86.1,71.9,87.0,60.5,0,20.0,1,1,1,1,24,81.1,1
STU2337,22,Male,Mechanical,B.Tech,8,7.9,0,65.6,55.6,63.3,61.9,71.8,55.7,64.5,83.9,66.3,65.5,55.9,90.5,62.4,2,53.0,1,1,1,0,250,81.2,1
STU2338,20,Female,Information Technology,B.Tech,8,6.3,0,78.6,54.1,46.8,54.2,72.0,41.1,64.7,59.3,59.4,49.5,88.3,70.0,61.4,3,65.8,2,1,1,0,36,75.9,1
STU2339,20,Male,Computer Science,B.Tech,8,5.86,0,70.4,58.3,50.0,50.5,73.6,69.2,61.1,66.7,52.2,98.0,34.3,76.1,70.1,4,86.6,0,1,2,1,138,85.5,1
STU2340,21,Male,Information Technology,B.Tech,8,6.57,1,93.2,64.9,69.3,65.9,56.5,66.5,54.1,68.1,69.0,66.1,55.4,73.1,50.0,3,62.1,1,1,1,0,78,86.8,1
STU2341,21,Female,Computer Science,B.Tech,8,7.06,0,76.5,75.6,74.2,52.1,54.8,85.4,49.2,71.4,75.3,85.8,81.4,54.3,74.5,1,35.9,0,1,3,0,24,60.2,1
STU2342,22,Female,Electrical,B.Tech,8,,0,71.7,47.6,61.6,59.3,38.1,61.6,71.4,68.5,49.7,86.9,59.8,54.9,64.2,2,50.7,1,1,1,0,20,63.6,1
STU2343,22,Female,Electrical,B.Tech,8,7.19,0,82.3,53.8,60.6,51.2,69.8,64.4,46.0,62.0,69.3,81.3,87.4,72.5,69.7,1,40.3,0,1,1,0,245,72.0,1
STU2344,22,Female,Information Technology,B.Tech,8,5.34,0,75.9,25.4,32.7,36.2,78.2,80.2,57.9,72.8,35.9,67.6,43.8,67.3,58.4,1,41.6,2,0,0,1,64,54.1,0
STU2345,21,Male,Information Technology,B.Tech,8,5.97,1,96.1,65.1,50.1,58.1,86.2,43.7,39.1,74.5,58.5,73.4,49.4,92.8,67.1,2,50.9,1,0,0,1,89,54.1,1
STU2346,21,Female,Electrical,B.Tech,8,7.94,0,75.0,77.2,74.6,87.8,66.6,28.2,41.5,57.3,83.8,54.7,57.6,69.4,61.2,4,81.2,2,0,0,0,202,88.2,1
STU2347,21,Male,Information Technology,B.Tech,8,7.86,0,68.7,81.8,80.3,81.0,50.5,58.6,48.2,74.0,87.1,93.9,70.8,93.5,81.6,0,22.3,0,1,1,3,5,61.7,1
STU2348,24,Female,Electrical,B.Tech,8,6.77,0,61.5,53.7,52.8,71.2,36.5,29.4,39.1,84.7,53.7,59.8,61.9,66.8,56.4,1,51.5,0,0,0,2,98,55.5,1
STU2349,20,Male,Electronics,B.Tech,8,6.08,0,81.7,39.6,43.5,49.4,77.6,98.0,64.8,77.9,43.2,67.0,58.1,93.0,62.8,2,32.7,2,0,0,0,17,71.7,1
STU2350,22,Female,Electrical,B.Tech,8,6.07,0,76.7,45.4,52.8,31.4,35.1,81.2,30.4,81.1,56.7,71.2,84.9,77.6,74.8,1,25.3,0,0,0,1,105,46.6,1
STU2351,21,Male,Information Technology,B.Tech,8,6.79,0,68.4,42.6,47.3,37.1,56.9,94.0,53.6,70.4,40.2,68.7,86.2,78.2,73.7,2,56.7,0,0,0,0,15,42.5,0
STU2352,21,Male,Information Technology,B.Tech,8,7.91,0,93.3,59.8,73.2,69.8,58.6,56.1,54.1,54.9,74.9,62.1,59.2,66.4,61.8,1,37.7,1,1,1,2,139,72.4,1
STU2353,22,Female,Civil,B.Tech,8,8.22,1,88.3,99.0,81.4,78.3,61.0,64.9,23.0,56.7,89.1,86.7,41.1,78.3,75.3,1,37.6,2,1,1,2,89,82.4,1
STU2354,21,Male,Information Technology,B.Tech,8,6.65,0,81.7,52.5,47.7,34.6,62.5,46.7,44.9,72.5,57.7,81.4,34.8,90.6,71.6,2,56.7,2,0,0,0,47,72.6,1
STU2355,22,Male,Electronics,B.Tech,8,5.93,2,95.0,39.5,50.4,66.6,64.1,70.9,56.1,81.2,44.9,73.9,68.4,70.4,78.0,4,82.1,0,1,1,1,59,74.6,1
STU2356,23,Male,Computer Science,B.Tech,8,7.49,2,88.3,69.6,67.0,83.4,25.8,33.1,58.9,98.0,70.0,65.2,74.2,68.3,72.7,3,59.4,1,1,1,2,18,97.7,1
STU2357,21,Male,Electronics,B.Tech,8,6.29,0,74.2,42.6,59.1,57.4,62.2,10.0,48.7,81.7,50.7,82.8,65.9,69.3,79.5,3,71.3,2,0,0,0,267,57.8,1
STU2358,21,Male,Information Technology,B.Tech,8,6.63,0,72.1,77.6,76.2,70.8,28.6,40.8,62.8,51.6,74.2,64.4,64.0,89.8,59.2,1,35.2,1,1,2,0,10,71.8,0
STU2359,21,Male,Computer Science,B.Tech,8,8.66,0,89.8,91.5,91.2,96.0,73.0,28.8,50.3,57.3,90.0,88.8,53.7,81.4,82.0,4,75.5,0,1,1,0,84,87.7,1
STU2360,23,Female,Computer Science,B.Tech,8,8.11,0,85.8,70.3,74.5,65.3,53.7,81.6,52.2,98.0,79.3,71.3,74.2,87.9,86.1,2,56.9,2,1,2,0,26,96.2,1
STU2361,21,Male,Electronics,B.Tech,8,7.37,0,83.6,55.8,41.9,62.7,29.6,87.7,56.0,65.0,37.3,84.8,88.5,75.4,58.2,4,86.5,2,1,3,0,450,80.7,1
STU2362,22,Female,Electrical,B.Tech,8,5.8,0,74.0,53.2,57.0,50.5,49.8,29.7,66.8,68.7,48.9,68.6,34.0,72.4,62.0,2,52.1,0,1,1,0,85,71.6,0
STU2363,22,Female,Information Technology,B.Tech,8,7.43,0,87.8,58.1,49.2,75.5,53.4,78.3,41.2,54.6,50.0,70.9,63.9,76.7,65.2,1,52.2,2,1,1,0,13,75.8,0
STU2364,22,Male,Computer Science,B.Tech,8,8.37,0,74.8,61.4,59.8,52.3,79.9,72.1,44.2,89.9,55.2,84.7,51.4,83.8,82.5,1,48.3,1,1,2,0,86,89.7,1
STU2365,20,Female,Electronics,B.Tech,8,6.79,0,81.0,73.0,63.8,80.8,64.9,26.7,41.3,75.0,75.9,96.3,44.1,69.3,86.4,2,60.0,2,1,2,1,450,73.5,1
STU2366,22,Male,Computer Science,B.Tech,8,8.69,0,95.7,85.6,86.2,86.9,67.2,48.0,46.7,57.2,92.2,88.7,49.2,87.1,83.6,0,45.7,0,1,1,4,56,73.1,1
STU2367,23,Female,Information Technology,B.Tech,8,8.62,0,75.7,77.5,74.1,73.6,79.7,44.6,74.8,54.1,78.8,80.5,70.3,76.0,68.6,4,78.5,1,0,0,3,81,71.8,1
STU2368,21,Male,Computer Science,B.Tech,8,9.03,0,67.1,69.6,74.1,71.0,60.6,68.5,61.2,72.3,68.7,77.1,70.7,45.5,88.0,1,30.4,1,0,0,0,27,66.6,1
STU2369,21,Male,Computer Science,B.Tech,8,7.54,0,72.0,59.6,48.0,63.1,73.3,32.9,33.9,68.6,60.5,63.9,85.4,81.7,61.4,2,58.6,1,1,1,2,9,76.2,1
STU2370,24,Female,Computer Science,B.Tech,8,7.85,0,91.4,69.3,70.5,81.5,72.3,53.2,42.4,79.6,62.0,73.5,65.1,58.0,56.1,1,32.5,1,1,2,3,20,72.3,1
STU2371,21,Female,Information Technology,B.Tech,8,8.76,0,84.4,72.6,69.6,76.0,42.7,42.7,58.0,75.7,81.8,59.0,40.4,81.5,65.5,0,20.1,2,1,1,3,48,62.1,1
STU2372,22,Female,Computer Science,B.Tech,8,7.69,0,80.8,69.8,49.2,58.5,84.1,63.5,37.5,64.3,56.1,74.5,61.7,81.9,61.0,3,55.1,1,1,2,2,160,88.1,1
STU2373,21,Male,Information Technology,B.Tech,8,6.65,0,77.2,60.7,56.3,68.1,40.7,51.1,40.4,60.4,57.2,75.3,45.6,75.6,69.9,2,56.1,2,0,0,2,202,55.9,1
STU2374,21,Female,Information Technology,B.Tech,8,6.71,0,86.6,57.8,59.9,80.4,75.8,45.4,73.5,65.8,56.7,46.5,48.1,78.0,53.6,3,50.3,0,1,1,0,180,67.9,1
STU2375,22,Male,Information Technology,B.Tech,8,7.46,1,73.9,67.3,80.2,88.2,39.2,51.2,42.2,60.3,68.4,70.5,73.1,84.1,76.9,0,20.0,2,1,1,0,8,60.4,1
STU2376,21,Male,Information Technology,B.Tech,8,5.78,2,84.9,42.3,42.5,51.5,71.0,91.6,67.3,66.2,52.0,75.0,67.7,66.5,66.0,4,79.8,1,0,0,0,196,58.7,0
STU2377,21,Male,Electrical,B.Tech,8,7.04,0,75.1,46.0,46.9,66.5,89.9,47.5,72.1,68.2,50.4,69.0,73.2,80.7,56.1,2,45.6,0,0,0,0,84,62.2,0
STU2378,21,Female,Computer Science,B.Tech,8,8.41,0,73.5,80.3,74.6,86.2,58.8,36.3,40.3,55.4,83.5,74.3,60.0,84.8,67.9,4,62.4,0,0,0,4,84,77.2,1
STU2379,21,Male,Information Technology,B.Tech,8,4.79,0,75.9,43.6,56.4,56.6,58.2,65.5,37.8,76.8,43.9,53.9,76.1,91.4,56.9,1,20.0,0,1,2,0,66,64.5,0
STU2380,21,Male,Computer Science,B.Tech,8,8.89,2,78.4,94.6,86.6,87.2,71.2,52.4,47.6,62.8,91.5,60.7,59.2,59.8,70.2,3,57.5,1,0,0,3,1,66.3,1
STU2381,21,Female,Computer Science,B.Tech,8,8.43,0,81.5,71.0,70.7,67.2,57.1,29.5,34.6,56.2,73.5,82.4,80.6,76.5,66.3,2,55.4,1,1,1,2,7,84.4,1
STU2382,23,Male,Information Technology,B.Tech,8,6.69,3,84.2,70.4,73.1,75.2,89.3,95.2,53.9,63.1,73.1,70.0,69.8,61.4,69.3,2,52.9,4,0,0,0,72,67.8,0
STU2383,21,Male,Information Technology,B.Tech,8,7.8,0,55.0,77.4,74.0,67.1,64.9,48.7,48.7,71.4,69.9,74.1,62.1,61.0,71.6,0,20.0,3,0,0,0,11,70.8,1
STU2384,22,Male,Mechanical,B.Tech,8,7.2,0,74.3,78.0,64.5,64.3,57.2,48.2,57.8,69.2,76.6,63.4,68.0,75.9,64.6,2,41.2,2,0,0,0,76,70.2,1
STU2385,21,Female,Information Technology,B.Tech,8,8.55,2,78.3,66.0,71.6,67.3,53.9,57.9,74.4,73.9,69.4,70.2,64.7,72.9,84.0,0,23.4,1,1,3,1,26,67.9,1
STU2386,22,Male,Civil,B.Tech,8,8.28,0,96.3,71.6,66.2,93.4,48.0,86.1,65.1,80.6,64.1,42.4,87.3,84.6,58.8,2,32.0,2,1,1,2,228,94.4,1
STU2387,20,Male,Computer Science,B.Tech,8,5.66,0,71.7,57.2,58.4,59.5,52.6,24.8,59.8,86.3,48.5,80.2,68.4,68.2,63.9,2,26.0,1,0,0,4,287,60.7,1
STU2388,23,Female,Computer Science,B.Tech,8,7.85,0,83.5,81.9,78.8,85.5,56.7,60.0,20.5,72.0,83.4,91.7,65.0,70.5,88.0,3,62.6,1,1,2,0,445,74.3,1
STU2389,21,Female,Computer Science,B.Tech,8,6.97,0,96.2,63.5,66.5,58.3,54.7,92.6,59.1,53.0,77.3,57.2,61.7,74.3,64.8,5,89.5,1,0,0,0,344,63.5,1
STU2390,21,Male,Computer Science,B.Tech,8,7.29,0,69.5,69.0,54.0,49.5,52.1,57.3,79.6,64.2,56.4,58.7,76.8,62.5,47.1,1,45.1,0,0,0,0,332,43.4,0
STU2391,20,Female,Information Technology,B.Tech,8,6.4,0,85.7,54.1,57.7,61.9,93.5,32.8,10.0,53.9,56.8,75.3,74.9,64.0,59.4,2,51.6,0,1,1,0,118,83.8,1
STU2392,21,Female,Electronics,B.Tech,8,9.12,1,74.4,57.5,64.6,74.5,46.5,43.9,63.0,91.8,66.6,87.7,61.2,84.3,84.6,2,66.5,1,1,2,2,310,77.4,1
STU2393,21,Female,Computer Science,B.Tech,8,8.34,0,77.2,62.2,57.0,65.2,64.2,58.7,49.5,95.8,53.3,70.0,48.8,66.0,77.0,3,59.5,0,1,1,0,117,98.0,1
STU2394,21,Male,Civil,B.Tech,8,6.39,2,74.4,62.5,59.8,67.6,70.9,79.0,38.4,77.1,58.8,55.2,52.4,85.0,63.1,4,84.9,2,0,0,1,219,65.0,1
STU2395,22,Female,Electrical,B.Tech,8,5.73,0,75.0,56.9,44.7,57.7,71.5,48.9,64.8,80.0,46.5,67.5,62.4,78.7,64.5,5,92.5,3,1,2,0,21,85.5,1
STU2396,21,Female,Computer Science,B.Tech,8,6.78,0,98.0,69.7,66.8,60.7,61.1,69.9,79.4,71.5,73.2,57.6,83.9,55.0,58.9,4,93.8,0,0,0,0,151,74.2,1
STU2397,21,Male,Computer Science,B.Tech,8,7.68,0,90.0,64.1,59.5,79.9,58.4,29.2,64.4,73.1,68.4,62.0,61.5,77.8,50.2,4,78.0,1,0,0,1,353,82.1,1
STU2398,22,Male,Computer Science,B.Tech,8,7.46,0,92.5,75.8,65.0,65.9,68.8,29.0,46.1,45.6,71.2,66.4,56.7,77.7,72.0,5,98.0,2,1,1,1,116,98.0,1
STU2399,22,Male,Computer Science,B.Tech,8,8.58,0,86.7,62.1,69.9,80.7,66.0,46.3,36.9,67.0,61.8,58.8,40.3,76.7,58.8,2,39.2,1,0,0,0,20,73.7,1
STU2400,21,Male,Computer Science,B.Tech,8,8.07,4,66.7,78.7,79.4,79.7,58.1,80.9,54.3,55.7,76.8,60.7,86.2,70.4,65.9,4,75.8,3,0,0,1,99,77.9,1
STU2401,21,Female,Information Technology,B.Tech,8,8.27,0,85.8,89.1,72.6,66.9,38.6,56.2,66.0,71.9,77.7,70.9,73.0,61.7,70.8,3,64.2,3,1,1,0,140,98.0,1
STU2402,20,Male,Computer Science,B.Tech,8,7.56,0,92.2,81.3,85.7,71.0,55.0,60.2,45.8,67.2,78.6,72.6,76.1,86.8,80.3,1,47.6,0,1,2,1,115,72.2,1
STU2403,22,Male,Information Technology,B.Tech,8,5.67,0,73.9,64.9,64.5,53.0,44.8,60.0,47.4,95.3,64.2,52.9,78.5,70.9,69.8,0,20.0,0,0,0,3,45,39.8,0
STU2404,22,Female,Civil,B.Tech,8,6.98,0,91.2,59.3,52.0,73.6,52.0,75.0,95.0,80.8,58.5,74.8,62.7,62.3,70.7,1,31.7,4,1,1,1,19,84.7,1
STU2405,21,Male,Electronics,B.Tech,8,8.37,1,88.7,64.2,73.9,76.1,62.5,44.0,69.3,72.0,71.5,65.4,66.2,77.0,54.1,3,61.3,4,1,1,0,298,98.0,1
STU2406,22,Female,Civil,B.Tech,8,7.14,0,98.0,50.4,43.8,33.7,67.4,67.4,70.4,64.3,47.1,78.6,85.8,63.8,58.9,2,29.2,1,0,0,1,143,65.7,0
STU2407,22,Male,Computer Science,B.Tech,8,7.75,0,78.0,54.9,62.7,67.6,88.7,40.0,28.6,91.5,59.1,79.4,67.5,61.6,82.5,1,30.4,0,1,2,2,25,53.7,1
STU2408,21,Male,Information Technology,B.Tech,8,6.85,0,71.6,51.9,54.4,55.4,53.9,90.7,40.7,67.6,52.7,63.5,73.2,67.9,65.9,3,49.6,2,1,1,0,190,92.5,1
STU2409,22,Male,Information Technology,B.Tech,8,6.07,0,78.6,52.9,58.5,51.1,73.6,40.6,53.2,72.6,49.2,77.4,77.2,64.7,64.6,1,20.0,1,1,2,1,33,74.8,1
STU2410,21,Male,Computer Science,B.Tech,8,7.06,0,95.6,52.4,46.7,71.5,66.6,39.1,36.0,68.6,50.4,60.0,74.0,62.0,49.1,3,62.4,3,1,1,0,43,87.2,1
STU2411,20,Male,Computer Science,B.Tech,8,7.54,0,64.6,70.3,75.4,74.3,81.4,64.9,77.6,62.3,69.9,85.9,63.2,80.9,76.4,3,62.0,2,1,1,2,227,89.1,1
STU2412,21,Female,Electronics,B.Tech,8,6.48,0,62.4,56.7,45.0,55.7,70.6,56.4,74.6,68.5,44.1,60.4,64.5,70.7,40.8,5,92.6,2,0,0,0,310,79.8,0
STU2413,20,Female,Electronics,B.Tech,8,6.94,0,82.8,54.0,47.8,57.4,46.9,60.9,43.5,40.5,52.8,74.2,75.9,85.8,49.3,1,37.5,1,1,1,3,40,55.9,1
STU2414,21,Male,Information Technology,B.Tech,8,6.17,0,77.8,60.9,55.0,45.3,36.2,59.1,80.5,46.3,54.9,67.7,75.9,62.6,68.0,4,71.2,2,0,0,1,1,69.5,1
STU2415,23,Female,Information Technology,B.Tech,8,8.43,3,82.1,67.3,77.7,61.1,66.7,35.4,51.9,72.9,73.6,57.8,81.4,53.0,77.0,2,67.9,1,1,2,0,20,79.8,1
STU2416,20,Female,Information Technology,B.Tech,8,6.88,2,91.0,50.3,50.6,68.3,54.1,84.0,93.4,90.0,54.7,80.8,72.7,73.6,77.4,2,49.7,0,0,0,0,230,56.3,0
STU2417,20,Female,Computer Science,B.Tech,8,8.8,0,76.8,62.5,64.1,60.4,47.3,71.1,54.3,72.9,58.5,62.6,73.4,92.4,68.0,2,62.9,1,1,1,0,220,80.0,1
STU2418,21,Male,Computer Science,B.Tech,8,8.88,0,64.2,85.3,79.0,76.7,43.0,79.5,61.2,57.9,82.6,49.6,58.8,77.8,49.2,2,33.2,1,1,1,0,58,89.8,1
STU2419,23,Male,Computer Science,B.Tech,8,7.11,0,98.0,58.6,60.3,43.2,64.4,45.5,74.4,47.8,50.4,35.4,56.9,98.0,42.1,5,86.7,2,0,0,0,54,75.0,0
STU2420,21,Male,Computer Science,B.Tech,8,6.09,0,72.5,45.5,43.5,40.1,84.6,62.5,72.4,79.0,52.2,59.5,75.9,75.7,58.8,2,56.9,3,0,0,0,35,73.6,1
STU2421,21,Female,Civil,B.Tech,8,4.91,1,71.9,35.9,35.4,52.9,55.9,58.6,60.2,60.1,28.9,86.5,57.0,74.6,58.9,4,77.7,1,0,0,0,300,68.6,0
STU2422,20,Female,Information Technology,B.Tech,8,5.58,0,92.5,51.4,35.2,58.7,70.9,75.3,49.7,77.0,40.7,85.1,64.7,48.3,65.6,1,24.3,1,0,0,0,31,62.2,0
STU2423,20,Male,Electronics,B.Tech,8,5.69,1,78.3,51.6,46.4,67.2,60.5,75.9,60.2,73.5,55.7,61.4,84.3,76.7,68.3,2,31.6,1,1,1,0,69,85.6,0
STU2424,24,Male,Computer Science,B.Tech,8,8.72,3,81.4,79.8,88.3,95.8,42.7,58.5,38.9,74.7,82.9,65.5,82.1,73.9,71.8,2,57.3,1,1,2,1,126,97.8,1
STU2425,23,Female,Information Technology,B.Tech,8,7.33,0,86.6,56.9,57.0,68.1,73.0,27.7,54.4,68.5,51.0,64.4,69.2,67.5,61.4,2,56.5,2,1,1,0,23,72.8,1
STU2426,20,Female,Computer Science,B.Tech,8,7.63,0,92.3,57.4,65.4,69.3,45.6,87.0,34.3,73.4,65.0,54.0,60.9,70.5,67.7,5,97.4,1,1,1,0,44,97.3,1
STU2427,23,Other,Computer Science,B.Tech,8,4.76,0,78.8,45.5,28.1,37.2,62.3,65.0,23.5,66.3,40.3,58.6,63.3,71.3,43.2,3,60.0,3,0,0,0,51,60.3,0
STU2428,22,Female,Computer Science,B.Tech,8,5.88,0,96.4,61.1,51.2,71.9,56.9,44.0,52.8,59.1,53.0,81.8,77.1,70.0,60.8,2,38.9,2,0,0,1,102,87.8,1
STU2429,22,Male,Electrical,B.Tech,8,8.18,0,61.7,68.8,77.1,86.3,75.4,62.3,72.2,54.5,70.3,76.0,64.5,95.0,65.5,3,64.5,0,1,1,0,194,87.6,1
STU2430,21,Female,Electronics,B.Tech,8,7.52,0,89.2,79.1,68.5,79.5,46.1,27.8,66.8,34.6,71.6,73.3,57.2,67.9,60.6,2,36.8,0,0,0,0,76,71.4,1
STU2431,21,Female,Information Technology,B.Tech,8,7.04,2,74.0,62.3,68.6,74.0,67.9,74.0,50.7,65.5,64.4,54.0,82.0,73.9,59.8,0,20.0,1,1,3,0,9,70.6,1
STU2432,21,Male,Information Technology,B.Tech,8,7.82,0,95.0,70.6,57.2,76.7,49.4,28.5,80.0,89.3,54.4,71.2,67.5,67.6,70.5,2,62.6,1,1,1,0,57,59.2,1
STU2433,22,Female,Mechanical,B.Tech,8,9.0,0,83.3,77.2,78.6,83.3,54.3,51.0,42.9,78.2,77.0,42.4,56.9,80.6,60.0,2,31.5,1,1,1,0,13,78.7,1
STU2434,20,Female,Computer Science,B.Tech,8,6.96,0,75.6,70.2,64.2,80.0,15.0,59.4,21.3,71.2,76.1,80.1,71.7,73.9,66.2,5,98.0,0,1,1,0,14,82.4,1
STU2435,20,Male,Computer Science,B.Tech,8,7.28,0,88.3,60.1,68.8,55.9,93.4,73.7,17.1,57.7,60.0,73.1,78.6,68.9,70.8,0,34.9,4,1,2,2,53,77.0,1
STU2436,21,Female,Computer Science,B.Tech,8,7.41,0,90.5,74.6,79.4,77.2,70.3,56.9,33.1,82.0,74.1,53.9,50.9,50.8,68.0,2,58.2,0,1,1,2,300,77.5,1
STU2437,22,Female,Electrical,B.Tech,8,9.83,1,88.1,83.0,85.7,81.9,50.5,66.4,65.1,66.3,78.4,89.4,62.2,74.7,85.1,1,39.0,2,1,1,4,142,91.3,1
STU2438,21,Female,Civil,B.Tech,8,4.89,0,72.2,36.6,24.7,48.6,45.1,54.5,41.8,90.0,33.7,48.4,61.5,68.6,47.1,1,30.4,0,1,1,1,116,38.5,0
STU2439,22,Male,Computer Science,B.Tech,8,7.95,0,77.4,65.1,57.0,75.0,54.6,54.4,59.4,54.3,67.1,76.4,71.3,71.3,60.0,2,43.5,1,0,0,1,125,63.9,1
STU2440,23,Male,Mechanical,B.Tech,8,7.07,0,82.0,62.7,59.7,65.5,72.8,56.5,78.3,57.5,67.1,76.7,73.8,59.0,64.5,1,20.0,1,1,1,3,177,68.4,1
STU2441,20,Female,Electrical,B.Tech,8,7.82,0,81.6,65.6,67.8,84.5,33.6,51.6,34.4,56.1,60.5,55.1,57.3,87.8,58.4,3,65.4,1,1,1,0,159,96.3,1
STU2442,22,Male,Computer Science,B.Tech,8,6.48,1,89.1,51.0,62.0,63.6,59.9,24.6,59.7,47.3,59.0,69.5,44.1,81.4,65.1,2,46.0,1,1,1,1,95,79.7,0
STU2443,21,Female,Information Technology,B.Tech,8,7.15,0,62.9,60.8,61.7,64.7,88.6,41.2,60.6,54.9,68.4,50.4,79.4,87.7,52.6,1,28.0,2,0,0,0,35,60.1,1
STU2444,22,Female,Information Technology,B.Tech,8,7.98,1,85.2,67.6,56.6,95.7,45.0,59.4,38.2,69.4,64.6,35.8,49.3,84.6,56.6,2,49.8,1,1,1,1,10,82.7,1
STU2445,21,Male,Civil,B.Tech,8,9.9,0,79.2,69.4,69.1,77.7,63.2,50.5,73.7,58.0,71.6,,68.8,78.5,63.3,0,20.6,2,1,1,0,37,69.1,1
STU2446,22,Male,Computer Science,B.Tech,8,8.09,0,74.0,68.7,62.1,78.9,95.0,52.2,47.4,30.0,63.0,62.6,63.2,59.4,52.0,4,73.6,2,0,0,2,342,85.7,1
STU2447,22,Male,Electrical,B.Tech,8,6.27,0,74.9,47.2,46.0,60.2,71.5,49.2,45.9,83.0,47.7,77.7,67.3,92.3,64.1,0,36.1,3,1,1,4,52,68.9,1
STU2448,23,Male,Computer Science,B.Tech,8,6.73,0,80.0,73.9,51.4,67.4,63.9,39.5,85.8,44.4,68.8,70.8,88.1,61.8,61.6,0,27.3,2,1,1,0,12,63.5,1
STU2449,22,Female,Electronics,B.Tech,8,6.7,0,55.0,53.7,44.6,56.4,69.6,46.1,60.4,76.2,50.8,71.1,95.0,69.0,59.1,2,59.0,0,0,0,2,101,67.3,0
STU2450,21,Female,Information Technology,B.Tech,8,5.22,1,75.3,33.0,23.5,50.4,56.0,49.5,66.8,68.4,22.0,57.8,42.1,79.8,50.6,5,94.0,4,0,0,0,94,84.1,0
STU2451,22,Female,Information Technology,B.Tech,8,6.84,0,73.7,59.3,55.2,57.6,81.5,55.1,73.7,97.6,55.0,63.6,78.8,80.3,71.0,4,85.1,3,1,2,0,354,89.0,1
STU2452,22,Female,Electrical,B.Tech,8,8.01,0,87.1,62.3,65.3,56.8,56.0,62.1,41.6,82.0,69.8,58.8,62.8,78.3,66.5,1,26.0,2,1,2,1,14,75.2,1
STU2453,21,Male,Electrical,B.Tech,8,5.8,0,74.3,46.8,46.3,52.1,32.6,51.8,72.0,60.9,48.2,55.3,79.7,67.6,51.9,1,41.7,1,1,1,0,97,70.1,1
STU2454,20,Female,Mechanical,B.Tech,8,8.35,0,80.0,68.2,66.5,66.7,56.1,36.5,44.0,58.2,67.9,62.9,78.4,65.3,57.6,2,48.0,1,0,0,0,110,69.7,1
STU2455,23,Female,Computer Science,B.Tech,8,7.74,0,96.7,73.1,56.7,78.4,47.5,29.8,43.3,89.0,62.1,70.9,84.7,98.0,62.4,3,54.8,2,1,2,0,450,89.2,1
STU2456,22,Female,Electronics,B.Tech,8,6.39,0,91.4,43.5,54.5,61.5,57.8,98.0,47.6,47.3,54.9,63.1,69.0,71.6,64.2,2,49.8,3,1,1,1,80,72.9,0
STU2457,22,Female,Computer Science,B.Tech,8,7.04,0,90.6,54.2,70.8,74.1,58.1,34.7,42.0,70.7,70.8,66.1,52.5,70.2,65.9,2,47.1,2,0,0,0,197,57.7,1
STU2458,21,Male,Information Technology,B.Tech,8,8.96,0,77.3,52.7,63.4,72.7,80.0,45.7,65.2,66.2,64.4,78.3,78.0,64.2,69.4,1,58.2,2,1,2,3,2,77.9,1
STU2459,22,Female,Information Technology,B.Tech,8,8.01,0,87.2,69.7,66.2,82.9,72.4,64.3,56.3,63.2,75.2,64.0,66.7,74.7,63.6,1,39.4,0,1,1,1,10,70.5,1
STU2460,21,Male,Information Technology,B.Tech,8,7.21,0,79.8,67.8,48.6,58.2,65.9,61.5,44.1,72.9,56.4,54.0,61.7,74.2,64.6,2,65.8,1,0,0,0,41,62.5,1
STU2461,22,Male,Information Technology,B.Tech,8,6.94,0,80.1,68.8,63.5,81.3,62.0,64.4,62.8,70.7,63.6,76.8,58.3,71.8,82.6,1,46.3,2,0,0,0,75,59.5,1
STU2462,20,Male,Civil,B.Tech,8,7.28,0,85.9,51.3,55.5,73.1,46.1,47.0,47.6,74.4,52.6,73.2,79.1,76.2,69.2,1,35.4,0,0,0,3,47,53.2,0
STU2463,22,Female,Computer Science,B.Tech,8,6.64,3,76.3,47.2,47.5,39.5,29.3,59.3,46.8,69.9,47.5,73.9,87.4,91.4,63.8,1,30.6,2,1,2,1,18,89.6,0
STU2464,24,Female,Electronics,B.Tech,8,4.88,0,96.2,52.8,46.3,63.8,63.7,56.1,52.8,73.8,56.7,77.5,48.3,65.5,60.3,2,32.6,2,0,0,1,85,64.3,0
STU2465,20,Female,Information Technology,B.Tech,8,9.45,0,80.5,82.6,86.7,81.7,73.9,49.4,59.4,69.3,90.5,75.5,73.7,72.5,68.3,0,20.0,1,1,1,1,50,86.3,1
STU2466,24,Female,Computer Science,B.Tech,8,7.37,0,87.9,58.7,57.5,50.8,60.4,59.4,58.2,58.8,60.8,70.3,59.8,64.9,52.4,2,56.6,0,1,1,0,71,78.2,1
STU2467,21,Female,Computer Science,B.Tech,8,7.64,0,95.8,46.2,54.2,58.1,54.0,74.0,46.2,68.1,43.0,98.0,44.5,75.2,71.1,4,77.0,2,1,1,1,13,94.1,1
STU2468,22,Female,Civil,B.Tech,8,7.14,1,91.8,81.3,66.4,81.7,69.0,54.6,65.6,58.0,65.4,54.6,67.1,65.7,46.6,0,23.8,0,0,0,2,157,51.8,1
STU2469,22,Male,Mechanical,B.Tech,8,6.39,0,68.6,78.5,64.8,75.9,60.8,54.7,48.4,57.1,72.9,63.0,53.3,66.2,68.2,2,29.7,1,0,0,0,86,61.4,1
STU2470,21,Male,Mechanical,B.Tech,8,7.0,3,86.2,42.7,31.7,34.9,87.3,74.2,41.5,63.3,41.6,81.6,42.9,55.9,63.7,3,69.5,2,0,0,3,35,77.5,0
STU2471,22,Male,Civil,B.Tech,8,5.44,2,90.1,30.1,40.7,49.1,80.5,72.3,28.5,66.3,35.0,71.7,54.1,73.1,59.3,2,61.0,2,0,0,0,112,52.0,0
STU2472,22,Female,Computer Science,B.Tech,8,9.7,0,90.5,92.4,96.1,93.3,76.4,83.5,67.7,68.5,100.0,79.1,50.6,76.7,87.7,1,20.0,3,1,1,0,30,96.6,1
STU2473,21,Female,Information Technology,B.Tech,8,5.84,0,71.4,49.5,55.6,36.9,73.4,23.4,52.2,80.8,47.1,72.0,55.9,92.5,63.3,0,23.7,1,1,1,0,42,63.7,1
STU2474,21,Male,Electronics,B.Tech,8,6.06,0,75.8,45.1,36.4,43.2,42.6,71.3,55.4,61.0,34.7,86.5,46.4,77.2,58.9,2,63.4,1,0,0,1,40,43.8,0
STU2475,22,Male,Information Technology,B.Tech,8,6.72,0,91.4,62.5,56.2,51.9,71.9,65.8,68.7,70.8,56.0,57.9,59.5,67.1,49.7,2,66.8,2,1,1,0,204,80.6,1
STU2476,22,Female,Information Technology,B.Tech,8,8.62,0,74.8,67.8,72.7,71.5,67.6,39.1,44.4,69.7,66.7,86.1,55.0,57.0,81.8,1,30.0,1,1,1,0,399,68.0,1
STU2477,22,Male,Information Technology,B.Tech,8,7.22,0,79.2,43.5,51.0,59.9,71.1,59.5,30.0,59.5,49.9,84.1,70.3,58.6,61.9,3,72.8,1,0,0,4,20,63.6,1
STU2478,22,Female,Information Technology,B.Tech,8,5.84,0,97.0,58.3,61.9,49.3,69.4,73.9,53.1,69.0,58.0,55.5,73.3,57.7,61.6,3,79.3,1,0,0,0,3,61.1,1
STU2479,21,Female,Information Technology,B.Tech,8,8.58,0,81.5,52.8,60.3,64.0,68.8,40.1,56.9,82.0,48.8,77.6,68.6,92.7,79.7,1,39.0,1,1,2,0,19,66.3,1
STU2480,22,Male,Computer Science,B.Tech,8,8.0,0,75.1,68.9,77.1,63.6,98.0,63.0,47.8,70.6,77.5,69.5,61.7,75.2,80.3,3,77.9,1,0,0,0,102,70.6,1
STU2481,20,Male,Information Technology,B.Tech,8,7.79,2,73.7,70.0,63.7,81.3,60.9,70.7,75.6,71.2,58.1,62.7,61.3,65.6,65.4,1,34.6,1,1,1,0,15,75.7,1
STU2482,21,Female,Information Technology,B.Tech,8,7.99,0,85.2,63.4,44.6,54.3,76.0,35.7,12.2,58.1,48.6,47.3,53.3,61.4,52.0,3,68.9,1,1,1,0,190,92.0,1
STU2483,20,Female,Information Technology,B.Tech,8,9.83,1,69.3,88.9,74.1,70.8,54.9,52.4,69.9,95.6,73.4,57.9,53.6,62.6,68.6,1,28.8,4,1,1,0,41,91.7,1
STU2484,21,Female,Computer Science,B.Tech,8,9.6,0,79.7,82.7,74.2,99.0,73.9,60.4,64.7,58.9,79.5,78.5,74.9,65.3,81.4,3,63.4,1,1,2,0,107,94.6,1
STU2485,21,Female,Electronics,B.Tech,8,6.44,0,85.2,47.5,65.6,57.3,76.1,40.7,59.3,44.7,57.5,79.8,40.4,86.5,64.0,1,39.3,1,1,3,2,47,69.0,1
STU2486,21,Male,Computer Science,B.Tech,8,8.99,0,94.3,70.0,78.0,71.9,67.5,39.2,10.0,80.0,83.6,67.5,63.9,71.7,74.9,2,43.0,1,1,1,0,224,81.6,1
STU2487,22,Male,Information Technology,B.Tech,8,7.62,0,88.3,65.3,69.4,59.6,87.0,52.6,72.5,66.4,71.9,79.8,60.5,56.1,70.2,1,32.8,1,0,0,1,3,46.1,1
STU2488,21,Female,Electrical,B.Tech,8,7.75,0,75.2,75.8,70.9,86.1,48.7,69.4,35.6,63.8,80.6,81.3,73.4,97.4,80.1,3,72.6,3,1,1,0,149,92.1,1
STU2489,21,Female,Information Technology,B.Tech,8,5.34,0,93.2,52.0,45.0,57.1,54.7,66.6,43.9,60.4,49.9,71.9,45.0,59.5,61.6,0,40.5,2,0,0,0,63,55.3,0
STU2490,21,Male,Computer Science,B.Tech,8,7.01,1,79.2,61.3,50.7,55.4,65.2,39.5,49.3,94.2,51.1,61.3,65.2,65.5,72.6,1,20.0,2,1,2,0,82,68.6,1
STU2491,21,Female,Electronics,B.Tech,8,6.31,0,70.3,51.5,49.2,41.1,75.2,66.7,58.5,73.0,51.0,75.3,69.8,86.4,68.9,1,54.8,3,1,1,0,42,75.5,1
STU2492,21,Female,Information Technology,B.Tech,8,8.11,0,80.4,70.1,73.1,83.9,64.7,40.0,62.2,75.7,74.6,75.8,38.3,76.6,73.6,0,20.0,3,0,0,1,1,63.9,1
STU2493,20,Male,Electrical,B.Tech,8,8.38,1,95.7,57.9,66.5,67.4,81.3,26.0,66.3,70.3,65.7,78.1,50.0,66.8,77.9,3,74.6,0,1,1,0,133,92.3,1
STU2494,22,Male,Electronics,B.Tech,8,4.92,0,83.6,49.5,53.9,48.7,52.1,48.4,65.1,71.8,49.3,80.4,63.7,58.5,71.9,5,98.0,1,0,0,4,265,68.9,1
STU2495,22,Female,Electronics,B.Tech,8,7.18,0,82.1,49.2,49.9,70.3,44.9,75.2,56.0,87.6,52.0,53.7,72.2,61.4,57.0,3,80.6,1,1,1,1,10,85.0,1
STU2496,22,Male,Information Technology,B.Tech,8,8.43,0,97.6,63.5,53.5,57.1,66.6,66.8,58.7,64.5,53.8,63.9,67.6,62.0,55.0,4,72.7,1,0,0,0,77,77.7,1
STU2497,21,Male,Computer Science,B.Tech,8,6.99,2,68.4,56.6,68.2,69.8,60.8,55.0,34.5,47.6,57.2,47.2,72.8,72.1,54.5,0,20.0,2,1,1,0,11,67.0,0
STU2498,21,Male,Computer Science,B.Tech,8,8.0,0,69.8,61.5,52.6,71.6,70.1,47.5,40.0,80.2,51.5,79.0,49.9,74.1,76.9,1,34.5,1,1,3,0,74,66.9,1
STU2499,22,Female,Information Technology,B.Tech,8,7.59,0,66.6,50.6,56.9,65.6,61.6,48.0,66.3,75.0,53.9,67.5,42.8,70.4,76.4,2,46.4,2,0,0,0,148,66.1,1
STU1000,21,Male,Electronics,B.Tech,8,7.58,0,89.9,56.8,49.4,78.1,66.2,48.9,53.7,79.7,53.6,55.9,71.0,72.9,60.9,4,69.9,1,1,2,1,150,79.4,1
STU1001,23,Male,Electrical,B.Tech,8,9.9,2,76.0,85.6,75.7,82.7,67.6,53.7,34.9,78.1,83.0,64.9,44.3,58.5,65.8,1,31.4,2,1,1,0,151,96.7,1
STU1002,22,Male,Computer Science,B.Tech,8,5.18,0,84.8,56.1,43.4,61.8,66.1,55.5,46.4,60.8,47.9,80.8,84.6,62.5,65.3,1,31.0,1,0,0,0,13,52.4,1
STU1003,21,Male,Electronics,B.Tech,8,7.16,2,78.5,66.7,63.2,70.2,61.2,49.5,48.6,80.7,65.1,57.7,48.3,82.3,73.9,4,69.9,1,0,0,1,68,69.3,1
STU1004,21,Male,Information Technology,B.Tech,8,7.9,0,80.3,64.3,58.3,60.0,84.7,51.3,30.4,51.7,60.6,63.9,75.8,74.1,57.6,2,59.2,1,1,1,0,42,68.3,1
